unsigned char resources_bishops_bin[] = {
  0x80, 0x14, 0x00, 0x00, 0x00, 0x00, 0x00, 0x00, 0x00, 0x02, 0x04, 0x08,
  0x10, 0x20, 0x40, 0x80, 0x00, 0x02, 0x04, 0x08, 0x10, 0x00, 0x00, 0x00,
  0x00, 0x02, 0x00, 0x00, 0x00, 0x00, 0x00, 0x00, 0x00, 0x02, 0x00, 0x00,
  0x00, 0x00, 0x00, 0x00, 0x00, 0x02, 0x04, 0x00, 0x00, 0x00, 0x00, 0x00,
  0x00, 0x02, 0x04, 0x00, 0x00, 0x00, 0x00, 0x00, 0x00, 0x02, 0x00, 0x00,
  0x00, 0x00, 0x00, 0x00, 0x00, 0x02, 0x00, 0x00, 0x00, 0x00, 0x00, 0x00,
  0x00, 0x02, 0x04, 0x08, 0x10, 0x20, 0x00, 0x00, 0x00, 0x02, 0x04, 0x08,
  0x10, 0x00, 0x00, 0x00, 0x00, 0x02, 0x00, 0x00, 0x00, 0x00, 0x00, 0x00,
  0x00, 0x02, 0x00, 0x00, 0x00, 0x00, 0x00, 0x00, 0x00, 0x02, 0x04, 0x00,
  0x00, 0x00, 0x00, 0x00, 0x00, 0x02, 0x04, 0x00, 0x00, 0x00, 0x00, 0x00,
  0x00, 0x02, 0x00, 0x00, 0x00, 0x00, 0x00, 0x00, 0x00, 0x02, 0x00, 0x00,
  0x00, 0x00, 0x00, 0x00, 0x00, 0x02, 0x04, 0x08, 0x10, 0x20, 0x40, 0x00,
  0x00, 0x02, 0x04, 0x08, 0x10, 0x00, 0x00, 0x00, 0x00, 0x02, 0x00, 0x00,
  0x00, 0x00, 0x00, 0x00, 0x00, 0x02, 0x00, 0x00, 0x00, 0x00, 0x00, 0x00,
  0x00, 0x02, 0x04, 0x00, 0x00, 0x00, 0x00, 0x00, 0x00, 0x02, 0x04, 0x00,
  0x00, 0x00, 0x00, 0x00, 0x00, 0x02, 0x00, 0x00, 0x00, 0x00, 0x00, 0x00,
  0x00, 0x02, 0x00, 0x00, 0x00, 0x00, 0x00, 0x00, 0x00, 0x02, 0x04, 0x08,
  0x10, 0x20, 0x00, 0x00, 0x00, 0x02, 0x04, 0x08, 0x10, 0x00, 0x00, 0x00,
  0x00, 0x02, 0x00, 0x00, 0x00, 0x00, 0x00, 0x00, 0x00, 0x02, 0x00, 0x00,
  0x00, 0x00, 0x00, 0x00, 0x00, 0x02, 0x04, 0x00, 0x00, 0x00, 0x00, 0x00,
  0x00, 0x02, 0x04, 0x00, 0x00, 0x00, 0x00, 0x00, 0x00, 0x02, 0x00, 0x00,
  0x00, 0x00, 0x00, 0x00, 0x00, 0x02, 0x00, 0x00, 0x00, 0x00, 0x00, 0x00,
  0x00, 0x02, 0x04, 0x08, 0x00, 0x00, 0x00, 0x00, 0x00, 0x02, 0x04, 0x08,
  0x00, 0x00, 0x00, 0x00, 0x00, 0x02, 0x00, 0x00, 0x00, 0x00, 0x00, 0x00,
  0x00, 0x02, 0x00, 0x00, 0x00, 0x00, 0x00, 0x00, 0x00, 0x02, 0x04, 0x00,
  0x00, 0x00, 0x00, 0x00, 0x00, 0x02, 0x04, 0x00, 0x00, 0x00, 0x00, 0x00,
  0x00, 0x02, 0x00, 0x00, 0x00, 0x00, 0x00, 0x00, 0x00, 0x02, 0x00, 0x00,
  0x00, 0x00, 0x00, 0x00, 0x00, 0x02, 0x04, 0x08, 0x00, 0x00, 0x00, 0x00,
  0x00, 0x02, 0x04, 0x08, 0x00, 0x00, 0x00, 0x00, 0x00, 0x02, 0x00, 0x00,
  0x00, 0x00, 0x00, 0x00, 0x00, 0x02, 0x00, 0x00, 0x00, 0x00, 0x00, 0x00,
  0x00, 0x02, 0x04, 0x00, 0x00, 0x00, 0x00, 0x00, 0x00, 0x02, 0x04, 0x00,
  0x00, 0x00, 0x00, 0x00, 0x00, 0x02, 0x00, 0x00, 0x00, 0x00, 0x00, 0x00,
  0x00, 0x02, 0x00, 0x00, 0x00, 0x00, 0x00, 0x00, 0x00, 0x02, 0x04, 0x08,
  0x00, 0x00, 0x00, 0x00, 0x00, 0x02, 0x04, 0x08, 0x00, 0x00, 0x00, 0x00,
  0x00, 0x02, 0x00, 0x00, 0x00, 0x00, 0x00, 0x00, 0x00, 0x02, 0x00, 0x00,
  0x00, 0x00, 0x00, 0x00, 0x00, 0x02, 0x04, 0x00, 0x00, 0x00, 0x00, 0x00,
  0x00, 0x02, 0x04, 0x00, 0x00, 0x00, 0x00, 0x00, 0x00, 0x02, 0x00, 0x00,
  0x00, 0x00, 0x00, 0x00, 0x00, 0x02, 0x00, 0x00, 0x00, 0x00, 0x00, 0x00,
  0x00, 0x02, 0x04, 0x08, 0x00, 0x00, 0x00, 0x00, 0x00, 0x02, 0x04, 0x08,
  0x00, 0x00, 0x00, 0x00, 0x00, 0x02, 0x00, 0x00, 0x00, 0x00, 0x00, 0x00,
  0x00, 0x02, 0x00, 0x00, 0x00, 0x00, 0x00, 0x00, 0x00, 0x02, 0x04, 0x00,
  0x00, 0x00, 0x00, 0x00, 0x00, 0x02, 0x04, 0x00, 0x00, 0x00, 0x00, 0x00,
  0x00, 0x02, 0x00, 0x00, 0x00, 0x00, 0x00, 0x00, 0x00, 0x02, 0x00, 0x00,
  0x00, 0x00, 0x00, 0x00, 0x00, 0x05, 0x08, 0x10, 0x20, 0x40, 0x80, 0x00,
  0x00, 0x05, 0x08, 0x10, 0x00, 0x00, 0x00, 0x00, 0x00, 0x05, 0x08, 0x00,
  0x00, 0x00, 0x00, 0x00, 0x00, 0x05, 0x08, 0x00, 0x00, 0x00, 0x00, 0x00,
  0x00, 0x05, 0x08, 0x10, 0x20, 0x00, 0x00, 0x00, 0x00, 0x05, 0x08, 0x10,
  0x00, 0x00, 0x00, 0x00, 0x00, 0x05, 0x08, 0x00, 0x00, 0x00, 0x00, 0x00,
  0x00, 0x05, 0x08, 0x00, 0x00, 0x00, 0x00, 0x00, 0x00, 0x05, 0x08, 0x10,
  0x20, 0x40, 0x00, 0x00, 0x00, 0x05, 0x08, 0x10, 0x00, 0x00, 0x00, 0x00,
  0x00, 0x05, 0x08, 0x00, 0x00, 0x00, 0x00, 0x00, 0x00, 0x05, 0x08, 0x00,
  0x00, 0x00, 0x00, 0x00, 0x00, 0x05, 0x08, 0x10, 0x20, 0x00, 0x00, 0x00,
  0x00, 0x05, 0x08, 0x10, 0x00, 0x00, 0x00, 0x00, 0x00, 0x05, 0x08, 0x00,
  0x00, 0x00, 0x00, 0x00, 0x00, 0x05, 0x08, 0x00, 0x00, 0x00, 0x00, 0x00,
  0x00, 0x05, 0x00, 0x00, 0x00, 0x00, 0x00, 0x00, 0x00, 0x05, 0x00, 0x00,
  0x00, 0x00, 0x00, 0x00, 0x00, 0x05, 0x00, 0x00, 0x00, 0x00, 0x00, 0x00,
  0x00, 0x05, 0x00, 0x00, 0x00, 0x00, 0x00, 0x00, 0x00, 0x05, 0x00, 0x00,
  0x00, 0x00, 0x00, 0x00, 0x00, 0x05, 0x00, 0x00, 0x00, 0x00, 0x00, 0x00,
  0x00, 0x05, 0x00, 0x00, 0x00, 0x00, 0x00, 0x00, 0x00, 0x05, 0x00, 0x00,
  0x00, 0x00, 0x00, 0x00, 0x00, 0x05, 0x00, 0x00, 0x00, 0x00, 0x00, 0x00,
  0x00, 0x05, 0x00, 0x00, 0x00, 0x00, 0x00, 0x00, 0x00, 0x05, 0x00, 0x00,
  0x00, 0x00, 0x00, 0x00, 0x00, 0x05, 0x00, 0x00, 0x00, 0x00, 0x00, 0x00,
  0x00, 0x05, 0x00, 0x00, 0x00, 0x00, 0x00, 0x00, 0x00, 0x05, 0x00, 0x00,
  0x00, 0x00, 0x00, 0x00, 0x00, 0x05, 0x00, 0x00, 0x00, 0x00, 0x00, 0x00,
  0x00, 0x05, 0x00, 0x00, 0x00, 0x00, 0x00, 0x00, 0x00, 0x0a, 0x11, 0x20,
  0x40, 0x80, 0x00, 0x00, 0x00, 0x0a, 0x11, 0x20, 0x40, 0x00, 0x00, 0x00,
  0x00, 0x0a, 0x11, 0x00, 0x00, 0x00, 0x00, 0x00, 0x00, 0x0a, 0x11, 0x00,
  0x00, 0x00, 0x00, 0x00, 0x00, 0x0a, 0x10, 0x20, 0x40, 0x80, 0x00, 0x00,
  0x00, 0x0a, 0x10, 0x20, 0x40, 0x00, 0x00, 0x00, 0x00, 0x0a, 0x10, 0x00,
  0x00, 0x00, 0x00, 0x00, 0x00, 0x0a, 0x10, 0x00, 0x00, 0x00, 0x00, 0x00,
  0x00, 0x0a, 0x11, 0x20, 0x00, 0x00, 0x00, 0x00, 0x00, 0x0a, 0x11, 0x20,
  0x00, 0x00, 0x00, 0x00, 0x00, 0x0a, 0x11, 0x00, 0x00, 0x00, 0x00, 0x00,
  0x00, 0x0a, 0x11, 0x00, 0x00, 0x00, 0x00, 0x00, 0x00, 0x0a, 0x10, 0x20,
  0x00, 0x00, 0x00, 0x00, 0x00, 0x0a, 0x10, 0x20, 0x00, 0x00, 0x00, 0x00,
  0x00, 0x0a, 0x10, 0x00, 0x00, 0x00, 0x00, 0x00, 0x00, 0x0a, 0x10, 0x00,
  0x00, 0x00, 0x00, 0x00, 0x00, 0x0a, 0x01, 0x00, 0x00, 0x00, 0x00, 0x00,
  0x00, 0x0a, 0x01, 0x00, 0x00, 0x00, 0x00, 0x00, 0x00, 0x0a, 0x01, 0x00,
  0x00, 0x00, 0x00, 0x00, 0x00, 0x0a, 0x01, 0x00, 0x00, 0x00, 0x00, 0x00,
  0x00, 0x0a, 0x00, 0x00, 0x00, 0x00, 0x00, 0x00, 0x00, 0x0a, 0x00, 0x00,
  0x00, 0x00, 0x00, 0x00, 0x00, 0x0a, 0x00, 0x00, 0x00, 0x00, 0x00, 0x00,
  0x00, 0x0a, 0x00, 0x00, 0x00, 0x00, 0x00, 0x00, 0x00, 0x0a, 0x01, 0x00,
  0x00, 0x00, 0x00, 0x00, 0x00, 0x0a, 0x01, 0x00, 0x00, 0x00, 0x00, 0x00,
  0x00, 0x0a, 0x01, 0x00, 0x00, 0x00, 0x00, 0x00, 0x00, 0x0a, 0x01, 0x00,
  0x00, 0x00, 0x00, 0x00, 0x00, 0x0a, 0x00, 0x00, 0x00, 0x00, 0x00, 0x00,
  0x00, 0x0a, 0x00, 0x00, 0x00, 0x00, 0x00, 0x00, 0x00, 0x0a, 0x00, 0x00,
  0x00, 0x00, 0x00, 0x00, 0x00, 0x0a, 0x00, 0x00, 0x00, 0x00, 0x00, 0x00,
  0x00, 0x14, 0x22, 0x41, 0x80, 0x00, 0x00, 0x00, 0x00, 0x14, 0x22, 0x40,
  0x80, 0x00, 0x00, 0x00, 0x00, 0x14, 0x20, 0x40, 0x80, 0x00, 0x00, 0x00,
  0x00, 0x14, 0x20, 0x40, 0x80, 0x00, 0x00, 0x00, 0x00, 0x14, 0x02, 0x01,
  0x00, 0x00, 0x00, 0x00, 0x00, 0x14, 0x02, 0x00, 0x00, 0x00, 0x00, 0x00,
  0x00, 0x14, 0x00, 0x00, 0x00, 0x00, 0x00, 0x00, 0x00, 0x14, 0x00, 0x00,
  0x00, 0x00, 0x00, 0x00, 0x00, 0x14, 0x02, 0x01, 0x00, 0x00, 0x00, 0x00,
  0x00, 0x14, 0x02, 0x00, 0x00, 0x00, 0x00, 0x00, 0x00, 0x14, 0x00, 0x00,
  0x00, 0x00, 0x00, 0x00, 0x00, 0x14, 0x00, 0x00, 0x00, 0x00, 0x00, 0x00,
  0x00, 0x14, 0x22, 0x01, 0x00, 0x00, 0x00, 0x00, 0x00, 0x14, 0x22, 0x00,
  0x00, 0x00, 0x00, 0x00, 0x00, 0x14, 0x20, 0x00, 0x00, 0x00, 0x00, 0x00,
  0x00, 0x14, 0x20, 0x00, 0x00, 0x00, 0x00, 0x00, 0x00, 0x14, 0x22, 0x41,
  0x00, 0x00, 0x00, 0x00, 0x00, 0x14, 0x22, 0x40, 0x00, 0x00, 0x00, 0x00,
  0x00, 0x14, 0x20, 0x40, 0x00, 0x00, 0x00, 0x00, 0x00, 0x14, 0x20, 0x40,
  0x00, 0x00, 0x00, 0x00, 0x00, 0x14, 0x02, 0x01, 0x00, 0x00, 0x00, 0x00,
  0x00, 0x14, 0x02, 0x00, 0x00, 0x00, 0x00, 0x00, 0x00, 0x14, 0x00, 0x00,
  0x00, 0x00, 0x00, 0x00, 0x00, 0x14, 0x00, 0x00, 0x00, 0x00, 0x00, 0x00,
  0x00, 0x14, 0x02, 0x01, 0x00, 0x00, 0x00, 0x00, 0x00, 0x14, 0x02, 0x00,
  0x00, 0x00, 0x00, 0x00, 0x00, 0x14, 0x00, 0x00, 0x00, 0x00, 0x00, 0x00,
  0x00, 0x14, 0x00, 0x00, 0x00, 0x00, 0x00, 0x00, 0x00, 0x14, 0x22, 0x01,
  0x00, 0x00, 0x00, 0x00, 0x00, 0x14, 0x22, 0x00, 0x00, 0x00, 0x00, 0x00,
  0x00, 0x14, 0x20, 0x00, 0x00, 0x00, 0x00, 0x00, 0x00, 0x14, 0x20, 0x00,
  0x00, 0x00, 0x00, 0x00, 0x00, 0x28, 0x44, 0x82, 0x01, 0x00, 0x00, 0x00,
  0x00, 0x28, 0x44, 0x80, 0x00, 0x00, 0x00, 0x00, 0x00, 0x28, 0x40, 0x80,
  0x00, 0x00, 0x00, 0x00, 0x00, 0x28, 0x40, 0x80, 0x00, 0x00, 0x00, 0x00,
  0x00, 0x28, 0x44, 0x82, 0x00, 0x00, 0x00, 0x00, 0x00, 0x28, 0x44, 0x80,
  0x00, 0x00, 0x00, 0x00, 0x00, 0x28, 0x40, 0x80, 0x00, 0x00, 0x00, 0x00,
  0x00, 0x28, 0x40, 0x80, 0x00, 0x00, 0x00, 0x00, 0x00, 0x28, 0x04, 0x02,
  0x01, 0x00, 0x00, 0x00, 0x00, 0x28, 0x04, 0x00, 0x00, 0x00, 0x00, 0x00,
  0x00, 0x28, 0x00, 0x00, 0x00, 0x00, 0x00, 0x00, 0x00, 0x28, 0x00, 0x00,
  0x00, 0x00, 0x00, 0x00, 0x00, 0x28, 0x04, 0x02, 0x00, 0x00, 0x00, 0x00,
  0x00, 0x28, 0x04, 0x00, 0x00, 0x00, 0x00, 0x00, 0x00, 0x28, 0x00, 0x00,
  0x00, 0x00, 0x00, 0x00, 0x00, 0x28, 0x00, 0x00, 0x00, 0x00, 0x00, 0x00,
  0x00, 0x28, 0x44, 0x02, 0x01, 0x00, 0x00, 0x00, 0x00, 0x28, 0x44, 0x00,
  0x00, 0x00, 0x00, 0x00, 0x00, 0x28, 0x40, 0x00, 0x00, 0x00, 0x00, 0x00,
  0x00, 0x28, 0x40, 0x00, 0x00, 0x00, 0x00, 0x00, 0x00, 0x28, 0x44, 0x02,
  0x00, 0x00, 0x00, 0x00, 0x00, 0x28, 0x44, 0x00, 0x00, 0x00, 0x00, 0x00,
  0x00, 0x28, 0x40, 0x00, 0x00, 0x00, 0x00, 0x00, 0x00, 0x28, 0x40, 0x00,
  0x00, 0x00, 0x00, 0x00, 0x00, 0x28, 0x04, 0x02, 0x01, 0x00, 0x00, 0x00,
  0x00, 0x28, 0x04, 0x00, 0x00, 0x00, 0x00, 0x00, 0x00, 0x28, 0x00, 0x00,
  0x00, 0x00, 0x00, 0x00, 0x00, 0x28, 0x00, 0x00, 0x00, 0x00, 0x00, 0x00,
  0x00, 0x28, 0x04, 0x02, 0x00, 0x00, 0x00, 0x00, 0x00, 0x28, 0x04, 0x00,
  0x00, 0x00, 0x00, 0x00, 0x00, 0x28, 0x00, 0x00, 0x00, 0x00, 0x00, 0x00,
  0x00, 0x28, 0x00, 0x00, 0x00, 0x00, 0x00, 0x00, 0x00, 0x50, 0x88, 0x04,
  0x02, 0x01, 0x00, 0x00, 0x00, 0x50, 0x88, 0x00, 0x00, 0x00, 0x00, 0x00,
  0x00, 0x50, 0x00, 0x00, 0x00, 0x00, 0x00, 0x00, 0x00, 0x50, 0x00, 0x00,
  0x00, 0x00, 0x00, 0x00, 0x00, 0x50, 0x88, 0x00, 0x00, 0x00, 0x00, 0x00,
  0x00, 0x50, 0x08, 0x04, 0x00, 0x00, 0x00, 0x00, 0x00, 0x50, 0x00, 0x00,
  0x00, 0x00, 0x00, 0x00, 0x00, 0x50, 0x80, 0x00, 0x00, 0x00, 0x00, 0x00,
  0x00, 0x50, 0x08, 0x04, 0x02, 0x01, 0x00, 0x00, 0x00, 0x50, 0x08, 0x00,
  0x00, 0x00, 0x00, 0x00, 0x00, 0x50, 0x80, 0x00, 0x00, 0x00, 0x00, 0x00,
  0x00, 0x50, 0x80, 0x00, 0x00, 0x00, 0x00, 0x00, 0x00, 0x50, 0x08, 0x00,
  0x00, 0x00, 0x00, 0x00, 0x00, 0x50, 0x88, 0x04, 0x02, 0x00, 0x00, 0x00,
  0x00, 0x50, 0x80, 0x00, 0x00, 0x00, 0x00, 0x00, 0x00, 0x50, 0x00, 0x00,
  0x00, 0x00, 0x00, 0x00, 0x00, 0x50, 0x88, 0x04, 0x00, 0x00, 0x00, 0x00,
  0x00, 0x50, 0x88, 0x00, 0x00, 0x00, 0x00, 0x00, 0x00, 0x50, 0x00, 0x00,
  0x00, 0x00, 0x00, 0x00, 0x00, 0x50, 0x00, 0x00, 0x00, 0x00, 0x00, 0x00,
  0x00, 0x50, 0x88, 0x00, 0x00, 0x00, 0x00, 0x00, 0x00, 0x50, 0x08, 0x04,
  0x02, 0x00, 0x00, 0x00, 0x00, 0x50, 0x00, 0x00, 0x00, 0x00, 0x00, 0x00,
  0x00, 0x50, 0x80, 0x00, 0x00, 0x00, 0x00, 0x00, 0x00, 0x50, 0x08, 0x04,
  0x00, 0x00, 0x00, 0x00, 0x00, 0x50, 0x08, 0x00, 0x00, 0x00, 0x00, 0x00,
  0x00, 0x50, 0x80, 0x00, 0x00, 0x00, 0x00, 0x00, 0x00, 0x50, 0x80, 0x00,
  0x00, 0x00, 0x00, 0x00, 0x00, 0x50, 0x08, 0x00, 0x00, 0x00, 0x00, 0x00,
  0x00, 0x50, 0x88, 0x04, 0x00, 0x00, 0x00, 0x00, 0x00, 0x50, 0x80, 0x00,
  0x00, 0x00, 0x00, 0x00, 0x00, 0x50, 0x00, 0x00, 0x00, 0x00, 0x00, 0x00,
  0x00, 0xa0, 0x10, 0x08, 0x04, 0x02, 0x01, 0x00, 0x00, 0xa0, 0x10, 0x08,
  0x04, 0x00, 0x00, 0x00, 0x00, 0xa0, 0x00, 0x00, 0x00, 0x00, 0x00, 0x00,
  0x00, 0xa0, 0x00, 0x00, 0x00, 0x00, 0x00, 0x00, 0x00, 0xa0, 0x10, 0x08,
  0x00, 0x00, 0x00, 0x00, 0x00, 0xa0, 0x10, 0x08, 0x00, 0x00, 0x00, 0x00,
  0x00, 0xa0, 0x00, 0x00, 0x00, 0x00, 0x00, 0x00, 0x00, 0xa0, 0x00, 0x00,
  0x00, 0x00, 0x00, 0x00, 0x00, 0xa0, 0x10, 0x08, 0x04, 0x02, 0x00, 0x00,
  0x00, 0xa0, 0x10, 0x08, 0x04, 0x00, 0x00, 0x00, 0x00, 0xa0, 0x00, 0x00,
  0x00, 0x00, 0x00, 0x00, 0x00, 0xa0, 0x00, 0x00, 0x00, 0x00, 0x00, 0x00,
  0x00, 0xa0, 0x10, 0x08, 0x00, 0x00, 0x00, 0x00, 0x00, 0xa0, 0x10, 0x08,
  0x00, 0x00, 0x00, 0x00, 0x00, 0xa0, 0x00, 0x00, 0x00, 0x00, 0x00, 0x00,
  0x00, 0xa0, 0x00, 0x00, 0x00, 0x00, 0x00, 0x00, 0x00, 0xa0, 0x10, 0x00,
  0x00, 0x00, 0x00, 0x00, 0x00, 0xa0, 0x10, 0x00, 0x00, 0x00, 0x00, 0x00,
  0x00, 0xa0, 0x00, 0x00, 0x00, 0x00, 0x00, 0x00, 0x00, 0xa0, 0x00, 0x00,
  0x00, 0x00, 0x00, 0x00, 0x00, 0xa0, 0x10, 0x00, 0x00, 0x00, 0x00, 0x00,
  0x00, 0xa0, 0x10, 0x00, 0x00, 0x00, 0x00, 0x00, 0x00, 0xa0, 0x00, 0x00,
  0x00, 0x00, 0x00, 0x00, 0x00, 0xa0, 0x00, 0x00, 0x00, 0x00, 0x00, 0x00,
  0x00, 0xa0, 0x10, 0x00, 0x00, 0x00, 0x00, 0x00, 0x00, 0xa0, 0x10, 0x00,
  0x00, 0x00, 0x00, 0x00, 0x00, 0xa0, 0x00, 0x00, 0x00, 0x00, 0x00, 0x00,
  0x00, 0xa0, 0x00, 0x00, 0x00, 0x00, 0x00, 0x00, 0x00, 0xa0, 0x10, 0x00,
  0x00, 0x00, 0x00, 0x00, 0x00, 0xa0, 0x10, 0x00, 0x00, 0x00, 0x00, 0x00,
  0x00, 0xa0, 0x00, 0x00, 0x00, 0x00, 0x00, 0x00, 0x00, 0xa0, 0x00, 0x00,
  0x00, 0x00, 0x00, 0x00, 0x00, 0x40, 0x20, 0x10, 0x08, 0x04, 0x02, 0x01,
  0x00, 0x40, 0x20, 0x10, 0x00, 0x00, 0x00, 0x00, 0x00, 0x40, 0x20, 0x00,
  0x00, 0x00, 0x00, 0x00, 0x00, 0x40, 0x20, 0x00, 0x00, 0x00, 0x00, 0x00,
  0x00, 0x40, 0x00, 0x00, 0x00, 0x00, 0x00, 0x00, 0x00, 0x40, 0x00, 0x00,
  0x00, 0x00, 0x00, 0x00, 0x00, 0x40, 0x00, 0x00, 0x00, 0x00, 0x00, 0x00,
  0x00, 0x40, 0x00, 0x00, 0x00, 0x00, 0x00, 0x00, 0x00, 0x40, 0x20, 0x10,
  0x08, 0x04, 0x00, 0x00, 0x00, 0x40, 0x20, 0x10, 0x00, 0x00, 0x00, 0x00,
  0x00, 0x40, 0x20, 0x00, 0x00, 0x00, 0x00, 0x00, 0x00, 0x40, 0x20, 0x00,
  0x00, 0x00, 0x00, 0x00, 0x00, 0x40, 0x00, 0x00, 0x00, 0x00, 0x00, 0x00,
  0x00, 0x40, 0x00, 0x00, 0x00, 0x00, 0x00, 0x00, 0x00, 0x40, 0x00, 0x00,
  0x00, 0x00, 0x00, 0x00, 0x00, 0x40, 0x00, 0x00, 0x00, 0x00, 0x00, 0x00,
  0x00, 0x40, 0x20, 0x10, 0x08, 0x04, 0x02, 0x00, 0x00, 0x40, 0x20, 0x10,
  0x08, 0x00, 0x00, 0x00, 0x00, 0x40, 0x20, 0x00, 0x00, 0x00, 0x00, 0x00,
  0x00, 0x40, 0x20, 0x00, 0x00, 0x00, 0x00, 0x00, 0x00, 0x40, 0x00, 0x00,
  0x00, 0x00, 0x00, 0x00, 0x00, 0x40, 0x00, 0x00, 0x00, 0x00, 0x00, 0x00,
  0x00, 0x40, 0x00, 0x00, 0x00, 0x00, 0x00, 0x00, 0x00, 0x40, 0x00, 0x00,
  0x00, 0x00, 0x00, 0x00, 0x00, 0x40, 0x20, 0x10, 0x08, 0x04, 0x00, 0x00,
  0x00, 0x40, 0x20, 0x10, 0x08, 0x00, 0x00, 0x00, 0x00, 0x40, 0x20, 0x00,
  0x00, 0x00, 0x00, 0x00, 0x00, 0x40, 0x20, 0x00, 0x00, 0x00, 0x00, 0x00,
  0x00, 0x40, 0x00, 0x00, 0x00, 0x00, 0x00, 0x00, 0x00, 0x40, 0x00, 0x00,
  0x00, 0x00, 0x00, 0x00, 0x00, 0x40, 0x00, 0x00, 0x00, 0x00, 0x00, 0x00,
  0x00, 0x40, 0x00, 0x00, 0x00, 0x00, 0x00, 0x00, 0x00, 0x40, 0x20, 0x10,
  0x00, 0x00, 0x00, 0x00, 0x00, 0x40, 0x20, 0x10, 0x08, 0x00, 0x00, 0x00,
  0x00, 0x40, 0x20, 0x00, 0x00, 0x00, 0x00, 0x00, 0x00, 0x40, 0x20, 0x00,
  0x00, 0x00, 0x00, 0x00, 0x00, 0x40, 0x00, 0x00, 0x00, 0x00, 0x00, 0x00,
  0x00, 0x40, 0x00, 0x00, 0x00, 0x00, 0x00, 0x00, 0x00, 0x40, 0x00, 0x00,
  0x00, 0x00, 0x00, 0x00, 0x00, 0x40, 0x00, 0x00, 0x00, 0x00, 0x00, 0x00,
  0x00, 0x40, 0x20, 0x10, 0x00, 0x00, 0x00, 0x00, 0x00, 0x40, 0x20, 0x10,
  0x08, 0x00, 0x00, 0x00, 0x00, 0x40, 0x20, 0x00, 0x00, 0x00, 0x00, 0x00,
  0x00, 0x40, 0x20, 0x00, 0x00, 0x00, 0x00, 0x00, 0x00, 0x40, 0x00, 0x00,
  0x00, 0x00, 0x00, 0x00, 0x00, 0x40, 0x00, 0x00, 0x00, 0x00, 0x00, 0x00,
  0x00, 0x40, 0x00, 0x00, 0x00, 0x00, 0x00, 0x00, 0x00, 0x40, 0x00, 0x00,
  0x00, 0x00, 0x00, 0x00, 0x00, 0x40, 0x20, 0x10, 0x00, 0x00, 0x00, 0x00,
  0x00, 0x40, 0x20, 0x10, 0x00, 0x00, 0x00, 0x00, 0x00, 0x40, 0x20, 0x00,
  0x00, 0x00, 0x00, 0x00, 0x00, 0x40, 0x20, 0x00, 0x00, 0x00, 0x00, 0x00,
  0x00, 0x40, 0x00, 0x00, 0x00, 0x00, 0x00, 0x00, 0x00, 0x40, 0x00, 0x00,
  0x00, 0x00, 0x00, 0x00, 0x00, 0x40, 0x00, 0x00, 0x00, 0x00, 0x00, 0x00,
  0x00, 0x40, 0x00, 0x00, 0x00, 0x00, 0x00, 0x00, 0x00, 0x40, 0x20, 0x10,
  0x00, 0x00, 0x00, 0x00, 0x00, 0x40, 0x20, 0x10, 0x00, 0x00, 0x00, 0x00,
  0x00, 0x40, 0x20, 0x00, 0x00, 0x00, 0x00, 0x00, 0x00, 0x40, 0x20, 0x00,
  0x00, 0x00, 0x00, 0x00, 0x00, 0x40, 0x00, 0x00, 0x00, 0x00, 0x00, 0x00,
  0x00, 0x40, 0x00, 0x00, 0x00, 0x00, 0x00, 0x00, 0x00, 0x40, 0x00, 0x00,
  0x00, 0x00, 0x00, 0x00, 0x00, 0x40, 0x00, 0x00, 0x00, 0x00, 0x00, 0x00,
  0x02, 0x00, 0x02, 0x04, 0x08, 0x10, 0x20, 0x40, 0x02, 0x00, 0x02, 0x00,
  0x00, 0x00, 0x00, 0x00, 0x02, 0x00, 0x02, 0x04, 0x08, 0x10, 0x00, 0x00,
  0x02, 0x00, 0x02, 0x00, 0x00, 0x00, 0x00, 0x00, 0x02, 0x00, 0x02, 0x04,
  0x08, 0x10, 0x20, 0x00, 0x02, 0x00, 0x02, 0x04, 0x00, 0x00, 0x00, 0x00,
  0x02, 0x00, 0x02, 0x04, 0x08, 0x10, 0x00, 0x00, 0x02, 0x00, 0x02, 0x04,
  0x00, 0x00, 0x00, 0x00, 0x02, 0x00, 0x02, 0x00, 0x00, 0x00, 0x00, 0x00,
  0x02, 0x00, 0x02, 0x04, 0x00, 0x00, 0x00, 0x00, 0x02, 0x00, 0x02, 0x00,
  0x00, 0x00, 0x00, 0x00, 0x02, 0x00, 0x02, 0x04, 0x00, 0x00, 0x00, 0x00,
  0x02, 0x00, 0x02, 0x00, 0x00, 0x00, 0x00, 0x00, 0x02, 0x00, 0x02, 0x00,
  0x00, 0x00, 0x00, 0x00, 0x02, 0x00, 0x02, 0x00, 0x00, 0x00, 0x00, 0x00,
  0x02, 0x00, 0x02, 0x00, 0x00, 0x00, 0x00, 0x00, 0x02, 0x00, 0x02, 0x04,
  0x08, 0x00, 0x00, 0x00, 0x02, 0x00, 0x02, 0x00, 0x00, 0x00, 0x00, 0x00,
  0x02, 0x00, 0x02, 0x04, 0x08, 0x00, 0x00, 0x00, 0x02, 0x00, 0x02, 0x00,
  0x00, 0x00, 0x00, 0x00, 0x02, 0x00, 0x02, 0x04, 0x08, 0x00, 0x00, 0x00,
  0x02, 0x00, 0x02, 0x04, 0x00, 0x00, 0x00, 0x00, 0x02, 0x00, 0x02, 0x04,
  0x08, 0x00, 0x00, 0x00, 0x02, 0x00, 0x02, 0x04, 0x00, 0x00, 0x00, 0x00,
  0x02, 0x00, 0x02, 0x00, 0x00, 0x00, 0x00, 0x00, 0x02, 0x00, 0x02, 0x04,
  0x00, 0x00, 0x00, 0x00, 0x02, 0x00, 0x02, 0x00, 0x00, 0x00, 0x00, 0x00,
  0x02, 0x00, 0x02, 0x04, 0x00, 0x00, 0x00, 0x00, 0x02, 0x00, 0x02, 0x00,
  0x00, 0x00, 0x00, 0x00, 0x02, 0x00, 0x02, 0x00, 0x00, 0x00, 0x00, 0x00,
  0x02, 0x00, 0x02, 0x00, 0x00, 0x00, 0x00, 0x00, 0x02, 0x00, 0x02, 0x00,
  0x00, 0x00, 0x00, 0x00, 0x05, 0x00, 0x05, 0x08, 0x10, 0x20, 0x40, 0x80,
  0x05, 0x00, 0x05, 0x00, 0x00, 0x00, 0x00, 0x00, 0x05, 0x00, 0x05, 0x08,
  0x10, 0x20, 0x00, 0x00, 0x05, 0x00, 0x05, 0x00, 0x00, 0x00, 0x00, 0x00,
  0x05, 0x00, 0x05, 0x08, 0x10, 0x00, 0x00, 0x00, 0x05, 0x00, 0x05, 0x00,
  0x00, 0x00, 0x00, 0x00, 0x05, 0x00, 0x05, 0x08, 0x10, 0x00, 0x00, 0x00,
  0x05, 0x00, 0x05, 0x00, 0x00, 0x00, 0x00, 0x00, 0x05, 0x00, 0x05, 0x08,
  0x00, 0x00, 0x00, 0x00, 0x05, 0x00, 0x05, 0x00, 0x00, 0x00, 0x00, 0x00,
  0x05, 0x00, 0x05, 0x08, 0x00, 0x00, 0x00, 0x00, 0x05, 0x00, 0x05, 0x00,
  0x00, 0x00, 0x00, 0x00, 0x05, 0x00, 0x05, 0x08, 0x00, 0x00, 0x00, 0x00,
  0x05, 0x00, 0x05, 0x00, 0x00, 0x00, 0x00, 0x00, 0x05, 0x00, 0x05, 0x08,
  0x00, 0x00, 0x00, 0x00, 0x05, 0x00, 0x05, 0x00, 0x00, 0x00, 0x00, 0x00,
  0x05, 0x00, 0x05, 0x08, 0x10, 0x20, 0x40, 0x00, 0x05, 0x00, 0x05, 0x00,
  0x00, 0x00, 0x00, 0x00, 0x05, 0x00, 0x05, 0x08, 0x10, 0x20, 0x00, 0x00,
  0x05, 0x00, 0x05, 0x00, 0x00, 0x00, 0x00, 0x00, 0x05, 0x00, 0x05, 0x08,
  0x10, 0x00, 0x00, 0x00, 0x05, 0x00, 0x05, 0x00, 0x00, 0x00, 0x00, 0x00,
  0x05, 0x00, 0x05, 0x08, 0x10, 0x00, 0x00, 0x00, 0x05, 0x00, 0x05, 0x00,
  0x00, 0x00, 0x00, 0x00, 0x05, 0x00, 0x05, 0x08, 0x00, 0x00, 0x00, 0x00,
  0x05, 0x00, 0x05, 0x00, 0x00, 0x00, 0x00, 0x00, 0x05, 0x00, 0x05, 0x08,
  0x00, 0x00, 0x00, 0x00, 0x05, 0x00, 0x05, 0x00, 0x00, 0x00, 0x00, 0x00,
  0x05, 0x00, 0x05, 0x08, 0x00, 0x00, 0x00, 0x00, 0x05, 0x00, 0x05, 0x00,
  0x00, 0x00, 0x00, 0x00, 0x05, 0x00, 0x05, 0x08, 0x00, 0x00, 0x00, 0x00,
  0x05, 0x00, 0x05, 0x00, 0x00, 0x00, 0x00, 0x00, 0x0a, 0x00, 0x0a, 0x11,
  0x20, 0x40, 0x80, 0x00, 0x0a, 0x00, 0x0a, 0x11, 0x00, 0x00, 0x00, 0x00,
  0x0a, 0x00, 0x0a, 0x11, 0x20, 0x00, 0x00, 0x00, 0x0a, 0x00, 0x0a, 0x11,
  0x00, 0x00, 0x00, 0x00, 0x0a, 0x00, 0x0a, 0x10, 0x20, 0x40, 0x80, 0x00,
  0x0a, 0x00, 0x0a, 0x10, 0x00, 0x00, 0x00, 0x00, 0x0a, 0x00, 0x0a, 0x10,
  0x20, 0x00, 0x00, 0x00, 0x0a, 0x00, 0x0a, 0x10, 0x00, 0x00, 0x00, 0x00,
  0x0a, 0x00, 0x0a, 0x01, 0x00, 0x00, 0x00, 0x00, 0x0a, 0x00, 0x0a, 0x01,
  0x00, 0x00, 0x00, 0x00, 0x0a, 0x00, 0x0a, 0x01, 0x00, 0x00, 0x00, 0x00,
  0x0a, 0x00, 0x0a, 0x01, 0x00, 0x00, 0x00, 0x00, 0x0a, 0x00, 0x0a, 0x00,
  0x00, 0x00, 0x00, 0x00, 0x0a, 0x00, 0x0a, 0x00, 0x00, 0x00, 0x00, 0x00,
  0x0a, 0x00, 0x0a, 0x00, 0x00, 0x00, 0x00, 0x00, 0x0a, 0x00, 0x0a, 0x00,
  0x00, 0x00, 0x00, 0x00, 0x0a, 0x00, 0x0a, 0x01, 0x00, 0x00, 0x00, 0x00,
  0x0a, 0x00, 0x0a, 0x01, 0x00, 0x00, 0x00, 0x00, 0x0a, 0x00, 0x0a, 0x01,
  0x00, 0x00, 0x00, 0x00, 0x0a, 0x00, 0x0a, 0x01, 0x00, 0x00, 0x00, 0x00,
  0x0a, 0x00, 0x0a, 0x00, 0x00, 0x00, 0x00, 0x00, 0x0a, 0x00, 0x0a, 0x00,
  0x00, 0x00, 0x00, 0x00, 0x0a, 0x00, 0x0a, 0x00, 0x00, 0x00, 0x00, 0x00,
  0x0a, 0x00, 0x0a, 0x00, 0x00, 0x00, 0x00, 0x00, 0x0a, 0x00, 0x0a, 0x11,
  0x20, 0x40, 0x00, 0x00, 0x0a, 0x00, 0x0a, 0x11, 0x00, 0x00, 0x00, 0x00,
  0x0a, 0x00, 0x0a, 0x11, 0x20, 0x00, 0x00, 0x00, 0x0a, 0x00, 0x0a, 0x11,
  0x00, 0x00, 0x00, 0x00, 0x0a, 0x00, 0x0a, 0x10, 0x20, 0x40, 0x00, 0x00,
  0x0a, 0x00, 0x0a, 0x10, 0x00, 0x00, 0x00, 0x00, 0x0a, 0x00, 0x0a, 0x10,
  0x20, 0x00, 0x00, 0x00, 0x0a, 0x00, 0x0a, 0x10, 0x00, 0x00, 0x00, 0x00,
  0x14, 0x00, 0x14, 0x22, 0x41, 0x80, 0x00, 0x00, 0x14, 0x00, 0x14, 0x22,
  0x41, 0x00, 0x00, 0x00, 0x14, 0x00, 0x14, 0x22, 0x40, 0x80, 0x00, 0x00,
  0x14, 0x00, 0x14, 0x22, 0x40, 0x00, 0x00, 0x00, 0x14, 0x00, 0x14, 0x20,
  0x40, 0x80, 0x00, 0x00, 0x14, 0x00, 0x14, 0x20, 0x40, 0x00, 0x00, 0x00,
  0x14, 0x00, 0x14, 0x20, 0x40, 0x80, 0x00, 0x00, 0x14, 0x00, 0x14, 0x20,
  0x40, 0x00, 0x00, 0x00, 0x14, 0x00, 0x14, 0x22, 0x01, 0x00, 0x00, 0x00,
  0x14, 0x00, 0x14, 0x22, 0x01, 0x00, 0x00, 0x00, 0x14, 0x00, 0x14, 0x22,
  0x00, 0x00, 0x00, 0x00, 0x14, 0x00, 0x14, 0x22, 0x00, 0x00, 0x00, 0x00,
  0x14, 0x00, 0x14, 0x20, 0x00, 0x00, 0x00, 0x00, 0x14, 0x00, 0x14, 0x20,
  0x00, 0x00, 0x00, 0x00, 0x14, 0x00, 0x14, 0x20, 0x00, 0x00, 0x00, 0x00,
  0x14, 0x00, 0x14, 0x20, 0x00, 0x00, 0x00, 0x00, 0x14, 0x00, 0x14, 0x02,
  0x01, 0x00, 0x00, 0x00, 0x14, 0x00, 0x14, 0x02, 0x01, 0x00, 0x00, 0x00,
  0x14, 0x00, 0x14, 0x02, 0x00, 0x00, 0x00, 0x00, 0x14, 0x00, 0x14, 0x02,
  0x00, 0x00, 0x00, 0x00, 0x14, 0x00, 0x14, 0x00, 0x00, 0x00, 0x00, 0x00,
  0x14, 0x00, 0x14, 0x00, 0x00, 0x00, 0x00, 0x00, 0x14, 0x00, 0x14, 0x00,
  0x00, 0x00, 0x00, 0x00, 0x14, 0x00, 0x14, 0x00, 0x00, 0x00, 0x00, 0x00,
  0x14, 0x00, 0x14, 0x02, 0x01, 0x00, 0x00, 0x00, 0x14, 0x00, 0x14, 0x02,
  0x01, 0x00, 0x00, 0x00, 0x14, 0x00, 0x14, 0x02, 0x00, 0x00, 0x00, 0x00,
  0x14, 0x00, 0x14, 0x02, 0x00, 0x00, 0x00, 0x00, 0x14, 0x00, 0x14, 0x00,
  0x00, 0x00, 0x00, 0x00, 0x14, 0x00, 0x14, 0x00, 0x00, 0x00, 0x00, 0x00,
  0x14, 0x00, 0x14, 0x00, 0x00, 0x00, 0x00, 0x00, 0x14, 0x00, 0x14, 0x00,
  0x00, 0x00, 0x00, 0x00, 0x28, 0x00, 0x28, 0x44, 0x82, 0x01, 0x00, 0x00,
  0x28, 0x00, 0x28, 0x00, 0x00, 0x00, 0x00, 0x00, 0x28, 0x00, 0x28, 0x40,
  0x80, 0x00, 0x00, 0x00, 0x28, 0x00, 0x28, 0x44, 0x80, 0x00, 0x00, 0x00,
  0x28, 0x00, 0x28, 0x44, 0x82, 0x00, 0x00, 0x00, 0x28, 0x00, 0x28, 0x40,
  0x80, 0x00, 0x00, 0x00, 0x28, 0x00, 0x28, 0x40, 0x80, 0x00, 0x00, 0x00,
  0x28, 0x00, 0x28, 0x44, 0x80, 0x00, 0x00, 0x00, 0x28, 0x00, 0x28, 0x04,
  0x02, 0x01, 0x00, 0x00, 0x28, 0x00, 0x28, 0x40, 0x80, 0x00, 0x00, 0x00,
  0x28, 0x00, 0x28, 0x00, 0x00, 0x00, 0x00, 0x00, 0x28, 0x00, 0x28, 0x04,
  0x00, 0x00, 0x00, 0x00, 0x28, 0x00, 0x28, 0x04, 0x02, 0x00, 0x00, 0x00,
  0x28, 0x00, 0x28, 0x00, 0x00, 0x00, 0x00, 0x00, 0x28, 0x00, 0x28, 0x00,
  0x00, 0x00, 0x00, 0x00, 0x28, 0x00, 0x28, 0x04, 0x00, 0x00, 0x00, 0x00,
  0x28, 0x00, 0x28, 0x44, 0x02, 0x01, 0x00, 0x00, 0x28, 0x00, 0x28, 0x00,
  0x00, 0x00, 0x00, 0x00, 0x28, 0x00, 0x28, 0x40, 0x00, 0x00, 0x00, 0x00,
  0x28, 0x00, 0x28, 0x44, 0x00, 0x00, 0x00, 0x00, 0x28, 0x00, 0x28, 0x44,
  0x02, 0x00, 0x00, 0x00, 0x28, 0x00, 0x28, 0x40, 0x00, 0x00, 0x00, 0x00,
  0x28, 0x00, 0x28, 0x40, 0x00, 0x00, 0x00, 0x00, 0x28, 0x00, 0x28, 0x44,
  0x00, 0x00, 0x00, 0x00, 0x28, 0x00, 0x28, 0x04, 0x02, 0x01, 0x00, 0x00,
  0x28, 0x00, 0x28, 0x40, 0x00, 0x00, 0x00, 0x00, 0x28, 0x00, 0x28, 0x00,
  0x00, 0x00, 0x00, 0x00, 0x28, 0x00, 0x28, 0x04, 0x00, 0x00, 0x00, 0x00,
  0x28, 0x00, 0x28, 0x04, 0x02, 0x00, 0x00, 0x00, 0x28, 0x00, 0x28, 0x00,
  0x00, 0x00, 0x00, 0x00, 0x28, 0x00, 0x28, 0x00, 0x00, 0x00, 0x00, 0x00,
  0x28, 0x00, 0x28, 0x04, 0x00, 0x00, 0x00, 0x00, 0x50, 0x00, 0x50, 0x88,
  0x04, 0x02, 0x01, 0x00, 0x50, 0x00, 0x50, 0x88, 0x04, 0x00, 0x00, 0x00,
  0x50, 0x00, 0x50, 0x08, 0x00, 0x00, 0x00, 0x00, 0x50, 0x00, 0x50, 0x08,
  0x00, 0x00, 0x00, 0x00, 0x50, 0x00, 0x50, 0x00, 0x00, 0x00, 0x00, 0x00,
  0x50, 0x00, 0x50, 0x00, 0x00, 0x00, 0x00, 0x00, 0x50, 0x00, 0x50, 0x80,
  0x00, 0x00, 0x00, 0x00, 0x50, 0x00, 0x50, 0x80, 0x00, 0x00, 0x00, 0x00,
  0x50, 0x00, 0x50, 0x88, 0x04, 0x02, 0x00, 0x00, 0x50, 0x00, 0x50, 0x88,
  0x04, 0x00, 0x00, 0x00, 0x50, 0x00, 0x50, 0x88, 0x00, 0x00, 0x00, 0x00,
  0x50, 0x00, 0x50, 0x88, 0x00, 0x00, 0x00, 0x00, 0x50, 0x00, 0x50, 0x00,
  0x00, 0x00, 0x00, 0x00, 0x50, 0x00, 0x50, 0x00, 0x00, 0x00, 0x00, 0x00,
  0x50, 0x00, 0x50, 0x00, 0x00, 0x00, 0x00, 0x00, 0x50, 0x00, 0x50, 0x00,
  0x00, 0x00, 0x00, 0x00, 0x50, 0x00, 0x50, 0x08, 0x04, 0x02, 0x01, 0x00,
  0x50, 0x00, 0x50, 0x08, 0x04, 0x00, 0x00, 0x00, 0x50, 0x00, 0x50, 0x88,
  0x00, 0x00, 0x00, 0x00, 0x50, 0x00, 0x50, 0x88, 0x00, 0x00, 0x00, 0x00,
  0x50, 0x00, 0x50, 0x80, 0x00, 0x00, 0x00, 0x00, 0x50, 0x00, 0x50, 0x80,
  0x00, 0x00, 0x00, 0x00, 0x50, 0x00, 0x50, 0x00, 0x00, 0x00, 0x00, 0x00,
  0x50, 0x00, 0x50, 0x00, 0x00, 0x00, 0x00, 0x00, 0x50, 0x00, 0x50, 0x08,
  0x04, 0x02, 0x00, 0x00, 0x50, 0x00, 0x50, 0x08, 0x04, 0x00, 0x00, 0x00,
  0x50, 0x00, 0x50, 0x08, 0x00, 0x00, 0x00, 0x00, 0x50, 0x00, 0x50, 0x08,
  0x00, 0x00, 0x00, 0x00, 0x50, 0x00, 0x50, 0x80, 0x00, 0x00, 0x00, 0x00,
  0x50, 0x00, 0x50, 0x80, 0x00, 0x00, 0x00, 0x00, 0x50, 0x00, 0x50, 0x80,
  0x00, 0x00, 0x00, 0x00, 0x50, 0x00, 0x50, 0x80, 0x00, 0x00, 0x00, 0x00,
  0xa0, 0x00, 0xa0, 0x10, 0x08, 0x04, 0x02, 0x01, 0xa0, 0x00, 0xa0, 0x00,
  0x00, 0x00, 0x00, 0x00, 0xa0, 0x00, 0xa0, 0x10, 0x08, 0x00, 0x00, 0x00,
  0xa0, 0x00, 0xa0, 0x00, 0x00, 0x00, 0x00, 0x00, 0xa0, 0x00, 0xa0, 0x10,
  0x00, 0x00, 0x00, 0x00, 0xa0, 0x00, 0xa0, 0x00, 0x00, 0x00, 0x00, 0x00,
  0xa0, 0x00, 0xa0, 0x10, 0x00, 0x00, 0x00, 0x00, 0xa0, 0x00, 0xa0, 0x00,
  0x00, 0x00, 0x00, 0x00, 0xa0, 0x00, 0xa0, 0x10, 0x08, 0x04, 0x00, 0x00,
  0xa0, 0x00, 0xa0, 0x00, 0x00, 0x00, 0x00, 0x00, 0xa0, 0x00, 0xa0, 0x10,
  0x08, 0x04, 0x02, 0x00, 0xa0, 0x00, 0xa0, 0x00, 0x00, 0x00, 0x00, 0x00,
  0xa0, 0x00, 0xa0, 0x10, 0x00, 0x00, 0x00, 0x00, 0xa0, 0x00, 0xa0, 0x00,
  0x00, 0x00, 0x00, 0x00, 0xa0, 0x00, 0xa0, 0x10, 0x00, 0x00, 0x00, 0x00,
  0xa0, 0x00, 0xa0, 0x00, 0x00, 0x00, 0x00, 0x00, 0xa0, 0x00, 0xa0, 0x10,
  0x08, 0x00, 0x00, 0x00, 0xa0, 0x00, 0xa0, 0x00, 0x00, 0x00, 0x00, 0x00,
  0xa0, 0x00, 0xa0, 0x10, 0x08, 0x04, 0x00, 0x00, 0xa0, 0x00, 0xa0, 0x00,
  0x00, 0x00, 0x00, 0x00, 0xa0, 0x00, 0xa0, 0x10, 0x00, 0x00, 0x00, 0x00,
  0xa0, 0x00, 0xa0, 0x00, 0x00, 0x00, 0x00, 0x00, 0xa0, 0x00, 0xa0, 0x10,
  0x00, 0x00, 0x00, 0x00, 0xa0, 0x00, 0xa0, 0x00, 0x00, 0x00, 0x00, 0x00,
  0xa0, 0x00, 0xa0, 0x10, 0x08, 0x00, 0x00, 0x00, 0xa0, 0x00, 0xa0, 0x00,
  0x00, 0x00, 0x00, 0x00, 0xa0, 0x00, 0xa0, 0x10, 0x08, 0x00, 0x00, 0x00,
  0xa0, 0x00, 0xa0, 0x00, 0x00, 0x00, 0x00, 0x00, 0xa0, 0x00, 0xa0, 0x10,
  0x00, 0x00, 0x00, 0x00, 0xa0, 0x00, 0xa0, 0x00, 0x00, 0x00, 0x00, 0x00,
  0xa0, 0x00, 0xa0, 0x10, 0x00, 0x00, 0x00, 0x00, 0xa0, 0x00, 0xa0, 0x00,
  0x00, 0x00, 0x00, 0x00, 0x40, 0x00, 0x40, 0x20, 0x10, 0x08, 0x04, 0x02,
  0x40, 0x00, 0x40, 0x00, 0x00, 0x00, 0x00, 0x00, 0x40, 0x00, 0x40, 0x20,
  0x10, 0x00, 0x00, 0x00, 0x40, 0x00, 0x40, 0x00, 0x00, 0x00, 0x00, 0x00,
  0x40, 0x00, 0x40, 0x20, 0x10, 0x08, 0x00, 0x00, 0x40, 0x00, 0x40, 0x00,
  0x00, 0x00, 0x00, 0x00, 0x40, 0x00, 0x40, 0x20, 0x10, 0x00, 0x00, 0x00,
  0x40, 0x00, 0x40, 0x00, 0x00, 0x00, 0x00, 0x00, 0x40, 0x00, 0x40, 0x20,
  0x10, 0x08, 0x04, 0x00, 0x40, 0x00, 0x40, 0x00, 0x00, 0x00, 0x00, 0x00,
  0x40, 0x00, 0x40, 0x20, 0x10, 0x00, 0x00, 0x00, 0x40, 0x00, 0x40, 0x00,
  0x00, 0x00, 0x00, 0x00, 0x40, 0x00, 0x40, 0x20, 0x10, 0x08, 0x00, 0x00,
  0x40, 0x00, 0x40, 0x00, 0x00, 0x00, 0x00, 0x00, 0x40, 0x00, 0x40, 0x20,
  0x10, 0x00, 0x00, 0x00, 0x40, 0x00, 0x40, 0x00, 0x00, 0x00, 0x00, 0x00,
  0x40, 0x00, 0x40, 0x20, 0x00, 0x00, 0x00, 0x00, 0x40, 0x00, 0x40, 0x00,
  0x00, 0x00, 0x00, 0x00, 0x40, 0x00, 0x40, 0x20, 0x00, 0x00, 0x00, 0x00,
  0x40, 0x00, 0x40, 0x00, 0x00, 0x00, 0x00, 0x00, 0x40, 0x00, 0x40, 0x20,
  0x00, 0x00, 0x00, 0x00, 0x40, 0x00, 0x40, 0x00, 0x00, 0x00, 0x00, 0x00,
  0x40, 0x00, 0x40, 0x20, 0x00, 0x00, 0x00, 0x00, 0x40, 0x00, 0x40, 0x00,
  0x00, 0x00, 0x00, 0x00, 0x40, 0x00, 0x40, 0x20, 0x00, 0x00, 0x00, 0x00,
  0x40, 0x00, 0x40, 0x00, 0x00, 0x00, 0x00, 0x00, 0x40, 0x00, 0x40, 0x20,
  0x00, 0x00, 0x00, 0x00, 0x40, 0x00, 0x40, 0x00, 0x00, 0x00, 0x00, 0x00,
  0x40, 0x00, 0x40, 0x20, 0x00, 0x00, 0x00, 0x00, 0x40, 0x00, 0x40, 0x00,
  0x00, 0x00, 0x00, 0x00, 0x40, 0x00, 0x40, 0x20, 0x00, 0x00, 0x00, 0x00,
  0x40, 0x00, 0x40, 0x00, 0x00, 0x00, 0x00, 0x00, 0x04, 0x02, 0x00, 0x02,
  0x04, 0x08, 0x10, 0x20, 0x00, 0x02, 0x00, 0x02, 0x04, 0x08, 0x10, 0x20,
  0x04, 0x02, 0x00, 0x02, 0x00, 0x00, 0x00, 0x00, 0x00, 0x02, 0x00, 0x02,
  0x00, 0x00, 0x00, 0x00, 0x04, 0x02, 0x00, 0x02, 0x04, 0x00, 0x00, 0x00,
  0x00, 0x02, 0x00, 0x02, 0x04, 0x00, 0x00, 0x00, 0x04, 0x02, 0x00, 0x02,
  0x00, 0x00, 0x00, 0x00, 0x00, 0x02, 0x00, 0x02, 0x00, 0x00, 0x00, 0x00,
  0x04, 0x02, 0x00, 0x02, 0x04, 0x08, 0x00, 0x00, 0x00, 0x02, 0x00, 0x02,
  0x04, 0x08, 0x00, 0x00, 0x04, 0x02, 0x00, 0x02, 0x00, 0x00, 0x00, 0x00,
  0x00, 0x02, 0x00, 0x02, 0x00, 0x00, 0x00, 0x00, 0x04, 0x02, 0x00, 0x02,
  0x04, 0x00, 0x00, 0x00, 0x00, 0x02, 0x00, 0x02, 0x04, 0x00, 0x00, 0x00,
  0x04, 0x02, 0x00, 0x02, 0x00, 0x00, 0x00, 0x00, 0x00, 0x02, 0x00, 0x02,
  0x00, 0x00, 0x00, 0x00, 0x04, 0x02, 0x00, 0x02, 0x04, 0x08, 0x10, 0x00,
  0x00, 0x02, 0x00, 0x02, 0x04, 0x08, 0x10, 0x00, 0x04, 0x02, 0x00, 0x02,
  0x00, 0x00, 0x00, 0x00, 0x00, 0x02, 0x00, 0x02, 0x00, 0x00, 0x00, 0x00,
  0x04, 0x02, 0x00, 0x02, 0x04, 0x00, 0x00, 0x00, 0x00, 0x02, 0x00, 0x02,
  0x04, 0x00, 0x00, 0x00, 0x04, 0x02, 0x00, 0x02, 0x00, 0x00, 0x00, 0x00,
  0x00, 0x02, 0x00, 0x02, 0x00, 0x00, 0x00, 0x00, 0x04, 0x02, 0x00, 0x02,
  0x04, 0x08, 0x00, 0x00, 0x00, 0x02, 0x00, 0x02, 0x04, 0x08, 0x00, 0x00,
  0x04, 0x02, 0x00, 0x02, 0x00, 0x00, 0x00, 0x00, 0x00, 0x02, 0x00, 0x02,
  0x00, 0x00, 0x00, 0x00, 0x04, 0x02, 0x00, 0x02, 0x04, 0x00, 0x00, 0x00,
  0x00, 0x02, 0x00, 0x02, 0x04, 0x00, 0x00, 0x00, 0x04, 0x02, 0x00, 0x02,
  0x00, 0x00, 0x00, 0x00, 0x00, 0x02, 0x00, 0x02, 0x00, 0x00, 0x00, 0x00,
  0x08, 0x05, 0x00, 0x05, 0x08, 0x10, 0x20, 0x40, 0x08, 0x05, 0x00, 0x05,
  0x00, 0x00, 0x00, 0x00, 0x08, 0x05, 0x00, 0x05, 0x08, 0x10, 0x00, 0x00,
  0x08, 0x05, 0x00, 0x05, 0x00, 0x00, 0x00, 0x00, 0x00, 0x05, 0x00, 0x05,
  0x08, 0x00, 0x00, 0x00, 0x00, 0x05, 0x00, 0x05, 0x00, 0x00, 0x00, 0x00,
  0x00, 0x05, 0x00, 0x05, 0x08, 0x00, 0x00, 0x00, 0x00, 0x05, 0x00, 0x05,
  0x00, 0x00, 0x00, 0x00, 0x08, 0x05, 0x00, 0x05, 0x08, 0x00, 0x00, 0x00,
  0x08, 0x05, 0x00, 0x05, 0x00, 0x00, 0x00, 0x00, 0x08, 0x05, 0x00, 0x05,
  0x08, 0x00, 0x00, 0x00, 0x08, 0x05, 0x00, 0x05, 0x00, 0x00, 0x00, 0x00,
  0x08, 0x05, 0x00, 0x05, 0x08, 0x10, 0x20, 0x00, 0x08, 0x05, 0x00, 0x05,
  0x00, 0x00, 0x00, 0x00, 0x08, 0x05, 0x00, 0x05, 0x08, 0x10, 0x00, 0x00,
  0x08, 0x05, 0x00, 0x05, 0x00, 0x00, 0x00, 0x00, 0x00, 0x05, 0x00, 0x05,
  0x08, 0x10, 0x20, 0x40, 0x00, 0x05, 0x00, 0x05, 0x00, 0x00, 0x00, 0x00,
  0x00, 0x05, 0x00, 0x05, 0x08, 0x10, 0x00, 0x00, 0x00, 0x05, 0x00, 0x05,
  0x00, 0x00, 0x00, 0x00, 0x08, 0x05, 0x00, 0x05, 0x08, 0x00, 0x00, 0x00,
  0x08, 0x05, 0x00, 0x05, 0x00, 0x00, 0x00, 0x00, 0x08, 0x05, 0x00, 0x05,
  0x08, 0x00, 0x00, 0x00, 0x08, 0x05, 0x00, 0x05, 0x00, 0x00, 0x00, 0x00,
  0x00, 0x05, 0x00, 0x05, 0x08, 0x00, 0x00, 0x00, 0x00, 0x05, 0x00, 0x05,
  0x00, 0x00, 0x00, 0x00, 0x00, 0x05, 0x00, 0x05, 0x08, 0x00, 0x00, 0x00,
  0x00, 0x05, 0x00, 0x05, 0x00, 0x00, 0x00, 0x00, 0x00, 0x05, 0x00, 0x05,
  0x08, 0x10, 0x20, 0x00, 0x00, 0x05, 0x00, 0x05, 0x00, 0x00, 0x00, 0x00,
  0x00, 0x05, 0x00, 0x05, 0x08, 0x10, 0x00, 0x00, 0x00, 0x05, 0x00, 0x05,
  0x00, 0x00, 0x00, 0x00, 0x11, 0x0a, 0x00, 0x0a, 0x11, 0x20, 0x40, 0x80,
  0x11, 0x0a, 0x00, 0x0a, 0x11, 0x20, 0x40, 0x00, 0x11, 0x0a, 0x00, 0x0a,
  0x10, 0x20, 0x40, 0x80, 0x11, 0x0a, 0x00, 0x0a, 0x10, 0x20, 0x40, 0x00,
  0x10, 0x0a, 0x00, 0x0a, 0x11, 0x20, 0x40, 0x80, 0x10, 0x0a, 0x00, 0x0a,
  0x11, 0x20, 0x40, 0x00, 0x10, 0x0a, 0x00, 0x0a, 0x10, 0x20, 0x40, 0x80,
  0x10, 0x0a, 0x00, 0x0a, 0x10, 0x20, 0x40, 0x00, 0x11, 0x0a, 0x00, 0x0a,
  0x01, 0x00, 0x00, 0x00, 0x11, 0x0a, 0x00, 0x0a, 0x01, 0x00, 0x00, 0x00,
  0x11, 0x0a, 0x00, 0x0a, 0x00, 0x00, 0x00, 0x00, 0x11, 0x0a, 0x00, 0x0a,
  0x00, 0x00, 0x00, 0x00, 0x10, 0x0a, 0x00, 0x0a, 0x01, 0x00, 0x00, 0x00,
  0x10, 0x0a, 0x00, 0x0a, 0x01, 0x00, 0x00, 0x00, 0x10, 0x0a, 0x00, 0x0a,
  0x00, 0x00, 0x00, 0x00, 0x10, 0x0a, 0x00, 0x0a, 0x00, 0x00, 0x00, 0x00,
  0x01, 0x0a, 0x00, 0x0a, 0x11, 0x20, 0x40, 0x80, 0x01, 0x0a, 0x00, 0x0a,
  0x11, 0x20, 0x40, 0x00, 0x01, 0x0a, 0x00, 0x0a, 0x10, 0x20, 0x40, 0x80,
  0x01, 0x0a, 0x00, 0x0a, 0x10, 0x20, 0x40, 0x00, 0x00, 0x0a, 0x00, 0x0a,
  0x11, 0x20, 0x40, 0x80, 0x00, 0x0a, 0x00, 0x0a, 0x11, 0x20, 0x40, 0x00,
  0x00, 0x0a, 0x00, 0x0a, 0x10, 0x20, 0x40, 0x80, 0x00, 0x0a, 0x00, 0x0a,
  0x10, 0x20, 0x40, 0x00, 0x01, 0x0a, 0x00, 0x0a, 0x01, 0x00, 0x00, 0x00,
  0x01, 0x0a, 0x00, 0x0a, 0x01, 0x00, 0x00, 0x00, 0x01, 0x0a, 0x00, 0x0a,
  0x00, 0x00, 0x00, 0x00, 0x01, 0x0a, 0x00, 0x0a, 0x00, 0x00, 0x00, 0x00,
  0x00, 0x0a, 0x00, 0x0a, 0x01, 0x00, 0x00, 0x00, 0x00, 0x0a, 0x00, 0x0a,
  0x01, 0x00, 0x00, 0x00, 0x00, 0x0a, 0x00, 0x0a, 0x00, 0x00, 0x00, 0x00,
  0x00, 0x0a, 0x00, 0x0a, 0x00, 0x00, 0x00, 0x00, 0x11, 0x0a, 0x00, 0x0a,
  0x11, 0x20, 0x00, 0x00, 0x11, 0x0a, 0x00, 0x0a, 0x11, 0x20, 0x00, 0x00,
  0x11, 0x0a, 0x00, 0x0a, 0x10, 0x20, 0x00, 0x00, 0x11, 0x0a, 0x00, 0x0a,
  0x10, 0x20, 0x00, 0x00, 0x10, 0x0a, 0x00, 0x0a, 0x11, 0x20, 0x00, 0x00,
  0x10, 0x0a, 0x00, 0x0a, 0x11, 0x20, 0x00, 0x00, 0x10, 0x0a, 0x00, 0x0a,
  0x10, 0x20, 0x00, 0x00, 0x10, 0x0a, 0x00, 0x0a, 0x10, 0x20, 0x00, 0x00,
  0x11, 0x0a, 0x00, 0x0a, 0x01, 0x00, 0x00, 0x00, 0x11, 0x0a, 0x00, 0x0a,
  0x01, 0x00, 0x00, 0x00, 0x11, 0x0a, 0x00, 0x0a, 0x00, 0x00, 0x00, 0x00,
  0x11, 0x0a, 0x00, 0x0a, 0x00, 0x00, 0x00, 0x00, 0x10, 0x0a, 0x00, 0x0a,
  0x01, 0x00, 0x00, 0x00, 0x10, 0x0a, 0x00, 0x0a, 0x01, 0x00, 0x00, 0x00,
  0x10, 0x0a, 0x00, 0x0a, 0x00, 0x00, 0x00, 0x00, 0x10, 0x0a, 0x00, 0x0a,
  0x00, 0x00, 0x00, 0x00, 0x01, 0x0a, 0x00, 0x0a, 0x11, 0x20, 0x00, 0x00,
  0x01, 0x0a, 0x00, 0x0a, 0x11, 0x20, 0x00, 0x00, 0x01, 0x0a, 0x00, 0x0a,
  0x10, 0x20, 0x00, 0x00, 0x01, 0x0a, 0x00, 0x0a, 0x10, 0x20, 0x00, 0x00,
  0x00, 0x0a, 0x00, 0x0a, 0x11, 0x20, 0x00, 0x00, 0x00, 0x0a, 0x00, 0x0a,
  0x11, 0x20, 0x00, 0x00, 0x00, 0x0a, 0x00, 0x0a, 0x10, 0x20, 0x00, 0x00,
  0x00, 0x0a, 0x00, 0x0a, 0x10, 0x20, 0x00, 0x00, 0x01, 0x0a, 0x00, 0x0a,
  0x01, 0x00, 0x00, 0x00, 0x01, 0x0a, 0x00, 0x0a, 0x01, 0x00, 0x00, 0x00,
  0x01, 0x0a, 0x00, 0x0a, 0x00, 0x00, 0x00, 0x00, 0x01, 0x0a, 0x00, 0x0a,
  0x00, 0x00, 0x00, 0x00, 0x00, 0x0a, 0x00, 0x0a, 0x01, 0x00, 0x00, 0x00,
  0x00, 0x0a, 0x00, 0x0a, 0x01, 0x00, 0x00, 0x00, 0x00, 0x0a, 0x00, 0x0a,
  0x00, 0x00, 0x00, 0x00, 0x00, 0x0a, 0x00, 0x0a, 0x00, 0x00, 0x00, 0x00,
  0x11, 0x0a, 0x00, 0x0a, 0x11, 0x00, 0x00, 0x00, 0x11, 0x0a, 0x00, 0x0a,
  0x11, 0x00, 0x00, 0x00, 0x11, 0x0a, 0x00, 0x0a, 0x10, 0x00, 0x00, 0x00,
  0x11, 0x0a, 0x00, 0x0a, 0x10, 0x00, 0x00, 0x00, 0x10, 0x0a, 0x00, 0x0a,
  0x11, 0x00, 0x00, 0x00, 0x10, 0x0a, 0x00, 0x0a, 0x11, 0x00, 0x00, 0x00,
  0x10, 0x0a, 0x00, 0x0a, 0x10, 0x00, 0x00, 0x00, 0x10, 0x0a, 0x00, 0x0a,
  0x10, 0x00, 0x00, 0x00, 0x11, 0x0a, 0x00, 0x0a, 0x01, 0x00, 0x00, 0x00,
  0x11, 0x0a, 0x00, 0x0a, 0x01, 0x00, 0x00, 0x00, 0x11, 0x0a, 0x00, 0x0a,
  0x00, 0x00, 0x00, 0x00, 0x11, 0x0a, 0x00, 0x0a, 0x00, 0x00, 0x00, 0x00,
  0x10, 0x0a, 0x00, 0x0a, 0x01, 0x00, 0x00, 0x00, 0x10, 0x0a, 0x00, 0x0a,
  0x01, 0x00, 0x00, 0x00, 0x10, 0x0a, 0x00, 0x0a, 0x00, 0x00, 0x00, 0x00,
  0x10, 0x0a, 0x00, 0x0a, 0x00, 0x00, 0x00, 0x00, 0x01, 0x0a, 0x00, 0x0a,
  0x11, 0x00, 0x00, 0x00, 0x01, 0x0a, 0x00, 0x0a, 0x11, 0x00, 0x00, 0x00,
  0x01, 0x0a, 0x00, 0x0a, 0x10, 0x00, 0x00, 0x00, 0x01, 0x0a, 0x00, 0x0a,
  0x10, 0x00, 0x00, 0x00, 0x00, 0x0a, 0x00, 0x0a, 0x11, 0x00, 0x00, 0x00,
  0x00, 0x0a, 0x00, 0x0a, 0x11, 0x00, 0x00, 0x00, 0x00, 0x0a, 0x00, 0x0a,
  0x10, 0x00, 0x00, 0x00, 0x00, 0x0a, 0x00, 0x0a, 0x10, 0x00, 0x00, 0x00,
  0x01, 0x0a, 0x00, 0x0a, 0x01, 0x00, 0x00, 0x00, 0x01, 0x0a, 0x00, 0x0a,
  0x01, 0x00, 0x00, 0x00, 0x01, 0x0a, 0x00, 0x0a, 0x00, 0x00, 0x00, 0x00,
  0x01, 0x0a, 0x00, 0x0a, 0x00, 0x00, 0x00, 0x00, 0x00, 0x0a, 0x00, 0x0a,
  0x01, 0x00, 0x00, 0x00, 0x00, 0x0a, 0x00, 0x0a, 0x01, 0x00, 0x00, 0x00,
  0x00, 0x0a, 0x00, 0x0a, 0x00, 0x00, 0x00, 0x00, 0x00, 0x0a, 0x00, 0x0a,
  0x00, 0x00, 0x00, 0x00, 0x11, 0x0a, 0x00, 0x0a, 0x11, 0x00, 0x00, 0x00,
  0x11, 0x0a, 0x00, 0x0a, 0x11, 0x00, 0x00, 0x00, 0x11, 0x0a, 0x00, 0x0a,
  0x10, 0x00, 0x00, 0x00, 0x11, 0x0a, 0x00, 0x0a, 0x10, 0x00, 0x00, 0x00,
  0x10, 0x0a, 0x00, 0x0a, 0x11, 0x00, 0x00, 0x00, 0x10, 0x0a, 0x00, 0x0a,
  0x11, 0x00, 0x00, 0x00, 0x10, 0x0a, 0x00, 0x0a, 0x10, 0x00, 0x00, 0x00,
  0x10, 0x0a, 0x00, 0x0a, 0x10, 0x00, 0x00, 0x00, 0x11, 0x0a, 0x00, 0x0a,
  0x01, 0x00, 0x00, 0x00, 0x11, 0x0a, 0x00, 0x0a, 0x01, 0x00, 0x00, 0x00,
  0x11, 0x0a, 0x00, 0x0a, 0x00, 0x00, 0x00, 0x00, 0x11, 0x0a, 0x00, 0x0a,
  0x00, 0x00, 0x00, 0x00, 0x10, 0x0a, 0x00, 0x0a, 0x01, 0x00, 0x00, 0x00,
  0x10, 0x0a, 0x00, 0x0a, 0x01, 0x00, 0x00, 0x00, 0x10, 0x0a, 0x00, 0x0a,
  0x00, 0x00, 0x00, 0x00, 0x10, 0x0a, 0x00, 0x0a, 0x00, 0x00, 0x00, 0x00,
  0x01, 0x0a, 0x00, 0x0a, 0x11, 0x00, 0x00, 0x00, 0x01, 0x0a, 0x00, 0x0a,
  0x11, 0x00, 0x00, 0x00, 0x01, 0x0a, 0x00, 0x0a, 0x10, 0x00, 0x00, 0x00,
  0x01, 0x0a, 0x00, 0x0a, 0x10, 0x00, 0x00, 0x00, 0x00, 0x0a, 0x00, 0x0a,
  0x11, 0x00, 0x00, 0x00, 0x00, 0x0a, 0x00, 0x0a, 0x11, 0x00, 0x00, 0x00,
  0x00, 0x0a, 0x00, 0x0a, 0x10, 0x00, 0x00, 0x00, 0x00, 0x0a, 0x00, 0x0a,
  0x10, 0x00, 0x00, 0x00, 0x01, 0x0a, 0x00, 0x0a, 0x01, 0x00, 0x00, 0x00,
  0x01, 0x0a, 0x00, 0x0a, 0x01, 0x00, 0x00, 0x00, 0x01, 0x0a, 0x00, 0x0a,
  0x00, 0x00, 0x00, 0x00, 0x01, 0x0a, 0x00, 0x0a, 0x00, 0x00, 0x00, 0x00,
  0x00, 0x0a, 0x00, 0x0a, 0x01, 0x00, 0x00, 0x00, 0x00, 0x0a, 0x00, 0x0a,
  0x01, 0x00, 0x00, 0x00, 0x00, 0x0a, 0x00, 0x0a, 0x00, 0x00, 0x00, 0x00,
  0x00, 0x0a, 0x00, 0x0a, 0x00, 0x00, 0x00, 0x00, 0x22, 0x14, 0x00, 0x14,
  0x22, 0x41, 0x80, 0x00, 0x02, 0x14, 0x00, 0x14, 0x20, 0x00, 0x00, 0x00,
  0x22, 0x14, 0x00, 0x14, 0x22, 0x40, 0x80, 0x00, 0x02, 0x14, 0x00, 0x14,
  0x20, 0x00, 0x00, 0x00, 0x02, 0x14, 0x00, 0x14, 0x02, 0x01, 0x00, 0x00,
  0x02, 0x14, 0x00, 0x14, 0x00, 0x00, 0x00, 0x00, 0x02, 0x14, 0x00, 0x14,
  0x02, 0x00, 0x00, 0x00, 0x02, 0x14, 0x00, 0x14, 0x00, 0x00, 0x00, 0x00,
  0x00, 0x14, 0x00, 0x14, 0x22, 0x41, 0x00, 0x00, 0x22, 0x14, 0x00, 0x14,
  0x20, 0x40, 0x80, 0x00, 0x00, 0x14, 0x00, 0x14, 0x22, 0x40, 0x00, 0x00,
  0x22, 0x14, 0x00, 0x14, 0x20, 0x40, 0x80, 0x00, 0x20, 0x14, 0x00, 0x14,
  0x02, 0x01, 0x00, 0x00, 0x02, 0x14, 0x00, 0x14, 0x00, 0x00, 0x00, 0x00,
  0x20, 0x14, 0x00, 0x14, 0x02, 0x00, 0x00, 0x00, 0x02, 0x14, 0x00, 0x14,
  0x00, 0x00, 0x00, 0x00, 0x00, 0x14, 0x00, 0x14, 0x22, 0x01, 0x00, 0x00,
  0x00, 0x14, 0x00, 0x14, 0x20, 0x40, 0x00, 0x00, 0x00, 0x14, 0x00, 0x14,
  0x22, 0x00, 0x00, 0x00, 0x00, 0x14, 0x00, 0x14, 0x20, 0x40, 0x00, 0x00,
  0x00, 0x14, 0x00, 0x14, 0x02, 0x01, 0x00, 0x00, 0x20, 0x14, 0x00, 0x14,
  0x00, 0x00, 0x00, 0x00, 0x00, 0x14, 0x00, 0x14, 0x02, 0x00, 0x00, 0x00,
  0x20, 0x14, 0x00, 0x14, 0x00, 0x00, 0x00, 0x00, 0x22, 0x14, 0x00, 0x14,
  0x22, 0x41, 0x00, 0x00, 0x00, 0x14, 0x00, 0x14, 0x20, 0x00, 0x00, 0x00,
  0x22, 0x14, 0x00, 0x14, 0x22, 0x40, 0x00, 0x00, 0x00, 0x14, 0x00, 0x14,
  0x20, 0x00, 0x00, 0x00, 0x02, 0x14, 0x00, 0x14, 0x02, 0x01, 0x00, 0x00,
  0x00, 0x14, 0x00, 0x14, 0x00, 0x00, 0x00, 0x00, 0x02, 0x14, 0x00, 0x14,
  0x02, 0x00, 0x00, 0x00, 0x00, 0x14, 0x00, 0x14, 0x00, 0x00, 0x00, 0x00,
  0x22, 0x14, 0x00, 0x14, 0x22, 0x01, 0x00, 0x00, 0x22, 0x14, 0x00, 0x14,
  0x20, 0x40, 0x00, 0x00, 0x22, 0x14, 0x00, 0x14, 0x22, 0x00, 0x00, 0x00,
  0x22, 0x14, 0x00, 0x14, 0x20, 0x40, 0x00, 0x00, 0x22, 0x14, 0x00, 0x14,
  0x02, 0x01, 0x00, 0x00, 0x02, 0x14, 0x00, 0x14, 0x00, 0x00, 0x00, 0x00,
  0x22, 0x14, 0x00, 0x14, 0x02, 0x00, 0x00, 0x00, 0x02, 0x14, 0x00, 0x14,
  0x00, 0x00, 0x00, 0x00, 0x00, 0x14, 0x00, 0x14, 0x22, 0x01, 0x00, 0x00,
  0x22, 0x14, 0x00, 0x14, 0x20, 0x00, 0x00, 0x00, 0x00, 0x14, 0x00, 0x14,
  0x22, 0x00, 0x00, 0x00, 0x22, 0x14, 0x00, 0x14, 0x20, 0x00, 0x00, 0x00,
  0x00, 0x14, 0x00, 0x14, 0x02, 0x01, 0x00, 0x00, 0x22, 0x14, 0x00, 0x14,
  0x00, 0x00, 0x00, 0x00, 0x00, 0x14, 0x00, 0x14, 0x02, 0x00, 0x00, 0x00,
  0x22, 0x14, 0x00, 0x14, 0x00, 0x00, 0x00, 0x00, 0x20, 0x14, 0x00, 0x14,
  0x22, 0x41, 0x80, 0x00, 0x00, 0x14, 0x00, 0x14, 0x20, 0x00, 0x00, 0x00,
  0x20, 0x14, 0x00, 0x14, 0x22, 0x40, 0x80, 0x00, 0x00, 0x14, 0x00, 0x14,
  0x20, 0x00, 0x00, 0x00, 0x00, 0x14, 0x00, 0x14, 0x02, 0x01, 0x00, 0x00,
  0x00, 0x14, 0x00, 0x14, 0x00, 0x00, 0x00, 0x00, 0x00, 0x14, 0x00, 0x14,
  0x02, 0x00, 0x00, 0x00, 0x00, 0x14, 0x00, 0x14, 0x00, 0x00, 0x00, 0x00,
  0x22, 0x14, 0x00, 0x14, 0x22, 0x01, 0x00, 0x00, 0x20, 0x14, 0x00, 0x14,
  0x20, 0x40, 0x80, 0x00, 0x22, 0x14, 0x00, 0x14, 0x22, 0x00, 0x00, 0x00,
  0x20, 0x14, 0x00, 0x14, 0x20, 0x40, 0x80, 0x00, 0x22, 0x14, 0x00, 0x14,
  0x02, 0x01, 0x00, 0x00, 0x00, 0x14, 0x00, 0x14, 0x00, 0x00, 0x00, 0x00,
  0x22, 0x14, 0x00, 0x14, 0x02, 0x00, 0x00, 0x00, 0x00, 0x14, 0x00, 0x14,
  0x00, 0x00, 0x00, 0x00, 0x02, 0x14, 0x00, 0x14, 0x22, 0x41, 0x80, 0x00,
  0x22, 0x14, 0x00, 0x14, 0x20, 0x00, 0x00, 0x00, 0x02, 0x14, 0x00, 0x14,
  0x22, 0x40, 0x80, 0x00, 0x22, 0x14, 0x00, 0x14, 0x20, 0x00, 0x00, 0x00,
  0x22, 0x14, 0x00, 0x14, 0x02, 0x01, 0x00, 0x00, 0x22, 0x14, 0x00, 0x14,
  0x00, 0x00, 0x00, 0x00, 0x22, 0x14, 0x00, 0x14, 0x02, 0x00, 0x00, 0x00,
  0x22, 0x14, 0x00, 0x14, 0x00, 0x00, 0x00, 0x00, 0x20, 0x14, 0x00, 0x14,
  0x22, 0x41, 0x00, 0x00, 0x02, 0x14, 0x00, 0x14, 0x20, 0x40, 0x80, 0x00,
  0x20, 0x14, 0x00, 0x14, 0x22, 0x40, 0x00, 0x00, 0x02, 0x14, 0x00, 0x14,
  0x20, 0x40, 0x80, 0x00, 0x00, 0x14, 0x00, 0x14, 0x02, 0x01, 0x00, 0x00,
  0x22, 0x14, 0x00, 0x14, 0x00, 0x00, 0x00, 0x00, 0x00, 0x14, 0x00, 0x14,
  0x02, 0x00, 0x00, 0x00, 0x22, 0x14, 0x00, 0x14, 0x00, 0x00, 0x00, 0x00,
  0x20, 0x14, 0x00, 0x14, 0x22, 0x01, 0x00, 0x00, 0x20, 0x14, 0x00, 0x14,
  0x20, 0x40, 0x00, 0x00, 0x20, 0x14, 0x00, 0x14, 0x22, 0x00, 0x00, 0x00,
  0x20, 0x14, 0x00, 0x14, 0x20, 0x40, 0x00, 0x00, 0x20, 0x14, 0x00, 0x14,
  0x02, 0x01, 0x00, 0x00, 0x00, 0x14, 0x00, 0x14, 0x00, 0x00, 0x00, 0x00,
  0x20, 0x14, 0x00, 0x14, 0x02, 0x00, 0x00, 0x00, 0x00, 0x14, 0x00, 0x14,
  0x00, 0x00, 0x00, 0x00, 0x02, 0x14, 0x00, 0x14, 0x22, 0x41, 0x00, 0x00,
  0x20, 0x14, 0x00, 0x14, 0x20, 0x00, 0x00, 0x00, 0x02, 0x14, 0x00, 0x14,
  0x22, 0x40, 0x00, 0x00, 0x20, 0x14, 0x00, 0x14, 0x20, 0x00, 0x00, 0x00,
  0x22, 0x14, 0x00, 0x14, 0x02, 0x01, 0x00, 0x00, 0x20, 0x14, 0x00, 0x14,
  0x00, 0x00, 0x00, 0x00, 0x22, 0x14, 0x00, 0x14, 0x02, 0x00, 0x00, 0x00,
  0x20, 0x14, 0x00, 0x14, 0x00, 0x00, 0x00, 0x00, 0x02, 0x14, 0x00, 0x14,
  0x22, 0x01, 0x00, 0x00, 0x02, 0x14, 0x00, 0x14, 0x20, 0x40, 0x00, 0x00,
  0x02, 0x14, 0x00, 0x14, 0x22, 0x00, 0x00, 0x00, 0x02, 0x14, 0x00, 0x14,
  0x20, 0x40, 0x00, 0x00, 0x02, 0x14, 0x00, 0x14, 0x02, 0x01, 0x00, 0x00,
  0x22, 0x14, 0x00, 0x14, 0x00, 0x00, 0x00, 0x00, 0x02, 0x14, 0x00, 0x14,
  0x02, 0x00, 0x00, 0x00, 0x22, 0x14, 0x00, 0x14, 0x00, 0x00, 0x00, 0x00,
  0x20, 0x14, 0x00, 0x14, 0x22, 0x01, 0x00, 0x00, 0x02, 0x14, 0x00, 0x14,
  0x20, 0x00, 0x00, 0x00, 0x20, 0x14, 0x00, 0x14, 0x22, 0x00, 0x00, 0x00,
  0x02, 0x14, 0x00, 0x14, 0x20, 0x00, 0x00, 0x00, 0x20, 0x14, 0x00, 0x14,
  0x02, 0x01, 0x00, 0x00, 0x02, 0x14, 0x00, 0x14, 0x00, 0x00, 0x00, 0x00,
  0x20, 0x14, 0x00, 0x14, 0x02, 0x00, 0x00, 0x00, 0x02, 0x14, 0x00, 0x14,
  0x00, 0x00, 0x00, 0x00, 0x00, 0x14, 0x00, 0x14, 0x22, 0x41, 0x80, 0x00,
  0x20, 0x14, 0x00, 0x14, 0x20, 0x00, 0x00, 0x00, 0x00, 0x14, 0x00, 0x14,
  0x22, 0x40, 0x80, 0x00, 0x20, 0x14, 0x00, 0x14, 0x20, 0x00, 0x00, 0x00,
  0x20, 0x14, 0x00, 0x14, 0x02, 0x01, 0x00, 0x00, 0x20, 0x14, 0x00, 0x14,
  0x00, 0x00, 0x00, 0x00, 0x20, 0x14, 0x00, 0x14, 0x02, 0x00, 0x00, 0x00,
  0x20, 0x14, 0x00, 0x14, 0x00, 0x00, 0x00, 0x00, 0x02, 0x14, 0x00, 0x14,
  0x22, 0x01, 0x00, 0x00, 0x00, 0x14, 0x00, 0x14, 0x20, 0x40, 0x80, 0x00,
  0x02, 0x14, 0x00, 0x14, 0x22, 0x00, 0x00, 0x00, 0x00, 0x14, 0x00, 0x14,
  0x20, 0x40, 0x80, 0x00, 0x02, 0x14, 0x00, 0x14, 0x02, 0x01, 0x00, 0x00,
  0x20, 0x14, 0x00, 0x14, 0x00, 0x00, 0x00, 0x00, 0x02, 0x14, 0x00, 0x14,
  0x02, 0x00, 0x00, 0x00, 0x20, 0x14, 0x00, 0x14, 0x00, 0x00, 0x00, 0x00,
  0x44, 0x28, 0x00, 0x28, 0x44, 0x82, 0x01, 0x00, 0x44, 0x28, 0x00, 0x28,
  0x44, 0x80, 0x00, 0x00, 0x00, 0x28, 0x00, 0x28, 0x40, 0x80, 0x00, 0x00,
  0x00, 0x28, 0x00, 0x28, 0x40, 0x80, 0x00, 0x00, 0x44, 0x28, 0x00, 0x28,
  0x00, 0x00, 0x00, 0x00, 0x44, 0x28, 0x00, 0x28, 0x00, 0x00, 0x00, 0x00,
  0x00, 0x28, 0x00, 0x28, 0x44, 0x02, 0x00, 0x00, 0x00, 0x28, 0x00, 0x28,
  0x44, 0x00, 0x00, 0x00, 0x04, 0x28, 0x00, 0x28, 0x04, 0x02, 0x00, 0x00,
  0x04, 0x28, 0x00, 0x28, 0x04, 0x00, 0x00, 0x00, 0x40, 0x28, 0x00, 0x28,
  0x04, 0x02, 0x00, 0x00, 0x40, 0x28, 0x00, 0x28, 0x04, 0x00, 0x00, 0x00,
  0x04, 0x28, 0x00, 0x28, 0x00, 0x00, 0x00, 0x00, 0x04, 0x28, 0x00, 0x28,
  0x00, 0x00, 0x00, 0x00, 0x40, 0x28, 0x00, 0x28, 0x00, 0x00, 0x00, 0x00,
  0x40, 0x28, 0x00, 0x28, 0x00, 0x00, 0x00, 0x00, 0x44, 0x28, 0x00, 0x28,
  0x40, 0x80, 0x00, 0x00, 0x44, 0x28, 0x00, 0x28, 0x40, 0x80, 0x00, 0x00,
  0x00, 0x28, 0x00, 0x28, 0x04, 0x02, 0x01, 0x00, 0x00, 0x28, 0x00, 0x28,
  0x04, 0x00, 0x00, 0x00, 0x44, 0x28, 0x00, 0x28, 0x44, 0x02, 0x01, 0x00,
  0x44, 0x28, 0x00, 0x28, 0x44, 0x00, 0x00, 0x00, 0x00, 0x28, 0x00, 0x28,
  0x40, 0x00, 0x00, 0x00, 0x00, 0x28, 0x00, 0x28, 0x40, 0x00, 0x00, 0x00,
  0x04, 0x28, 0x00, 0x28, 0x00, 0x00, 0x00, 0x00, 0x04, 0x28, 0x00, 0x28,
  0x00, 0x00, 0x00, 0x00, 0x40, 0x28, 0x00, 0x28, 0x00, 0x00, 0x00, 0x00,
  0x40, 0x28, 0x00, 0x28, 0x00, 0x00, 0x00, 0x00, 0x04, 0x28, 0x00, 0x28,
  0x04, 0x02, 0x00, 0x00, 0x04, 0x28, 0x00, 0x28, 0x04, 0x00, 0x00, 0x00,
  0x40, 0x28, 0x00, 0x28, 0x04, 0x02, 0x00, 0x00, 0x40, 0x28, 0x00, 0x28,
  0x04, 0x00, 0x00, 0x00, 0x44, 0x28, 0x00, 0x28, 0x44, 0x82, 0x00, 0x00,
  0x44, 0x28, 0x00, 0x28, 0x44, 0x80, 0x00, 0x00, 0x00, 0x28, 0x00, 0x28,
  0x00, 0x00, 0x00, 0x00, 0x00, 0x28, 0x00, 0x28, 0x00, 0x00, 0x00, 0x00,
  0x44, 0x28, 0x00, 0x28, 0x40, 0x00, 0x00, 0x00, 0x44, 0x28, 0x00, 0x28,
  0x40, 0x00, 0x00, 0x00, 0x00, 0x28, 0x00, 0x28, 0x04, 0x02, 0x01, 0x00,
  0x00, 0x28, 0x00, 0x28, 0x04, 0x00, 0x00, 0x00, 0x04, 0x28, 0x00, 0x28,
  0x44, 0x82, 0x01, 0x00, 0x04, 0x28, 0x00, 0x28, 0x44, 0x80, 0x00, 0x00,
  0x40, 0x28, 0x00, 0x28, 0x44, 0x82, 0x01, 0x00, 0x40, 0x28, 0x00, 0x28,
  0x44, 0x80, 0x00, 0x00, 0x04, 0x28, 0x00, 0x28, 0x00, 0x00, 0x00, 0x00,
  0x04, 0x28, 0x00, 0x28, 0x00, 0x00, 0x00, 0x00, 0x40, 0x28, 0x00, 0x28,
  0x00, 0x00, 0x00, 0x00, 0x40, 0x28, 0x00, 0x28, 0x00, 0x00, 0x00, 0x00,
  0x44, 0x28, 0x00, 0x28, 0x40, 0x80, 0x00, 0x00, 0x44, 0x28, 0x00, 0x28,
  0x40, 0x80, 0x00, 0x00, 0x00, 0x28, 0x00, 0x28, 0x04, 0x02, 0x00, 0x00,
  0x00, 0x28, 0x00, 0x28, 0x04, 0x00, 0x00, 0x00, 0x44, 0x28, 0x00, 0x28,
  0x44, 0x02, 0x00, 0x00, 0x44, 0x28, 0x00, 0x28, 0x44, 0x00, 0x00, 0x00,
  0x00, 0x28, 0x00, 0x28, 0x00, 0x00, 0x00, 0x00, 0x00, 0x28, 0x00, 0x28,
  0x00, 0x00, 0x00, 0x00, 0x04, 0x28, 0x00, 0x28, 0x40, 0x80, 0x00, 0x00,
  0x04, 0x28, 0x00, 0x28, 0x40, 0x80, 0x00, 0x00, 0x40, 0x28, 0x00, 0x28,
  0x40, 0x80, 0x00, 0x00, 0x40, 0x28, 0x00, 0x28, 0x40, 0x80, 0x00, 0x00,
  0x04, 0x28, 0x00, 0x28, 0x44, 0x02, 0x01, 0x00, 0x04, 0x28, 0x00, 0x28,
  0x44, 0x00, 0x00, 0x00, 0x40, 0x28, 0x00, 0x28, 0x44, 0x02, 0x01, 0x00,
  0x40, 0x28, 0x00, 0x28, 0x44, 0x00, 0x00, 0x00, 0x44, 0x28, 0x00, 0x28,
  0x04, 0x02, 0x01, 0x00, 0x44, 0x28, 0x00, 0x28, 0x04, 0x00, 0x00, 0x00,
  0x00, 0x28, 0x00, 0x28, 0x00, 0x00, 0x00, 0x00, 0x00, 0x28, 0x00, 0x28,
  0x00, 0x00, 0x00, 0x00, 0x44, 0x28, 0x00, 0x28, 0x40, 0x00, 0x00, 0x00,
  0x44, 0x28, 0x00, 0x28, 0x40, 0x00, 0x00, 0x00, 0x00, 0x28, 0x00, 0x28,
  0x04, 0x02, 0x00, 0x00, 0x00, 0x28, 0x00, 0x28, 0x04, 0x00, 0x00, 0x00,
  0x04, 0x28, 0x00, 0x28, 0x44, 0x82, 0x00, 0x00, 0x04, 0x28, 0x00, 0x28,
  0x44, 0x80, 0x00, 0x00, 0x40, 0x28, 0x00, 0x28, 0x44, 0x82, 0x00, 0x00,
  0x40, 0x28, 0x00, 0x28, 0x44, 0x80, 0x00, 0x00, 0x04, 0x28, 0x00, 0x28,
  0x40, 0x00, 0x00, 0x00, 0x04, 0x28, 0x00, 0x28, 0x40, 0x00, 0x00, 0x00,
  0x40, 0x28, 0x00, 0x28, 0x40, 0x00, 0x00, 0x00, 0x40, 0x28, 0x00, 0x28,
  0x40, 0x00, 0x00, 0x00, 0x44, 0x28, 0x00, 0x28, 0x00, 0x00, 0x00, 0x00,
  0x44, 0x28, 0x00, 0x28, 0x00, 0x00, 0x00, 0x00, 0x00, 0x28, 0x00, 0x28,
  0x44, 0x82, 0x01, 0x00, 0x00, 0x28, 0x00, 0x28, 0x44, 0x80, 0x00, 0x00,
  0x44, 0x28, 0x00, 0x28, 0x04, 0x02, 0x01, 0x00, 0x44, 0x28, 0x00, 0x28,
  0x04, 0x00, 0x00, 0x00, 0x00, 0x28, 0x00, 0x28, 0x00, 0x00, 0x00, 0x00,
  0x00, 0x28, 0x00, 0x28, 0x00, 0x00, 0x00, 0x00, 0x04, 0x28, 0x00, 0x28,
  0x40, 0x80, 0x00, 0x00, 0x04, 0x28, 0x00, 0x28, 0x40, 0x80, 0x00, 0x00,
  0x40, 0x28, 0x00, 0x28, 0x40, 0x80, 0x00, 0x00, 0x40, 0x28, 0x00, 0x28,
  0x40, 0x80, 0x00, 0x00, 0x04, 0x28, 0x00, 0x28, 0x44, 0x02, 0x00, 0x00,
  0x04, 0x28, 0x00, 0x28, 0x44, 0x00, 0x00, 0x00, 0x40, 0x28, 0x00, 0x28,
  0x44, 0x02, 0x00, 0x00, 0x40, 0x28, 0x00, 0x28, 0x44, 0x00, 0x00, 0x00,
  0x44, 0x28, 0x00, 0x28, 0x04, 0x02, 0x00, 0x00, 0x44, 0x28, 0x00, 0x28,
  0x04, 0x00, 0x00, 0x00, 0x00, 0x28, 0x00, 0x28, 0x40, 0x80, 0x00, 0x00,
  0x00, 0x28, 0x00, 0x28, 0x40, 0x80, 0x00, 0x00, 0x44, 0x28, 0x00, 0x28,
  0x00, 0x00, 0x00, 0x00, 0x44, 0x28, 0x00, 0x28, 0x00, 0x00, 0x00, 0x00,
  0x00, 0x28, 0x00, 0x28, 0x44, 0x02, 0x01, 0x00, 0x00, 0x28, 0x00, 0x28,
  0x44, 0x00, 0x00, 0x00, 0x04, 0x28, 0x00, 0x28, 0x04, 0x02, 0x01, 0x00,
  0x04, 0x28, 0x00, 0x28, 0x04, 0x00, 0x00, 0x00, 0x40, 0x28, 0x00, 0x28,
  0x04, 0x02, 0x01, 0x00, 0x40, 0x28, 0x00, 0x28, 0x04, 0x00, 0x00, 0x00,
  0x04, 0x28, 0x00, 0x28, 0x40, 0x00, 0x00, 0x00, 0x04, 0x28, 0x00, 0x28,
  0x40, 0x00, 0x00, 0x00, 0x40, 0x28, 0x00, 0x28, 0x40, 0x00, 0x00, 0x00,
  0x40, 0x28, 0x00, 0x28, 0x40, 0x00, 0x00, 0x00, 0x44, 0x28, 0x00, 0x28,
  0x00, 0x00, 0x00, 0x00, 0x44, 0x28, 0x00, 0x28, 0x00, 0x00, 0x00, 0x00,
  0x00, 0x28, 0x00, 0x28, 0x44, 0x82, 0x00, 0x00, 0x00, 0x28, 0x00, 0x28,
  0x44, 0x80, 0x00, 0x00, 0x44, 0x28, 0x00, 0x28, 0x04, 0x02, 0x00, 0x00,
  0x44, 0x28, 0x00, 0x28, 0x04, 0x00, 0x00, 0x00, 0x00, 0x28, 0x00, 0x28,
  0x40, 0x00, 0x00, 0x00, 0x00, 0x28, 0x00, 0x28, 0x40, 0x00, 0x00, 0x00,
  0x04, 0x28, 0x00, 0x28, 0x00, 0x00, 0x00, 0x00, 0x04, 0x28, 0x00, 0x28,
  0x00, 0x00, 0x00, 0x00, 0x40, 0x28, 0x00, 0x28, 0x00, 0x00, 0x00, 0x00,
  0x40, 0x28, 0x00, 0x28, 0x00, 0x00, 0x00, 0x00, 0x04, 0x28, 0x00, 0x28,
  0x04, 0x02, 0x01, 0x00, 0x04, 0x28, 0x00, 0x28, 0x04, 0x00, 0x00, 0x00,
  0x40, 0x28, 0x00, 0x28, 0x04, 0x02, 0x01, 0x00, 0x40, 0x28, 0x00, 0x28,
  0x04, 0x00, 0x00, 0x00, 0x88, 0x50, 0x00, 0x50, 0x88, 0x04, 0x02, 0x01,
  0x88, 0x50, 0x00, 0x50, 0x80, 0x00, 0x00, 0x00, 0x88, 0x50, 0x00, 0x50,
  0x08, 0x04, 0x02, 0x01, 0x88, 0x50, 0x00, 0x50, 0x00, 0x00, 0x00, 0x00,
  0x88, 0x50, 0x00, 0x50, 0x88, 0x04, 0x00, 0x00, 0x88, 0x50, 0x00, 0x50,
  0x80, 0x00, 0x00, 0x00, 0x88, 0x50, 0x00, 0x50, 0x08, 0x04, 0x00, 0x00,
  0x88, 0x50, 0x00, 0x50, 0x00, 0x00, 0x00, 0x00, 0x00, 0x50, 0x00, 0x50,
  0x88, 0x04, 0x02, 0x00, 0x00, 0x50, 0x00, 0x50, 0x80, 0x00, 0x00, 0x00,
  0x00, 0x50, 0x00, 0x50, 0x08, 0x04, 0x02, 0x00, 0x00, 0x50, 0x00, 0x50,
  0x00, 0x00, 0x00, 0x00, 0x00, 0x50, 0x00, 0x50, 0x88, 0x04, 0x00, 0x00,
  0x00, 0x50, 0x00, 0x50, 0x80, 0x00, 0x00, 0x00, 0x00, 0x50, 0x00, 0x50,
  0x08, 0x04, 0x00, 0x00, 0x00, 0x50, 0x00, 0x50, 0x00, 0x00, 0x00, 0x00,
  0x88, 0x50, 0x00, 0x50, 0x88, 0x04, 0x02, 0x00, 0x88, 0x50, 0x00, 0x50,
  0x80, 0x00, 0x00, 0x00, 0x88, 0x50, 0x00, 0x50, 0x08, 0x04, 0x02, 0x00,
  0x88, 0x50, 0x00, 0x50, 0x00, 0x00, 0x00, 0x00, 0x88, 0x50, 0x00, 0x50,
  0x88, 0x04, 0x00, 0x00, 0x88, 0x50, 0x00, 0x50, 0x80, 0x00, 0x00, 0x00,
  0x88, 0x50, 0x00, 0x50, 0x08, 0x04, 0x00, 0x00, 0x88, 0x50, 0x00, 0x50,
  0x00, 0x00, 0x00, 0x00, 0x80, 0x50, 0x00, 0x50, 0x88, 0x04, 0x02, 0x01,
  0x80, 0x50, 0x00, 0x50, 0x80, 0x00, 0x00, 0x00, 0x80, 0x50, 0x00, 0x50,
  0x08, 0x04, 0x02, 0x01, 0x80, 0x50, 0x00, 0x50, 0x00, 0x00, 0x00, 0x00,
  0x80, 0x50, 0x00, 0x50, 0x88, 0x04, 0x00, 0x00, 0x80, 0x50, 0x00, 0x50,
  0x80, 0x00, 0x00, 0x00, 0x80, 0x50, 0x00, 0x50, 0x08, 0x04, 0x00, 0x00,
  0x80, 0x50, 0x00, 0x50, 0x00, 0x00, 0x00, 0x00, 0x08, 0x50, 0x00, 0x50,
  0x80, 0x00, 0x00, 0x00, 0x08, 0x50, 0x00, 0x50, 0x88, 0x00, 0x00, 0x00,
  0x08, 0x50, 0x00, 0x50, 0x00, 0x00, 0x00, 0x00, 0x08, 0x50, 0x00, 0x50,
  0x08, 0x00, 0x00, 0x00, 0x08, 0x50, 0x00, 0x50, 0x80, 0x00, 0x00, 0x00,
  0x08, 0x50, 0x00, 0x50, 0x88, 0x00, 0x00, 0x00, 0x08, 0x50, 0x00, 0x50,
  0x00, 0x00, 0x00, 0x00, 0x08, 0x50, 0x00, 0x50, 0x08, 0x00, 0x00, 0x00,
  0x80, 0x50, 0x00, 0x50, 0x88, 0x04, 0x02, 0x00, 0x80, 0x50, 0x00, 0x50,
  0x80, 0x00, 0x00, 0x00, 0x80, 0x50, 0x00, 0x50, 0x08, 0x04, 0x02, 0x00,
  0x80, 0x50, 0x00, 0x50, 0x00, 0x00, 0x00, 0x00, 0x80, 0x50, 0x00, 0x50,
  0x88, 0x04, 0x00, 0x00, 0x80, 0x50, 0x00, 0x50, 0x80, 0x00, 0x00, 0x00,
  0x80, 0x50, 0x00, 0x50, 0x08, 0x04, 0x00, 0x00, 0x80, 0x50, 0x00, 0x50,
  0x00, 0x00, 0x00, 0x00, 0x08, 0x50, 0x00, 0x50, 0x80, 0x00, 0x00, 0x00,
  0x08, 0x50, 0x00, 0x50, 0x88, 0x00, 0x00, 0x00, 0x08, 0x50, 0x00, 0x50,
  0x00, 0x00, 0x00, 0x00, 0x08, 0x50, 0x00, 0x50, 0x08, 0x00, 0x00, 0x00,
  0x08, 0x50, 0x00, 0x50, 0x80, 0x00, 0x00, 0x00, 0x08, 0x50, 0x00, 0x50,
  0x88, 0x00, 0x00, 0x00, 0x08, 0x50, 0x00, 0x50, 0x00, 0x00, 0x00, 0x00,
  0x08, 0x50, 0x00, 0x50, 0x08, 0x00, 0x00, 0x00, 0x00, 0x50, 0x00, 0x50,
  0x80, 0x00, 0x00, 0x00, 0x00, 0x50, 0x00, 0x50, 0x88, 0x00, 0x00, 0x00,
  0x00, 0x50, 0x00, 0x50, 0x00, 0x00, 0x00, 0x00, 0x00, 0x50, 0x00, 0x50,
  0x08, 0x00, 0x00, 0x00, 0x00, 0x50, 0x00, 0x50, 0x80, 0x00, 0x00, 0x00,
  0x00, 0x50, 0x00, 0x50, 0x88, 0x00, 0x00, 0x00, 0x00, 0x50, 0x00, 0x50,
  0x00, 0x00, 0x00, 0x00, 0x00, 0x50, 0x00, 0x50, 0x08, 0x00, 0x00, 0x00,
  0x88, 0x50, 0x00, 0x50, 0x80, 0x00, 0x00, 0x00, 0x88, 0x50, 0x00, 0x50,
  0x88, 0x00, 0x00, 0x00, 0x88, 0x50, 0x00, 0x50, 0x00, 0x00, 0x00, 0x00,
  0x88, 0x50, 0x00, 0x50, 0x08, 0x00, 0x00, 0x00, 0x88, 0x50, 0x00, 0x50,
  0x80, 0x00, 0x00, 0x00, 0x88, 0x50, 0x00, 0x50, 0x88, 0x00, 0x00, 0x00,
  0x88, 0x50, 0x00, 0x50, 0x00, 0x00, 0x00, 0x00, 0x88, 0x50, 0x00, 0x50,
  0x08, 0x00, 0x00, 0x00, 0x00, 0x50, 0x00, 0x50, 0x80, 0x00, 0x00, 0x00,
  0x00, 0x50, 0x00, 0x50, 0x88, 0x00, 0x00, 0x00, 0x00, 0x50, 0x00, 0x50,
  0x00, 0x00, 0x00, 0x00, 0x00, 0x50, 0x00, 0x50, 0x08, 0x00, 0x00, 0x00,
  0x00, 0x50, 0x00, 0x50, 0x80, 0x00, 0x00, 0x00, 0x00, 0x50, 0x00, 0x50,
  0x88, 0x00, 0x00, 0x00, 0x00, 0x50, 0x00, 0x50, 0x00, 0x00, 0x00, 0x00,
  0x00, 0x50, 0x00, 0x50, 0x08, 0x00, 0x00, 0x00, 0x88, 0x50, 0x00, 0x50,
  0x80, 0x00, 0x00, 0x00, 0x88, 0x50, 0x00, 0x50, 0x88, 0x00, 0x00, 0x00,
  0x88, 0x50, 0x00, 0x50, 0x00, 0x00, 0x00, 0x00, 0x88, 0x50, 0x00, 0x50,
  0x08, 0x00, 0x00, 0x00, 0x88, 0x50, 0x00, 0x50, 0x80, 0x00, 0x00, 0x00,
  0x88, 0x50, 0x00, 0x50, 0x88, 0x00, 0x00, 0x00, 0x88, 0x50, 0x00, 0x50,
  0x00, 0x00, 0x00, 0x00, 0x88, 0x50, 0x00, 0x50, 0x08, 0x00, 0x00, 0x00,
  0x80, 0x50, 0x00, 0x50, 0x80, 0x00, 0x00, 0x00, 0x80, 0x50, 0x00, 0x50,
  0x88, 0x00, 0x00, 0x00, 0x80, 0x50, 0x00, 0x50, 0x00, 0x00, 0x00, 0x00,
  0x80, 0x50, 0x00, 0x50, 0x08, 0x00, 0x00, 0x00, 0x80, 0x50, 0x00, 0x50,
  0x80, 0x00, 0x00, 0x00, 0x80, 0x50, 0x00, 0x50, 0x88, 0x00, 0x00, 0x00,
  0x80, 0x50, 0x00, 0x50, 0x00, 0x00, 0x00, 0x00, 0x80, 0x50, 0x00, 0x50,
  0x08, 0x00, 0x00, 0x00, 0x08, 0x50, 0x00, 0x50, 0x88, 0x04, 0x02, 0x01,
  0x08, 0x50, 0x00, 0x50, 0x80, 0x00, 0x00, 0x00, 0x08, 0x50, 0x00, 0x50,
  0x08, 0x04, 0x02, 0x01, 0x08, 0x50, 0x00, 0x50, 0x00, 0x00, 0x00, 0x00,
  0x08, 0x50, 0x00, 0x50, 0x88, 0x04, 0x00, 0x00, 0x08, 0x50, 0x00, 0x50,
  0x80, 0x00, 0x00, 0x00, 0x08, 0x50, 0x00, 0x50, 0x08, 0x04, 0x00, 0x00,
  0x08, 0x50, 0x00, 0x50, 0x00, 0x00, 0x00, 0x00, 0x80, 0x50, 0x00, 0x50,
  0x80, 0x00, 0x00, 0x00, 0x80, 0x50, 0x00, 0x50, 0x88, 0x00, 0x00, 0x00,
  0x80, 0x50, 0x00, 0x50, 0x00, 0x00, 0x00, 0x00, 0x80, 0x50, 0x00, 0x50,
  0x08, 0x00, 0x00, 0x00, 0x80, 0x50, 0x00, 0x50, 0x80, 0x00, 0x00, 0x00,
  0x80, 0x50, 0x00, 0x50, 0x88, 0x00, 0x00, 0x00, 0x80, 0x50, 0x00, 0x50,
  0x00, 0x00, 0x00, 0x00, 0x80, 0x50, 0x00, 0x50, 0x08, 0x00, 0x00, 0x00,
  0x08, 0x50, 0x00, 0x50, 0x88, 0x04, 0x02, 0x00, 0x08, 0x50, 0x00, 0x50,
  0x80, 0x00, 0x00, 0x00, 0x08, 0x50, 0x00, 0x50, 0x08, 0x04, 0x02, 0x00,
  0x08, 0x50, 0x00, 0x50, 0x00, 0x00, 0x00, 0x00, 0x08, 0x50, 0x00, 0x50,
  0x88, 0x04, 0x00, 0x00, 0x08, 0x50, 0x00, 0x50, 0x80, 0x00, 0x00, 0x00,
  0x08, 0x50, 0x00, 0x50, 0x08, 0x04, 0x00, 0x00, 0x08, 0x50, 0x00, 0x50,
  0x00, 0x00, 0x00, 0x00, 0x00, 0x50, 0x00, 0x50, 0x88, 0x04, 0x02, 0x01,
  0x00, 0x50, 0x00, 0x50, 0x80, 0x00, 0x00, 0x00, 0x00, 0x50, 0x00, 0x50,
  0x08, 0x04, 0x02, 0x01, 0x00, 0x50, 0x00, 0x50, 0x00, 0x00, 0x00, 0x00,
  0x00, 0x50, 0x00, 0x50, 0x88, 0x04, 0x00, 0x00, 0x00, 0x50, 0x00, 0x50,
  0x80, 0x00, 0x00, 0x00, 0x00, 0x50, 0x00, 0x50, 0x08, 0x04, 0x00, 0x00,
  0x00, 0x50, 0x00, 0x50, 0x00, 0x00, 0x00, 0x00, 0x10, 0xa0, 0x00, 0xa0,
  0x10, 0x08, 0x04, 0x02, 0x10, 0xa0, 0x00, 0xa0, 0x00, 0x00, 0x00, 0x00,
  0x10, 0xa0, 0x00, 0xa0, 0x10, 0x08, 0x04, 0x00, 0x10, 0xa0, 0x00, 0xa0,
  0x00, 0x00, 0x00, 0x00, 0x10, 0xa0, 0x00, 0xa0, 0x10, 0x08, 0x00, 0x00,
  0x10, 0xa0, 0x00, 0xa0, 0x00, 0x00, 0x00, 0x00, 0x10, 0xa0, 0x00, 0xa0,
  0x10, 0x08, 0x00, 0x00, 0x10, 0xa0, 0x00, 0xa0, 0x00, 0x00, 0x00, 0x00,
  0x10, 0xa0, 0x00, 0xa0, 0x10, 0x00, 0x00, 0x00, 0x10, 0xa0, 0x00, 0xa0,
  0x00, 0x00, 0x00, 0x00, 0x10, 0xa0, 0x00, 0xa0, 0x10, 0x00, 0x00, 0x00,
  0x10, 0xa0, 0x00, 0xa0, 0x00, 0x00, 0x00, 0x00, 0x10, 0xa0, 0x00, 0xa0,
  0x10, 0x00, 0x00, 0x00, 0x10, 0xa0, 0x00, 0xa0, 0x00, 0x00, 0x00, 0x00,
  0x10, 0xa0, 0x00, 0xa0, 0x10, 0x00, 0x00, 0x00, 0x10, 0xa0, 0x00, 0xa0,
  0x00, 0x00, 0x00, 0x00, 0x00, 0xa0, 0x00, 0xa0, 0x10, 0x08, 0x04, 0x02,
  0x00, 0xa0, 0x00, 0xa0, 0x00, 0x00, 0x00, 0x00, 0x00, 0xa0, 0x00, 0xa0,
  0x10, 0x08, 0x04, 0x00, 0x00, 0xa0, 0x00, 0xa0, 0x00, 0x00, 0x00, 0x00,
  0x00, 0xa0, 0x00, 0xa0, 0x10, 0x08, 0x00, 0x00, 0x00, 0xa0, 0x00, 0xa0,
  0x00, 0x00, 0x00, 0x00, 0x00, 0xa0, 0x00, 0xa0, 0x10, 0x08, 0x00, 0x00,
  0x00, 0xa0, 0x00, 0xa0, 0x00, 0x00, 0x00, 0x00, 0x00, 0xa0, 0x00, 0xa0,
  0x10, 0x00, 0x00, 0x00, 0x00, 0xa0, 0x00, 0xa0, 0x00, 0x00, 0x00, 0x00,
  0x00, 0xa0, 0x00, 0xa0, 0x10, 0x00, 0x00, 0x00, 0x00, 0xa0, 0x00, 0xa0,
  0x00, 0x00, 0x00, 0x00, 0x00, 0xa0, 0x00, 0xa0, 0x10, 0x00, 0x00, 0x00,
  0x00, 0xa0, 0x00, 0xa0, 0x00, 0x00, 0x00, 0x00, 0x00, 0xa0, 0x00, 0xa0,
  0x10, 0x00, 0x00, 0x00, 0x00, 0xa0, 0x00, 0xa0, 0x00, 0x00, 0x00, 0x00,
  0x20, 0x40, 0x00, 0x40, 0x20, 0x10, 0x08, 0x04, 0x00, 0x40, 0x00, 0x40,
  0x20, 0x00, 0x00, 0x00, 0x20, 0x40, 0x00, 0x40, 0x00, 0x00, 0x00, 0x00,
  0x00, 0x40, 0x00, 0x40, 0x00, 0x00, 0x00, 0x00, 0x20, 0x40, 0x00, 0x40,
  0x20, 0x10, 0x08, 0x00, 0x20, 0x40, 0x00, 0x40, 0x20, 0x10, 0x00, 0x00,
  0x20, 0x40, 0x00, 0x40, 0x00, 0x00, 0x00, 0x00, 0x20, 0x40, 0x00, 0x40,
  0x00, 0x00, 0x00, 0x00, 0x00, 0x40, 0x00, 0x40, 0x20, 0x10, 0x08, 0x04,
  0x20, 0x40, 0x00, 0x40, 0x20, 0x10, 0x00, 0x00, 0x00, 0x40, 0x00, 0x40,
  0x00, 0x00, 0x00, 0x00, 0x20, 0x40, 0x00, 0x40, 0x00, 0x00, 0x00, 0x00,
  0x00, 0x40, 0x00, 0x40, 0x20, 0x10, 0x08, 0x00, 0x00, 0x40, 0x00, 0x40,
  0x20, 0x10, 0x00, 0x00, 0x00, 0x40, 0x00, 0x40, 0x00, 0x00, 0x00, 0x00,
  0x00, 0x40, 0x00, 0x40, 0x00, 0x00, 0x00, 0x00, 0x20, 0x40, 0x00, 0x40,
  0x20, 0x00, 0x00, 0x00, 0x00, 0x40, 0x00, 0x40, 0x20, 0x10, 0x00, 0x00,
  0x20, 0x40, 0x00, 0x40, 0x00, 0x00, 0x00, 0x00, 0x00, 0x40, 0x00, 0x40,
  0x00, 0x00, 0x00, 0x00, 0x20, 0x40, 0x00, 0x40, 0x20, 0x00, 0x00, 0x00,
  0x20, 0x40, 0x00, 0x40, 0x20, 0x00, 0x00, 0x00, 0x20, 0x40, 0x00, 0x40,
  0x00, 0x00, 0x00, 0x00, 0x20, 0x40, 0x00, 0x40, 0x00, 0x00, 0x00, 0x00,
  0x00, 0x40, 0x00, 0x40, 0x20, 0x00, 0x00, 0x00, 0x20, 0x40, 0x00, 0x40,
  0x20, 0x00, 0x00, 0x00, 0x00, 0x40, 0x00, 0x40, 0x00, 0x00, 0x00, 0x00,
  0x20, 0x40, 0x00, 0x40, 0x00, 0x00, 0x00, 0x00, 0x00, 0x40, 0x00, 0x40,
  0x20, 0x00, 0x00, 0x00, 0x00, 0x40, 0x00, 0x40, 0x20, 0x00, 0x00, 0x00,
  0x00, 0x40, 0x00, 0x40, 0x00, 0x00, 0x00, 0x00, 0x00, 0x40, 0x00, 0x40,
  0x00, 0x00, 0x00, 0x00, 0x08, 0x04, 0x02, 0x00, 0x02, 0x04, 0x08, 0x10,
  0x00, 0x00, 0x02, 0x00, 0x02, 0x04, 0x08, 0x00, 0x08, 0x04, 0x02, 0x00,
  0x02, 0x04, 0x00, 0x00, 0x00, 0x00, 0x02, 0x00, 0x02, 0x04, 0x00, 0x00,
  0x08, 0x04, 0x02, 0x00, 0x02, 0x00, 0x00, 0x00, 0x00, 0x00, 0x02, 0x00,
  0x02, 0x00, 0x00, 0x00, 0x08, 0x04, 0x02, 0x00, 0x02, 0x00, 0x00, 0x00,
  0x00, 0x00, 0x02, 0x00, 0x02, 0x00, 0x00, 0x00, 0x00, 0x04, 0x02, 0x00,
  0x02, 0x04, 0x08, 0x10, 0x00, 0x00, 0x02, 0x00, 0x02, 0x04, 0x08, 0x00,
  0x00, 0x04, 0x02, 0x00, 0x02, 0x04, 0x00, 0x00, 0x00, 0x00, 0x02, 0x00,
  0x02, 0x04, 0x00, 0x00, 0x00, 0x04, 0x02, 0x00, 0x02, 0x00, 0x00, 0x00,
  0x00, 0x00, 0x02, 0x00, 0x02, 0x00, 0x00, 0x00, 0x00, 0x04, 0x02, 0x00,
  0x02, 0x00, 0x00, 0x00, 0x00, 0x00, 0x02, 0x00, 0x02, 0x00, 0x00, 0x00,
  0x08, 0x04, 0x02, 0x00, 0x02, 0x04, 0x08, 0x00, 0x00, 0x00, 0x02, 0x00,
  0x02, 0x04, 0x08, 0x10, 0x08, 0x04, 0x02, 0x00, 0x02, 0x04, 0x00, 0x00,
  0x00, 0x00, 0x02, 0x00, 0x02, 0x04, 0x00, 0x00, 0x08, 0x04, 0x02, 0x00,
  0x02, 0x00, 0x00, 0x00, 0x00, 0x00, 0x02, 0x00, 0x02, 0x00, 0x00, 0x00,
  0x08, 0x04, 0x02, 0x00, 0x02, 0x00, 0x00, 0x00, 0x00, 0x00, 0x02, 0x00,
  0x02, 0x00, 0x00, 0x00, 0x00, 0x04, 0x02, 0x00, 0x02, 0x04, 0x08, 0x00,
  0x00, 0x00, 0x02, 0x00, 0x02, 0x04, 0x08, 0x10, 0x00, 0x04, 0x02, 0x00,
  0x02, 0x04, 0x00, 0x00, 0x00, 0x00, 0x02, 0x00, 0x02, 0x04, 0x00, 0x00,
  0x00, 0x04, 0x02, 0x00, 0x02, 0x00, 0x00, 0x00, 0x00, 0x00, 0x02, 0x00,
  0x02, 0x00, 0x00, 0x00, 0x00, 0x04, 0x02, 0x00, 0x02, 0x00, 0x00, 0x00,
  0x00, 0x00, 0x02, 0x00, 0x02, 0x00, 0x00, 0x00, 0x10, 0x08, 0x05, 0x00,
  0x05, 0x08, 0x10, 0x20, 0x10, 0x08, 0x05, 0x00, 0x05, 0x00, 0x00, 0x00,
  0x10, 0x08, 0x05, 0x00, 0x05, 0x08, 0x00, 0x00, 0x10, 0x08, 0x05, 0x00,
  0x05, 0x00, 0x00, 0x00, 0x10, 0x08, 0x05, 0x00, 0x05, 0x08, 0x10, 0x00,
  0x10, 0x08, 0x05, 0x00, 0x05, 0x00, 0x00, 0x00, 0x10, 0x08, 0x05, 0x00,
  0x05, 0x08, 0x00, 0x00, 0x10, 0x08, 0x05, 0x00, 0x05, 0x00, 0x00, 0x00,
  0x00, 0x00, 0x05, 0x00, 0x05, 0x08, 0x10, 0x20, 0x00, 0x00, 0x05, 0x00,
  0x05, 0x00, 0x00, 0x00, 0x00, 0x00, 0x05, 0x00, 0x05, 0x08, 0x00, 0x00,
  0x00, 0x00, 0x05, 0x00, 0x05, 0x00, 0x00, 0x00, 0x00, 0x00, 0x05, 0x00,
  0x05, 0x08, 0x10, 0x00, 0x00, 0x00, 0x05, 0x00, 0x05, 0x00, 0x00, 0x00,
  0x00, 0x00, 0x05, 0x00, 0x05, 0x08, 0x00, 0x00, 0x00, 0x00, 0x05, 0x00,
  0x05, 0x00, 0x00, 0x00, 0x00, 0x08, 0x05, 0x00, 0x05, 0x08, 0x10, 0x20,
  0x00, 0x08, 0x05, 0x00, 0x05, 0x00, 0x00, 0x00, 0x00, 0x08, 0x05, 0x00,
  0x05, 0x08, 0x00, 0x00, 0x00, 0x08, 0x05, 0x00, 0x05, 0x00, 0x00, 0x00,
  0x00, 0x08, 0x05, 0x00, 0x05, 0x08, 0x10, 0x00, 0x00, 0x08, 0x05, 0x00,
  0x05, 0x00, 0x00, 0x00, 0x00, 0x08, 0x05, 0x00, 0x05, 0x08, 0x00, 0x00,
  0x00, 0x08, 0x05, 0x00, 0x05, 0x00, 0x00, 0x00, 0x00, 0x00, 0x05, 0x00,
  0x05, 0x08, 0x10, 0x20, 0x00, 0x00, 0x05, 0x00, 0x05, 0x00, 0x00, 0x00,
  0x00, 0x00, 0x05, 0x00, 0x05, 0x08, 0x00, 0x00, 0x00, 0x00, 0x05, 0x00,
  0x05, 0x00, 0x00, 0x00, 0x00, 0x00, 0x05, 0x00, 0x05, 0x08, 0x10, 0x00,
  0x00, 0x00, 0x05, 0x00, 0x05, 0x00, 0x00, 0x00, 0x00, 0x00, 0x05, 0x00,
  0x05, 0x08, 0x00, 0x00, 0x00, 0x00, 0x05, 0x00, 0x05, 0x00, 0x00, 0x00,
  0x20, 0x11, 0x0a, 0x00, 0x0a, 0x11, 0x20, 0x40, 0x20, 0x11, 0x0a, 0x00,
  0x0a, 0x10, 0x20, 0x40, 0x00, 0x00, 0x0a, 0x00, 0x0a, 0x01, 0x00, 0x00,
  0x00, 0x00, 0x0a, 0x00, 0x0a, 0x00, 0x00, 0x00, 0x20, 0x11, 0x0a, 0x00,
  0x0a, 0x01, 0x00, 0x00, 0x20, 0x11, 0x0a, 0x00, 0x0a, 0x00, 0x00, 0x00,
  0x00, 0x11, 0x0a, 0x00, 0x0a, 0x11, 0x20, 0x40, 0x00, 0x11, 0x0a, 0x00,
  0x0a, 0x10, 0x20, 0x40, 0x20, 0x10, 0x0a, 0x00, 0x0a, 0x11, 0x20, 0x00,
  0x20, 0x10, 0x0a, 0x00, 0x0a, 0x10, 0x20, 0x00, 0x00, 0x11, 0x0a, 0x00,
  0x0a, 0x01, 0x00, 0x00, 0x00, 0x11, 0x0a, 0x00, 0x0a, 0x00, 0x00, 0x00,
  0x20, 0x10, 0x0a, 0x00, 0x0a, 0x01, 0x00, 0x00, 0x20, 0x10, 0x0a, 0x00,
  0x0a, 0x00, 0x00, 0x00, 0x00, 0x10, 0x0a, 0x00, 0x0a, 0x11, 0x20, 0x00,
  0x00, 0x10, 0x0a, 0x00, 0x0a, 0x10, 0x20, 0x00, 0x20, 0x11, 0x0a, 0x00,
  0x0a, 0x11, 0x00, 0x00, 0x20, 0x11, 0x0a, 0x00, 0x0a, 0x10, 0x00, 0x00,
  0x00, 0x10, 0x0a, 0x00, 0x0a, 0x01, 0x00, 0x00, 0x00, 0x10, 0x0a, 0x00,
  0x0a, 0x00, 0x00, 0x00, 0x20, 0x11, 0x0a, 0x00, 0x0a, 0x01, 0x00, 0x00,
  0x20, 0x11, 0x0a, 0x00, 0x0a, 0x00, 0x00, 0x00, 0x00, 0x11, 0x0a, 0x00,
  0x0a, 0x11, 0x00, 0x00, 0x00, 0x11, 0x0a, 0x00, 0x0a, 0x10, 0x00, 0x00,
  0x20, 0x10, 0x0a, 0x00, 0x0a, 0x11, 0x00, 0x00, 0x20, 0x10, 0x0a, 0x00,
  0x0a, 0x10, 0x00, 0x00, 0x00, 0x11, 0x0a, 0x00, 0x0a, 0x01, 0x00, 0x00,
  0x00, 0x11, 0x0a, 0x00, 0x0a, 0x00, 0x00, 0x00, 0x20, 0x10, 0x0a, 0x00,
  0x0a, 0x01, 0x00, 0x00, 0x20, 0x10, 0x0a, 0x00, 0x0a, 0x00, 0x00, 0x00,
  0x00, 0x10, 0x0a, 0x00, 0x0a, 0x11, 0x00, 0x00, 0x00, 0x10, 0x0a, 0x00,
  0x0a, 0x10, 0x00, 0x00, 0x00, 0x01, 0x0a, 0x00, 0x0a, 0x11, 0x20, 0x40,
  0x00, 0x01, 0x0a, 0x00, 0x0a, 0x10, 0x20, 0x40, 0x00, 0x10, 0x0a, 0x00,
  0x0a, 0x01, 0x00, 0x00, 0x00, 0x10, 0x0a, 0x00, 0x0a, 0x00, 0x00, 0x00,
  0x00, 0x01, 0x0a, 0x00, 0x0a, 0x01, 0x00, 0x00, 0x00, 0x01, 0x0a, 0x00,
  0x0a, 0x00, 0x00, 0x00, 0x00, 0x01, 0x0a, 0x00, 0x0a, 0x11, 0x20, 0x40,
  0x00, 0x01, 0x0a, 0x00, 0x0a, 0x10, 0x20, 0x40, 0x00, 0x00, 0x0a, 0x00,
  0x0a, 0x11, 0x20, 0x00, 0x00, 0x00, 0x0a, 0x00, 0x0a, 0x10, 0x20, 0x00,
  0x00, 0x01, 0x0a, 0x00, 0x0a, 0x01, 0x00, 0x00, 0x00, 0x01, 0x0a, 0x00,
  0x0a, 0x00, 0x00, 0x00, 0x00, 0x00, 0x0a, 0x00, 0x0a, 0x01, 0x00, 0x00,
  0x00, 0x00, 0x0a, 0x00, 0x0a, 0x00, 0x00, 0x00, 0x00, 0x00, 0x0a, 0x00,
  0x0a, 0x11, 0x20, 0x00, 0x00, 0x00, 0x0a, 0x00, 0x0a, 0x10, 0x20, 0x00,
  0x00, 0x01, 0x0a, 0x00, 0x0a, 0x11, 0x00, 0x00, 0x00, 0x01, 0x0a, 0x00,
  0x0a, 0x10, 0x00, 0x00, 0x00, 0x00, 0x0a, 0x00, 0x0a, 0x01, 0x00, 0x00,
  0x00, 0x00, 0x0a, 0x00, 0x0a, 0x00, 0x00, 0x00, 0x00, 0x01, 0x0a, 0x00,
  0x0a, 0x01, 0x00, 0x00, 0x00, 0x01, 0x0a, 0x00, 0x0a, 0x00, 0x00, 0x00,
  0x00, 0x01, 0x0a, 0x00, 0x0a, 0x11, 0x00, 0x00, 0x00, 0x01, 0x0a, 0x00,
  0x0a, 0x10, 0x00, 0x00, 0x00, 0x00, 0x0a, 0x00, 0x0a, 0x11, 0x00, 0x00,
  0x00, 0x00, 0x0a, 0x00, 0x0a, 0x10, 0x00, 0x00, 0x00, 0x01, 0x0a, 0x00,
  0x0a, 0x01, 0x00, 0x00, 0x00, 0x01, 0x0a, 0x00, 0x0a, 0x00, 0x00, 0x00,
  0x00, 0x00, 0x0a, 0x00, 0x0a, 0x01, 0x00, 0x00, 0x00, 0x00, 0x0a, 0x00,
  0x0a, 0x00, 0x00, 0x00, 0x00, 0x00, 0x0a, 0x00, 0x0a, 0x11, 0x00, 0x00,
  0x00, 0x00, 0x0a, 0x00, 0x0a, 0x10, 0x00, 0x00, 0x20, 0x11, 0x0a, 0x00,
  0x0a, 0x11, 0x20, 0x00, 0x20, 0x11, 0x0a, 0x00, 0x0a, 0x10, 0x20, 0x00,
  0x00, 0x00, 0x0a, 0x00, 0x0a, 0x01, 0x00, 0x00, 0x00, 0x00, 0x0a, 0x00,
  0x0a, 0x00, 0x00, 0x00, 0x20, 0x11, 0x0a, 0x00, 0x0a, 0x01, 0x00, 0x00,
  0x20, 0x11, 0x0a, 0x00, 0x0a, 0x00, 0x00, 0x00, 0x00, 0x11, 0x0a, 0x00,
  0x0a, 0x11, 0x20, 0x00, 0x00, 0x11, 0x0a, 0x00, 0x0a, 0x10, 0x20, 0x00,
  0x20, 0x10, 0x0a, 0x00, 0x0a, 0x11, 0x20, 0x40, 0x20, 0x10, 0x0a, 0x00,
  0x0a, 0x10, 0x20, 0x40, 0x00, 0x11, 0x0a, 0x00, 0x0a, 0x01, 0x00, 0x00,
  0x00, 0x11, 0x0a, 0x00, 0x0a, 0x00, 0x00, 0x00, 0x20, 0x10, 0x0a, 0x00,
  0x0a, 0x01, 0x00, 0x00, 0x20, 0x10, 0x0a, 0x00, 0x0a, 0x00, 0x00, 0x00,
  0x00, 0x10, 0x0a, 0x00, 0x0a, 0x11, 0x20, 0x40, 0x00, 0x10, 0x0a, 0x00,
  0x0a, 0x10, 0x20, 0x40, 0x20, 0x11, 0x0a, 0x00, 0x0a, 0x11, 0x00, 0x00,
  0x20, 0x11, 0x0a, 0x00, 0x0a, 0x10, 0x00, 0x00, 0x00, 0x10, 0x0a, 0x00,
  0x0a, 0x01, 0x00, 0x00, 0x00, 0x10, 0x0a, 0x00, 0x0a, 0x00, 0x00, 0x00,
  0x20, 0x11, 0x0a, 0x00, 0x0a, 0x01, 0x00, 0x00, 0x20, 0x11, 0x0a, 0x00,
  0x0a, 0x00, 0x00, 0x00, 0x00, 0x11, 0x0a, 0x00, 0x0a, 0x11, 0x00, 0x00,
  0x00, 0x11, 0x0a, 0x00, 0x0a, 0x10, 0x00, 0x00, 0x20, 0x10, 0x0a, 0x00,
  0x0a, 0x11, 0x00, 0x00, 0x20, 0x10, 0x0a, 0x00, 0x0a, 0x10, 0x00, 0x00,
  0x00, 0x11, 0x0a, 0x00, 0x0a, 0x01, 0x00, 0x00, 0x00, 0x11, 0x0a, 0x00,
  0x0a, 0x00, 0x00, 0x00, 0x20, 0x10, 0x0a, 0x00, 0x0a, 0x01, 0x00, 0x00,
  0x20, 0x10, 0x0a, 0x00, 0x0a, 0x00, 0x00, 0x00, 0x00, 0x10, 0x0a, 0x00,
  0x0a, 0x11, 0x00, 0x00, 0x00, 0x10, 0x0a, 0x00, 0x0a, 0x10, 0x00, 0x00,
  0x00, 0x01, 0x0a, 0x00, 0x0a, 0x11, 0x20, 0x00, 0x00, 0x01, 0x0a, 0x00,
  0x0a, 0x10, 0x20, 0x00, 0x00, 0x10, 0x0a, 0x00, 0x0a, 0x01, 0x00, 0x00,
  0x00, 0x10, 0x0a, 0x00, 0x0a, 0x00, 0x00, 0x00, 0x00, 0x01, 0x0a, 0x00,
  0x0a, 0x01, 0x00, 0x00, 0x00, 0x01, 0x0a, 0x00, 0x0a, 0x00, 0x00, 0x00,
  0x00, 0x01, 0x0a, 0x00, 0x0a, 0x11, 0x20, 0x00, 0x00, 0x01, 0x0a, 0x00,
  0x0a, 0x10, 0x20, 0x00, 0x00, 0x00, 0x0a, 0x00, 0x0a, 0x11, 0x20, 0x40,
  0x00, 0x00, 0x0a, 0x00, 0x0a, 0x10, 0x20, 0x40, 0x00, 0x01, 0x0a, 0x00,
  0x0a, 0x01, 0x00, 0x00, 0x00, 0x01, 0x0a, 0x00, 0x0a, 0x00, 0x00, 0x00,
  0x00, 0x00, 0x0a, 0x00, 0x0a, 0x01, 0x00, 0x00, 0x00, 0x00, 0x0a, 0x00,
  0x0a, 0x00, 0x00, 0x00, 0x00, 0x00, 0x0a, 0x00, 0x0a, 0x11, 0x20, 0x40,
  0x00, 0x00, 0x0a, 0x00, 0x0a, 0x10, 0x20, 0x40, 0x00, 0x01, 0x0a, 0x00,
  0x0a, 0x11, 0x00, 0x00, 0x00, 0x01, 0x0a, 0x00, 0x0a, 0x10, 0x00, 0x00,
  0x00, 0x00, 0x0a, 0x00, 0x0a, 0x01, 0x00, 0x00, 0x00, 0x00, 0x0a, 0x00,
  0x0a, 0x00, 0x00, 0x00, 0x00, 0x01, 0x0a, 0x00, 0x0a, 0x01, 0x00, 0x00,
  0x00, 0x01, 0x0a, 0x00, 0x0a, 0x00, 0x00, 0x00, 0x00, 0x01, 0x0a, 0x00,
  0x0a, 0x11, 0x00, 0x00, 0x00, 0x01, 0x0a, 0x00, 0x0a, 0x10, 0x00, 0x00,
  0x00, 0x00, 0x0a, 0x00, 0x0a, 0x11, 0x00, 0x00, 0x00, 0x00, 0x0a, 0x00,
  0x0a, 0x10, 0x00, 0x00, 0x00, 0x01, 0x0a, 0x00, 0x0a, 0x01, 0x00, 0x00,
  0x00, 0x01, 0x0a, 0x00, 0x0a, 0x00, 0x00, 0x00, 0x00, 0x00, 0x0a, 0x00,
  0x0a, 0x01, 0x00, 0x00, 0x00, 0x00, 0x0a, 0x00, 0x0a, 0x00, 0x00, 0x00,
  0x00, 0x00, 0x0a, 0x00, 0x0a, 0x11, 0x00, 0x00, 0x00, 0x00, 0x0a, 0x00,
  0x0a, 0x10, 0x00, 0x00, 0x41, 0x22, 0x14, 0x00, 0x14, 0x22, 0x41, 0x80,
  0x40, 0x20, 0x14, 0x00, 0x14, 0x02, 0x00, 0x00, 0x01, 0x22, 0x14, 0x00,
  0x14, 0x22, 0x41, 0x80, 0x00, 0x20, 0x14, 0x00, 0x14, 0x02, 0x00, 0x00,
  0x00, 0x00, 0x14, 0x00, 0x14, 0x20, 0x00, 0x00, 0x40, 0x20, 0x14, 0x00,
  0x14, 0x00, 0x00, 0x00, 0x00, 0x00, 0x14, 0x00, 0x14, 0x20, 0x00, 0x00,
  0x00, 0x20, 0x14, 0x00, 0x14, 0x00, 0x00, 0x00, 0x41, 0x22, 0x14, 0x00,
  0x14, 0x22, 0x40, 0x80, 0x01, 0x02, 0x14, 0x00, 0x14, 0x22, 0x01, 0x00,
  0x01, 0x22, 0x14, 0x00, 0x14, 0x22, 0x40, 0x80, 0x01, 0x02, 0x14, 0x00,
  0x14, 0x22, 0x01, 0x00, 0x00, 0x00, 0x14, 0x00, 0x14, 0x20, 0x00, 0x00,
  0x00, 0x00, 0x14, 0x00, 0x14, 0x20, 0x40, 0x00, 0x00, 0x00, 0x14, 0x00,
  0x14, 0x20, 0x00, 0x00, 0x00, 0x00, 0x14, 0x00, 0x14, 0x20, 0x40, 0x00,
  0x01, 0x02, 0x14, 0x00, 0x14, 0x02, 0x01, 0x00, 0x01, 0x02, 0x14, 0x00,
  0x14, 0x22, 0x00, 0x00, 0x01, 0x02, 0x14, 0x00, 0x14, 0x02, 0x01, 0x00,
  0x01, 0x02, 0x14, 0x00, 0x14, 0x22, 0x00, 0x00, 0x00, 0x00, 0x14, 0x00,
  0x14, 0x00, 0x00, 0x00, 0x00, 0x00, 0x14, 0x00, 0x14, 0x20, 0x40, 0x00,
  0x00, 0x00, 0x14, 0x00, 0x14, 0x00, 0x00, 0x00, 0x00, 0x00, 0x14, 0x00,
  0x14, 0x20, 0x40, 0x00, 0x01, 0x02, 0x14, 0x00, 0x14, 0x02, 0x00, 0x00,
  0x01, 0x02, 0x14, 0x00, 0x14, 0x02, 0x01, 0x00, 0x01, 0x02, 0x14, 0x00,
  0x14, 0x02, 0x00, 0x00, 0x01, 0x02, 0x14, 0x00, 0x14, 0x02, 0x01, 0x00,
  0x00, 0x00, 0x14, 0x00, 0x14, 0x00, 0x00, 0x00, 0x40, 0x20, 0x14, 0x00,
  0x14, 0x00, 0x00, 0x00, 0x00, 0x00, 0x14, 0x00, 0x14, 0x00, 0x00, 0x00,
  0x00, 0x20, 0x14, 0x00, 0x14, 0x00, 0x00, 0x00, 0x40, 0x22, 0x14, 0x00,
  0x14, 0x22, 0x41, 0x80, 0x01, 0x02, 0x14, 0x00, 0x14, 0x02, 0x00, 0x00,
  0x00, 0x22, 0x14, 0x00, 0x14, 0x22, 0x41, 0x80, 0x01, 0x02, 0x14, 0x00,
  0x14, 0x02, 0x00, 0x00, 0x41, 0x22, 0x14, 0x00, 0x14, 0x20, 0x40, 0x80,
  0x40, 0x20, 0x14, 0x00, 0x14, 0x00, 0x00, 0x00, 0x01, 0x22, 0x14, 0x00,
  0x14, 0x20, 0x40, 0x80, 0x00, 0x20, 0x14, 0x00, 0x14, 0x00, 0x00, 0x00,
  0x40, 0x22, 0x14, 0x00, 0x14, 0x22, 0x40, 0x80, 0x00, 0x02, 0x14, 0x00,
  0x14, 0x22, 0x01, 0x00, 0x00, 0x22, 0x14, 0x00, 0x14, 0x22, 0x40, 0x80,
  0x00, 0x02, 0x14, 0x00, 0x14, 0x22, 0x01, 0x00, 0x41, 0x22, 0x14, 0x00,
  0x14, 0x20, 0x40, 0x80, 0x01, 0x02, 0x14, 0x00, 0x14, 0x20, 0x00, 0x00,
  0x01, 0x22, 0x14, 0x00, 0x14, 0x20, 0x40, 0x80, 0x01, 0x02, 0x14, 0x00,
  0x14, 0x20, 0x00, 0x00, 0x00, 0x02, 0x14, 0x00, 0x14, 0x02, 0x01, 0x00,
  0x00, 0x02, 0x14, 0x00, 0x14, 0x22, 0x00, 0x00, 0x00, 0x02, 0x14, 0x00,
  0x14, 0x02, 0x01, 0x00, 0x00, 0x02, 0x14, 0x00, 0x14, 0x22, 0x00, 0x00,
  0x01, 0x02, 0x14, 0x00, 0x14, 0x00, 0x00, 0x00, 0x01, 0x02, 0x14, 0x00,
  0x14, 0x20, 0x00, 0x00, 0x01, 0x02, 0x14, 0x00, 0x14, 0x00, 0x00, 0x00,
  0x01, 0x02, 0x14, 0x00, 0x14, 0x20, 0x00, 0x00, 0x00, 0x02, 0x14, 0x00,
  0x14, 0x02, 0x00, 0x00, 0x00, 0x02, 0x14, 0x00, 0x14, 0x02, 0x01, 0x00,
  0x00, 0x02, 0x14, 0x00, 0x14, 0x02, 0x00, 0x00, 0x00, 0x02, 0x14, 0x00,
  0x14, 0x02, 0x01, 0x00, 0x01, 0x02, 0x14, 0x00, 0x14, 0x00, 0x00, 0x00,
  0x01, 0x02, 0x14, 0x00, 0x14, 0x00, 0x00, 0x00, 0x01, 0x02, 0x14, 0x00,
  0x14, 0x00, 0x00, 0x00, 0x01, 0x02, 0x14, 0x00, 0x14, 0x00, 0x00, 0x00,
  0x40, 0x20, 0x14, 0x00, 0x14, 0x22, 0x41, 0x80, 0x00, 0x02, 0x14, 0x00,
  0x14, 0x02, 0x00, 0x00, 0x00, 0x20, 0x14, 0x00, 0x14, 0x22, 0x41, 0x80,
  0x00, 0x02, 0x14, 0x00, 0x14, 0x02, 0x00, 0x00, 0x40, 0x22, 0x14, 0x00,
  0x14, 0x20, 0x40, 0x80, 0x01, 0x02, 0x14, 0x00, 0x14, 0x00, 0x00, 0x00,
  0x00, 0x22, 0x14, 0x00, 0x14, 0x20, 0x40, 0x80, 0x01, 0x02, 0x14, 0x00,
  0x14, 0x00, 0x00, 0x00, 0x40, 0x20, 0x14, 0x00, 0x14, 0x22, 0x40, 0x80,
  0x00, 0x00, 0x14, 0x00, 0x14, 0x22, 0x01, 0x00, 0x00, 0x20, 0x14, 0x00,
  0x14, 0x22, 0x40, 0x80, 0x00, 0x00, 0x14, 0x00, 0x14, 0x22, 0x01, 0x00,
  0x40, 0x22, 0x14, 0x00, 0x14, 0x20, 0x40, 0x80, 0x00, 0x02, 0x14, 0x00,
  0x14, 0x20, 0x00, 0x00, 0x00, 0x22, 0x14, 0x00, 0x14, 0x20, 0x40, 0x80,
  0x00, 0x02, 0x14, 0x00, 0x14, 0x20, 0x00, 0x00, 0x00, 0x00, 0x14, 0x00,
  0x14, 0x02, 0x01, 0x00, 0x00, 0x00, 0x14, 0x00, 0x14, 0x22, 0x00, 0x00,
  0x00, 0x00, 0x14, 0x00, 0x14, 0x02, 0x01, 0x00, 0x00, 0x00, 0x14, 0x00,
  0x14, 0x22, 0x00, 0x00, 0x00, 0x02, 0x14, 0x00, 0x14, 0x00, 0x00, 0x00,
  0x00, 0x02, 0x14, 0x00, 0x14, 0x20, 0x00, 0x00, 0x00, 0x02, 0x14, 0x00,
  0x14, 0x00, 0x00, 0x00, 0x00, 0x02, 0x14, 0x00, 0x14, 0x20, 0x00, 0x00,
  0x00, 0x00, 0x14, 0x00, 0x14, 0x02, 0x00, 0x00, 0x00, 0x00, 0x14, 0x00,
  0x14, 0x02, 0x01, 0x00, 0x00, 0x00, 0x14, 0x00, 0x14, 0x02, 0x00, 0x00,
  0x00, 0x00, 0x14, 0x00, 0x14, 0x02, 0x01, 0x00, 0x00, 0x02, 0x14, 0x00,
  0x14, 0x00, 0x00, 0x00, 0x00, 0x02, 0x14, 0x00, 0x14, 0x00, 0x00, 0x00,
  0x00, 0x02, 0x14, 0x00, 0x14, 0x00, 0x00, 0x00, 0x00, 0x02, 0x14, 0x00,
  0x14, 0x00, 0x00, 0x00, 0x40, 0x20, 0x14, 0x00, 0x14, 0x22, 0x41, 0x80,
  0x00, 0x00, 0x14, 0x00, 0x14, 0x02, 0x00, 0x00, 0x00, 0x20, 0x14, 0x00,
  0x14, 0x22, 0x41, 0x80, 0x00, 0x00, 0x14, 0x00, 0x14, 0x02, 0x00, 0x00,
  0x40, 0x20, 0x14, 0x00, 0x14, 0x20, 0x40, 0x80, 0x00, 0x02, 0x14, 0x00,
  0x14, 0x00, 0x00, 0x00, 0x00, 0x20, 0x14, 0x00, 0x14, 0x20, 0x40, 0x80,
  0x00, 0x02, 0x14, 0x00, 0x14, 0x00, 0x00, 0x00, 0x40, 0x20, 0x14, 0x00,
  0x14, 0x22, 0x40, 0x80, 0x00, 0x00, 0x14, 0x00, 0x14, 0x22, 0x01, 0x00,
  0x00, 0x20, 0x14, 0x00, 0x14, 0x22, 0x40, 0x80, 0x00, 0x00, 0x14, 0x00,
  0x14, 0x22, 0x01, 0x00, 0x40, 0x20, 0x14, 0x00, 0x14, 0x20, 0x40, 0x80,
  0x00, 0x00, 0x14, 0x00, 0x14, 0x20, 0x00, 0x00, 0x00, 0x20, 0x14, 0x00,
  0x14, 0x20, 0x40, 0x80, 0x00, 0x00, 0x14, 0x00, 0x14, 0x20, 0x00, 0x00,
  0x00, 0x00, 0x14, 0x00, 0x14, 0x02, 0x01, 0x00, 0x00, 0x00, 0x14, 0x00,
  0x14, 0x22, 0x00, 0x00, 0x00, 0x00, 0x14, 0x00, 0x14, 0x02, 0x01, 0x00,
  0x00, 0x00, 0x14, 0x00, 0x14, 0x22, 0x00, 0x00, 0x00, 0x00, 0x14, 0x00,
  0x14, 0x00, 0x00, 0x00, 0x00, 0x00, 0x14, 0x00, 0x14, 0x20, 0x00, 0x00,
  0x00, 0x00, 0x14, 0x00, 0x14, 0x00, 0x00, 0x00, 0x00, 0x00, 0x14, 0x00,
  0x14, 0x20, 0x00, 0x00, 0x00, 0x00, 0x14, 0x00, 0x14, 0x02, 0x00, 0x00,
  0x00, 0x00, 0x14, 0x00, 0x14, 0x02, 0x01, 0x00, 0x00, 0x00, 0x14, 0x00,
  0x14, 0x02, 0x00, 0x00, 0x00, 0x00, 0x14, 0x00, 0x14, 0x02, 0x01, 0x00,
  0x00, 0x00, 0x14, 0x00, 0x14, 0x00, 0x00, 0x00, 0x00, 0x00, 0x14, 0x00,
  0x14, 0x00, 0x00, 0x00, 0x00, 0x00, 0x14, 0x00, 0x14, 0x00, 0x00, 0x00,
  0x00, 0x00, 0x14, 0x00, 0x14, 0x00, 0x00, 0x00, 0x41, 0x22, 0x14, 0x00,
  0x14, 0x22, 0x01, 0x00, 0x00, 0x00, 0x14, 0x00, 0x14, 0x02, 0x00, 0x00,
  0x01, 0x22, 0x14, 0x00, 0x14, 0x22, 0x01, 0x00, 0x00, 0x00, 0x14, 0x00,
  0x14, 0x02, 0x00, 0x00, 0x40, 0x20, 0x14, 0x00, 0x14, 0x20, 0x40, 0x80,
  0x00, 0x00, 0x14, 0x00, 0x14, 0x00, 0x00, 0x00, 0x00, 0x20, 0x14, 0x00,
  0x14, 0x20, 0x40, 0x80, 0x00, 0x00, 0x14, 0x00, 0x14, 0x00, 0x00, 0x00,
  0x41, 0x22, 0x14, 0x00, 0x14, 0x22, 0x00, 0x00, 0x41, 0x22, 0x14, 0x00,
  0x14, 0x22, 0x41, 0x00, 0x01, 0x22, 0x14, 0x00, 0x14, 0x22, 0x00, 0x00,
  0x01, 0x22, 0x14, 0x00, 0x14, 0x22, 0x41, 0x00, 0x40, 0x20, 0x14, 0x00,
  0x14, 0x20, 0x40, 0x80, 0x00, 0x00, 0x14, 0x00, 0x14, 0x20, 0x00, 0x00,
  0x00, 0x20, 0x14, 0x00, 0x14, 0x20, 0x40, 0x80, 0x00, 0x00, 0x14, 0x00,
  0x14, 0x20, 0x00, 0x00, 0x41, 0x22, 0x14, 0x00, 0x14, 0x02, 0x01, 0x00,
  0x41, 0x22, 0x14, 0x00, 0x14, 0x22, 0x40, 0x00, 0x01, 0x22, 0x14, 0x00,
  0x14, 0x02, 0x01, 0x00, 0x01, 0x22, 0x14, 0x00, 0x14, 0x22, 0x40, 0x00,
  0x00, 0x00, 0x14, 0x00, 0x14, 0x00, 0x00, 0x00, 0x00, 0x00, 0x14, 0x00,
  0x14, 0x20, 0x00, 0x00, 0x00, 0x00, 0x14, 0x00, 0x14, 0x00, 0x00, 0x00,
  0x00, 0x00, 0x14, 0x00, 0x14, 0x20, 0x00, 0x00, 0x41, 0x22, 0x14, 0x00,
  0x14, 0x02, 0x00, 0x00, 0x01, 0x02, 0x14, 0x00, 0x14, 0x02, 0x01, 0x00,
  0x01, 0x22, 0x14, 0x00, 0x14, 0x02, 0x00, 0x00, 0x01, 0x02, 0x14, 0x00,
  0x14, 0x02, 0x01, 0x00, 0x00, 0x00, 0x14, 0x00, 0x14, 0x00, 0x00, 0x00,
  0x00, 0x00, 0x14, 0x00, 0x14, 0x00, 0x00, 0x00, 0x00, 0x00, 0x14, 0x00,
  0x14, 0x00, 0x00, 0x00, 0x00, 0x00, 0x14, 0x00, 0x14, 0x00, 0x00, 0x00,
  0x40, 0x22, 0x14, 0x00, 0x14, 0x22, 0x01, 0x00, 0x01, 0x02, 0x14, 0x00,
  0x14, 0x02, 0x00, 0x00, 0x00, 0x22, 0x14, 0x00, 0x14, 0x22, 0x01, 0x00,
  0x01, 0x02, 0x14, 0x00, 0x14, 0x02, 0x00, 0x00, 0x41, 0x22, 0x14, 0x00,
  0x14, 0x20, 0x00, 0x00, 0x00, 0x00, 0x14, 0x00, 0x14, 0x00, 0x00, 0x00,
  0x01, 0x22, 0x14, 0x00, 0x14, 0x20, 0x00, 0x00, 0x00, 0x00, 0x14, 0x00,
  0x14, 0x00, 0x00, 0x00, 0x40, 0x22, 0x14, 0x00, 0x14, 0x22, 0x00, 0x00,
  0x40, 0x22, 0x14, 0x00, 0x14, 0x22, 0x41, 0x00, 0x00, 0x22, 0x14, 0x00,
  0x14, 0x22, 0x00, 0x00, 0x00, 0x22, 0x14, 0x00, 0x14, 0x22, 0x41, 0x00,
  0x41, 0x22, 0x14, 0x00, 0x14, 0x20, 0x00, 0x00, 0x41, 0x22, 0x14, 0x00,
  0x14, 0x20, 0x40, 0x00, 0x01, 0x22, 0x14, 0x00, 0x14, 0x20, 0x00, 0x00,
  0x01, 0x22, 0x14, 0x00, 0x14, 0x20, 0x40, 0x00, 0x40, 0x22, 0x14, 0x00,
  0x14, 0x02, 0x01, 0x00, 0x40, 0x22, 0x14, 0x00, 0x14, 0x22, 0x40, 0x00,
  0x00, 0x22, 0x14, 0x00, 0x14, 0x02, 0x01, 0x00, 0x00, 0x22, 0x14, 0x00,
  0x14, 0x22, 0x40, 0x00, 0x41, 0x22, 0x14, 0x00, 0x14, 0x00, 0x00, 0x00,
  0x41, 0x22, 0x14, 0x00, 0x14, 0x20, 0x40, 0x00, 0x01, 0x22, 0x14, 0x00,
  0x14, 0x00, 0x00, 0x00, 0x01, 0x22, 0x14, 0x00, 0x14, 0x20, 0x40, 0x00,
  0x40, 0x22, 0x14, 0x00, 0x14, 0x02, 0x00, 0x00, 0x00, 0x02, 0x14, 0x00,
  0x14, 0x02, 0x01, 0x00, 0x00, 0x22, 0x14, 0x00, 0x14, 0x02, 0x00, 0x00,
  0x00, 0x02, 0x14, 0x00, 0x14, 0x02, 0x01, 0x00, 0x41, 0x22, 0x14, 0x00,
  0x14, 0x00, 0x00, 0x00, 0x01, 0x02, 0x14, 0x00, 0x14, 0x00, 0x00, 0x00,
  0x01, 0x22, 0x14, 0x00, 0x14, 0x00, 0x00, 0x00, 0x01, 0x02, 0x14, 0x00,
  0x14, 0x00, 0x00, 0x00, 0x40, 0x20, 0x14, 0x00, 0x14, 0x22, 0x01, 0x00,
  0x00, 0x02, 0x14, 0x00, 0x14, 0x02, 0x00, 0x00, 0x00, 0x20, 0x14, 0x00,
  0x14, 0x22, 0x01, 0x00, 0x00, 0x02, 0x14, 0x00, 0x14, 0x02, 0x00, 0x00,
  0x40, 0x22, 0x14, 0x00, 0x14, 0x20, 0x00, 0x00, 0x01, 0x02, 0x14, 0x00,
  0x14, 0x00, 0x00, 0x00, 0x00, 0x22, 0x14, 0x00, 0x14, 0x20, 0x00, 0x00,
  0x01, 0x02, 0x14, 0x00, 0x14, 0x00, 0x00, 0x00, 0x40, 0x20, 0x14, 0x00,
  0x14, 0x22, 0x00, 0x00, 0x40, 0x20, 0x14, 0x00, 0x14, 0x22, 0x41, 0x00,
  0x00, 0x20, 0x14, 0x00, 0x14, 0x22, 0x00, 0x00, 0x00, 0x20, 0x14, 0x00,
  0x14, 0x22, 0x41, 0x00, 0x40, 0x22, 0x14, 0x00, 0x14, 0x20, 0x00, 0x00,
  0x40, 0x22, 0x14, 0x00, 0x14, 0x20, 0x40, 0x00, 0x00, 0x22, 0x14, 0x00,
  0x14, 0x20, 0x00, 0x00, 0x00, 0x22, 0x14, 0x00, 0x14, 0x20, 0x40, 0x00,
  0x40, 0x20, 0x14, 0x00, 0x14, 0x02, 0x01, 0x00, 0x40, 0x20, 0x14, 0x00,
  0x14, 0x22, 0x40, 0x00, 0x00, 0x20, 0x14, 0x00, 0x14, 0x02, 0x01, 0x00,
  0x00, 0x20, 0x14, 0x00, 0x14, 0x22, 0x40, 0x00, 0x40, 0x22, 0x14, 0x00,
  0x14, 0x00, 0x00, 0x00, 0x40, 0x22, 0x14, 0x00, 0x14, 0x20, 0x40, 0x00,
  0x00, 0x22, 0x14, 0x00, 0x14, 0x00, 0x00, 0x00, 0x00, 0x22, 0x14, 0x00,
  0x14, 0x20, 0x40, 0x00, 0x40, 0x20, 0x14, 0x00, 0x14, 0x02, 0x00, 0x00,
  0x00, 0x00, 0x14, 0x00, 0x14, 0x02, 0x01, 0x00, 0x00, 0x20, 0x14, 0x00,
  0x14, 0x02, 0x00, 0x00, 0x00, 0x00, 0x14, 0x00, 0x14, 0x02, 0x01, 0x00,
  0x40, 0x22, 0x14, 0x00, 0x14, 0x00, 0x00, 0x00, 0x00, 0x02, 0x14, 0x00,
  0x14, 0x00, 0x00, 0x00, 0x00, 0x22, 0x14, 0x00, 0x14, 0x00, 0x00, 0x00,
  0x00, 0x02, 0x14, 0x00, 0x14, 0x00, 0x00, 0x00, 0x40, 0x20, 0x14, 0x00,
  0x14, 0x22, 0x01, 0x00, 0x00, 0x00, 0x14, 0x00, 0x14, 0x02, 0x00, 0x00,
  0x00, 0x20, 0x14, 0x00, 0x14, 0x22, 0x01, 0x00, 0x00, 0x00, 0x14, 0x00,
  0x14, 0x02, 0x00, 0x00, 0x40, 0x20, 0x14, 0x00, 0x14, 0x20, 0x00, 0x00,
  0x00, 0x02, 0x14, 0x00, 0x14, 0x00, 0x00, 0x00, 0x00, 0x20, 0x14, 0x00,
  0x14, 0x20, 0x00, 0x00, 0x00, 0x02, 0x14, 0x00, 0x14, 0x00, 0x00, 0x00,
  0x40, 0x20, 0x14, 0x00, 0x14, 0x22, 0x00, 0x00, 0x40, 0x20, 0x14, 0x00,
  0x14, 0x22, 0x41, 0x00, 0x00, 0x20, 0x14, 0x00, 0x14, 0x22, 0x00, 0x00,
  0x00, 0x20, 0x14, 0x00, 0x14, 0x22, 0x41, 0x00, 0x40, 0x20, 0x14, 0x00,
  0x14, 0x20, 0x00, 0x00, 0x40, 0x20, 0x14, 0x00, 0x14, 0x20, 0x40, 0x00,
  0x00, 0x20, 0x14, 0x00, 0x14, 0x20, 0x00, 0x00, 0x00, 0x20, 0x14, 0x00,
  0x14, 0x20, 0x40, 0x00, 0x40, 0x20, 0x14, 0x00, 0x14, 0x02, 0x01, 0x00,
  0x40, 0x20, 0x14, 0x00, 0x14, 0x22, 0x40, 0x00, 0x00, 0x20, 0x14, 0x00,
  0x14, 0x02, 0x01, 0x00, 0x00, 0x20, 0x14, 0x00, 0x14, 0x22, 0x40, 0x00,
  0x40, 0x20, 0x14, 0x00, 0x14, 0x00, 0x00, 0x00, 0x40, 0x20, 0x14, 0x00,
  0x14, 0x20, 0x40, 0x00, 0x00, 0x20, 0x14, 0x00, 0x14, 0x00, 0x00, 0x00,
  0x00, 0x20, 0x14, 0x00, 0x14, 0x20, 0x40, 0x00, 0x40, 0x20, 0x14, 0x00,
  0x14, 0x02, 0x00, 0x00, 0x00, 0x00, 0x14, 0x00, 0x14, 0x02, 0x01, 0x00,
  0x00, 0x20, 0x14, 0x00, 0x14, 0x02, 0x00, 0x00, 0x00, 0x00, 0x14, 0x00,
  0x14, 0x02, 0x01, 0x00, 0x40, 0x20, 0x14, 0x00, 0x14, 0x00, 0x00, 0x00,
  0x00, 0x00, 0x14, 0x00, 0x14, 0x00, 0x00, 0x00, 0x00, 0x20, 0x14, 0x00,
  0x14, 0x00, 0x00, 0x00, 0x00, 0x00, 0x14, 0x00, 0x14, 0x00, 0x00, 0x00,
  0x01, 0x02, 0x14, 0x00, 0x14, 0x22, 0x41, 0x80, 0x00, 0x00, 0x14, 0x00,
  0x14, 0x02, 0x00, 0x00, 0x01, 0x02, 0x14, 0x00, 0x14, 0x22, 0x41, 0x80,
  0x00, 0x00, 0x14, 0x00, 0x14, 0x02, 0x00, 0x00, 0x40, 0x20, 0x14, 0x00,
  0x14, 0x20, 0x00, 0x00, 0x00, 0x00, 0x14, 0x00, 0x14, 0x00, 0x00, 0x00,
  0x00, 0x20, 0x14, 0x00, 0x14, 0x20, 0x00, 0x00, 0x00, 0x00, 0x14, 0x00,
  0x14, 0x00, 0x00, 0x00, 0x01, 0x02, 0x14, 0x00, 0x14, 0x22, 0x40, 0x80,
  0x41, 0x22, 0x14, 0x00, 0x14, 0x22, 0x01, 0x00, 0x01, 0x02, 0x14, 0x00,
  0x14, 0x22, 0x40, 0x80, 0x01, 0x22, 0x14, 0x00, 0x14, 0x22, 0x01, 0x00,
  0x40, 0x20, 0x14, 0x00, 0x14, 0x20, 0x00, 0x00, 0x40, 0x20, 0x14, 0x00,
  0x14, 0x20, 0x40, 0x00, 0x00, 0x20, 0x14, 0x00, 0x14, 0x20, 0x00, 0x00,
  0x00, 0x20, 0x14, 0x00, 0x14, 0x20, 0x40, 0x00, 0x41, 0x22, 0x14, 0x00,
  0x14, 0x02, 0x01, 0x00, 0x41, 0x22, 0x14, 0x00, 0x14, 0x22, 0x00, 0x00,
  0x01, 0x22, 0x14, 0x00, 0x14, 0x02, 0x01, 0x00, 0x01, 0x22, 0x14, 0x00,
  0x14, 0x22, 0x00, 0x00, 0x40, 0x20, 0x14, 0x00, 0x14, 0x00, 0x00, 0x00,
  0x40, 0x20, 0x14, 0x00, 0x14, 0x20, 0x40, 0x00, 0x00, 0x20, 0x14, 0x00,
  0x14, 0x00, 0x00, 0x00, 0x00, 0x20, 0x14, 0x00, 0x14, 0x20, 0x40, 0x00,
  0x41, 0x22, 0x14, 0x00, 0x14, 0x02, 0x00, 0x00, 0x41, 0x22, 0x14, 0x00,
  0x14, 0x02, 0x01, 0x00, 0x01, 0x22, 0x14, 0x00, 0x14, 0x02, 0x00, 0x00,
  0x01, 0x22, 0x14, 0x00, 0x14, 0x02, 0x01, 0x00, 0x40, 0x20, 0x14, 0x00,
  0x14, 0x00, 0x00, 0x00, 0x00, 0x00, 0x14, 0x00, 0x14, 0x00, 0x00, 0x00,
  0x00, 0x20, 0x14, 0x00, 0x14, 0x00, 0x00, 0x00, 0x00, 0x00, 0x14, 0x00,
  0x14, 0x00, 0x00, 0x00, 0x00, 0x02, 0x14, 0x00, 0x14, 0x22, 0x41, 0x80,
  0x41, 0x22, 0x14, 0x00, 0x14, 0x02, 0x00, 0x00, 0x00, 0x02, 0x14, 0x00,
  0x14, 0x22, 0x41, 0x80, 0x01, 0x22, 0x14, 0x00, 0x14, 0x02, 0x00, 0x00,
  0x01, 0x02, 0x14, 0x00, 0x14, 0x20, 0x40, 0x80, 0x00, 0x00, 0x14, 0x00,
  0x14, 0x00, 0x00, 0x00, 0x01, 0x02, 0x14, 0x00, 0x14, 0x20, 0x40, 0x80,
  0x00, 0x00, 0x14, 0x00, 0x14, 0x00, 0x00, 0x00, 0x00, 0x02, 0x14, 0x00,
  0x14, 0x22, 0x40, 0x80, 0x40, 0x22, 0x14, 0x00, 0x14, 0x22, 0x01, 0x00,
  0x00, 0x02, 0x14, 0x00, 0x14, 0x22, 0x40, 0x80, 0x00, 0x22, 0x14, 0x00,
  0x14, 0x22, 0x01, 0x00, 0x01, 0x02, 0x14, 0x00, 0x14, 0x20, 0x40, 0x80,
  0x41, 0x22, 0x14, 0x00, 0x14, 0x20, 0x00, 0x00, 0x01, 0x02, 0x14, 0x00,
  0x14, 0x20, 0x40, 0x80, 0x01, 0x22, 0x14, 0x00, 0x14, 0x20, 0x00, 0x00,
  0x40, 0x22, 0x14, 0x00, 0x14, 0x02, 0x01, 0x00, 0x40, 0x22, 0x14, 0x00,
  0x14, 0x22, 0x00, 0x00, 0x00, 0x22, 0x14, 0x00, 0x14, 0x02, 0x01, 0x00,
  0x00, 0x22, 0x14, 0x00, 0x14, 0x22, 0x00, 0x00, 0x41, 0x22, 0x14, 0x00,
  0x14, 0x00, 0x00, 0x00, 0x41, 0x22, 0x14, 0x00, 0x14, 0x20, 0x00, 0x00,
  0x01, 0x22, 0x14, 0x00, 0x14, 0x00, 0x00, 0x00, 0x01, 0x22, 0x14, 0x00,
  0x14, 0x20, 0x00, 0x00, 0x40, 0x22, 0x14, 0x00, 0x14, 0x02, 0x00, 0x00,
  0x40, 0x22, 0x14, 0x00, 0x14, 0x02, 0x01, 0x00, 0x00, 0x22, 0x14, 0x00,
  0x14, 0x02, 0x00, 0x00, 0x00, 0x22, 0x14, 0x00, 0x14, 0x02, 0x01, 0x00,
  0x41, 0x22, 0x14, 0x00, 0x14, 0x00, 0x00, 0x00, 0x41, 0x22, 0x14, 0x00,
  0x14, 0x00, 0x00, 0x00, 0x01, 0x22, 0x14, 0x00, 0x14, 0x00, 0x00, 0x00,
  0x01, 0x22, 0x14, 0x00, 0x14, 0x00, 0x00, 0x00, 0x00, 0x00, 0x14, 0x00,
  0x14, 0x22, 0x41, 0x80, 0x40, 0x22, 0x14, 0x00, 0x14, 0x02, 0x00, 0x00,
  0x00, 0x00, 0x14, 0x00, 0x14, 0x22, 0x41, 0x80, 0x00, 0x22, 0x14, 0x00,
  0x14, 0x02, 0x00, 0x00, 0x00, 0x02, 0x14, 0x00, 0x14, 0x20, 0x40, 0x80,
  0x41, 0x22, 0x14, 0x00, 0x14, 0x00, 0x00, 0x00, 0x00, 0x02, 0x14, 0x00,
  0x14, 0x20, 0x40, 0x80, 0x01, 0x22, 0x14, 0x00, 0x14, 0x00, 0x00, 0x00,
  0x00, 0x00, 0x14, 0x00, 0x14, 0x22, 0x40, 0x80, 0x40, 0x20, 0x14, 0x00,
  0x14, 0x22, 0x01, 0x00, 0x00, 0x00, 0x14, 0x00, 0x14, 0x22, 0x40, 0x80,
  0x00, 0x20, 0x14, 0x00, 0x14, 0x22, 0x01, 0x00, 0x00, 0x02, 0x14, 0x00,
  0x14, 0x20, 0x40, 0x80, 0x40, 0x22, 0x14, 0x00, 0x14, 0x20, 0x00, 0x00,
  0x00, 0x02, 0x14, 0x00, 0x14, 0x20, 0x40, 0x80, 0x00, 0x22, 0x14, 0x00,
  0x14, 0x20, 0x00, 0x00, 0x40, 0x20, 0x14, 0x00, 0x14, 0x02, 0x01, 0x00,
  0x40, 0x20, 0x14, 0x00, 0x14, 0x22, 0x00, 0x00, 0x00, 0x20, 0x14, 0x00,
  0x14, 0x02, 0x01, 0x00, 0x00, 0x20, 0x14, 0x00, 0x14, 0x22, 0x00, 0x00,
  0x40, 0x22, 0x14, 0x00, 0x14, 0x00, 0x00, 0x00, 0x40, 0x22, 0x14, 0x00,
  0x14, 0x20, 0x00, 0x00, 0x00, 0x22, 0x14, 0x00, 0x14, 0x00, 0x00, 0x00,
  0x00, 0x22, 0x14, 0x00, 0x14, 0x20, 0x00, 0x00, 0x40, 0x20, 0x14, 0x00,
  0x14, 0x02, 0x00, 0x00, 0x40, 0x20, 0x14, 0x00, 0x14, 0x02, 0x01, 0x00,
  0x00, 0x20, 0x14, 0x00, 0x14, 0x02, 0x00, 0x00, 0x00, 0x20, 0x14, 0x00,
  0x14, 0x02, 0x01, 0x00, 0x40, 0x22, 0x14, 0x00, 0x14, 0x00, 0x00, 0x00,
  0x40, 0x22, 0x14, 0x00, 0x14, 0x00, 0x00, 0x00, 0x00, 0x22, 0x14, 0x00,
  0x14, 0x00, 0x00, 0x00, 0x00, 0x22, 0x14, 0x00, 0x14, 0x00, 0x00, 0x00,
  0x00, 0x00, 0x14, 0x00, 0x14, 0x22, 0x41, 0x80, 0x40, 0x20, 0x14, 0x00,
  0x14, 0x02, 0x00, 0x00, 0x00, 0x00, 0x14, 0x00, 0x14, 0x22, 0x41, 0x80,
  0x00, 0x20, 0x14, 0x00, 0x14, 0x02, 0x00, 0x00, 0x00, 0x00, 0x14, 0x00,
  0x14, 0x20, 0x40, 0x80, 0x40, 0x22, 0x14, 0x00, 0x14, 0x00, 0x00, 0x00,
  0x00, 0x00, 0x14, 0x00, 0x14, 0x20, 0x40, 0x80, 0x00, 0x22, 0x14, 0x00,
  0x14, 0x00, 0x00, 0x00, 0x00, 0x00, 0x14, 0x00, 0x14, 0x22, 0x40, 0x80,
  0x40, 0x20, 0x14, 0x00, 0x14, 0x22, 0x01, 0x00, 0x00, 0x00, 0x14, 0x00,
  0x14, 0x22, 0x40, 0x80, 0x00, 0x20, 0x14, 0x00, 0x14, 0x22, 0x01, 0x00,
  0x00, 0x00, 0x14, 0x00, 0x14, 0x20, 0x40, 0x80, 0x40, 0x20, 0x14, 0x00,
  0x14, 0x20, 0x00, 0x00, 0x00, 0x00, 0x14, 0x00, 0x14, 0x20, 0x40, 0x80,
  0x00, 0x20, 0x14, 0x00, 0x14, 0x20, 0x00, 0x00, 0x40, 0x20, 0x14, 0x00,
  0x14, 0x02, 0x01, 0x00, 0x40, 0x20, 0x14, 0x00, 0x14, 0x22, 0x00, 0x00,
  0x00, 0x20, 0x14, 0x00, 0x14, 0x02, 0x01, 0x00, 0x00, 0x20, 0x14, 0x00,
  0x14, 0x22, 0x00, 0x00, 0x40, 0x20, 0x14, 0x00, 0x14, 0x00, 0x00, 0x00,
  0x40, 0x20, 0x14, 0x00, 0x14, 0x20, 0x00, 0x00, 0x00, 0x20, 0x14, 0x00,
  0x14, 0x00, 0x00, 0x00, 0x00, 0x20, 0x14, 0x00, 0x14, 0x20, 0x00, 0x00,
  0x40, 0x20, 0x14, 0x00, 0x14, 0x02, 0x00, 0x00, 0x40, 0x20, 0x14, 0x00,
  0x14, 0x02, 0x01, 0x00, 0x00, 0x20, 0x14, 0x00, 0x14, 0x02, 0x00, 0x00,
  0x00, 0x20, 0x14, 0x00, 0x14, 0x02, 0x01, 0x00, 0x40, 0x20, 0x14, 0x00,
  0x14, 0x00, 0x00, 0x00, 0x40, 0x20, 0x14, 0x00, 0x14, 0x00, 0x00, 0x00,
  0x00, 0x20, 0x14, 0x00, 0x14, 0x00, 0x00, 0x00, 0x00, 0x20, 0x14, 0x00,
  0x14, 0x00, 0x00, 0x00, 0x01, 0x02, 0x14, 0x00, 0x14, 0x22, 0x01, 0x00,
  0x40, 0x20, 0x14, 0x00, 0x14, 0x02, 0x00, 0x00, 0x01, 0x02, 0x14, 0x00,
  0x14, 0x22, 0x01, 0x00, 0x00, 0x20, 0x14, 0x00, 0x14, 0x02, 0x00, 0x00,
  0x00, 0x00, 0x14, 0x00, 0x14, 0x20, 0x40, 0x80, 0x40, 0x20, 0x14, 0x00,
  0x14, 0x00, 0x00, 0x00, 0x00, 0x00, 0x14, 0x00, 0x14, 0x20, 0x40, 0x80,
  0x00, 0x20, 0x14, 0x00, 0x14, 0x00, 0x00, 0x00, 0x01, 0x02, 0x14, 0x00,
  0x14, 0x22, 0x00, 0x00, 0x01, 0x02, 0x14, 0x00, 0x14, 0x22, 0x41, 0x00,
  0x01, 0x02, 0x14, 0x00, 0x14, 0x22, 0x00, 0x00, 0x01, 0x02, 0x14, 0x00,
  0x14, 0x22, 0x41, 0x00, 0x00, 0x00, 0x14, 0x00, 0x14, 0x20, 0x40, 0x80,
  0x40, 0x20, 0x14, 0x00, 0x14, 0x20, 0x00, 0x00, 0x00, 0x00, 0x14, 0x00,
  0x14, 0x20, 0x40, 0x80, 0x00, 0x20, 0x14, 0x00, 0x14, 0x20, 0x00, 0x00,
  0x01, 0x02, 0x14, 0x00, 0x14, 0x02, 0x01, 0x00, 0x01, 0x02, 0x14, 0x00,
  0x14, 0x22, 0x40, 0x00, 0x01, 0x02, 0x14, 0x00, 0x14, 0x02, 0x01, 0x00,
  0x01, 0x02, 0x14, 0x00, 0x14, 0x22, 0x40, 0x00, 0x40, 0x20, 0x14, 0x00,
  0x14, 0x00, 0x00, 0x00, 0x40, 0x20, 0x14, 0x00, 0x14, 0x20, 0x00, 0x00,
  0x00, 0x20, 0x14, 0x00, 0x14, 0x00, 0x00, 0x00, 0x00, 0x20, 0x14, 0x00,
  0x14, 0x20, 0x00, 0x00, 0x01, 0x02, 0x14, 0x00, 0x14, 0x02, 0x00, 0x00,
  0x41, 0x22, 0x14, 0x00, 0x14, 0x02, 0x01, 0x00, 0x01, 0x02, 0x14, 0x00,
  0x14, 0x02, 0x00, 0x00, 0x01, 0x22, 0x14, 0x00, 0x14, 0x02, 0x01, 0x00,
  0x40, 0x20, 0x14, 0x00, 0x14, 0x00, 0x00, 0x00, 0x40, 0x20, 0x14, 0x00,
  0x14, 0x00, 0x00, 0x00, 0x00, 0x20, 0x14, 0x00, 0x14, 0x00, 0x00, 0x00,
  0x00, 0x20, 0x14, 0x00, 0x14, 0x00, 0x00, 0x00, 0x00, 0x02, 0x14, 0x00,
  0x14, 0x22, 0x01, 0x00, 0x41, 0x22, 0x14, 0x00, 0x14, 0x02, 0x00, 0x00,
  0x00, 0x02, 0x14, 0x00, 0x14, 0x22, 0x01, 0x00, 0x01, 0x22, 0x14, 0x00,
  0x14, 0x02, 0x00, 0x00, 0x01, 0x02, 0x14, 0x00, 0x14, 0x20, 0x00, 0x00,
  0x40, 0x20, 0x14, 0x00, 0x14, 0x00, 0x00, 0x00, 0x01, 0x02, 0x14, 0x00,
  0x14, 0x20, 0x00, 0x00, 0x00, 0x20, 0x14, 0x00, 0x14, 0x00, 0x00, 0x00,
  0x00, 0x02, 0x14, 0x00, 0x14, 0x22, 0x00, 0x00, 0x00, 0x02, 0x14, 0x00,
  0x14, 0x22, 0x41, 0x00, 0x00, 0x02, 0x14, 0x00, 0x14, 0x22, 0x00, 0x00,
  0x00, 0x02, 0x14, 0x00, 0x14, 0x22, 0x41, 0x00, 0x01, 0x02, 0x14, 0x00,
  0x14, 0x20, 0x00, 0x00, 0x01, 0x02, 0x14, 0x00, 0x14, 0x20, 0x40, 0x00,
  0x01, 0x02, 0x14, 0x00, 0x14, 0x20, 0x00, 0x00, 0x01, 0x02, 0x14, 0x00,
  0x14, 0x20, 0x40, 0x00, 0x00, 0x02, 0x14, 0x00, 0x14, 0x02, 0x01, 0x00,
  0x00, 0x02, 0x14, 0x00, 0x14, 0x22, 0x40, 0x00, 0x00, 0x02, 0x14, 0x00,
  0x14, 0x02, 0x01, 0x00, 0x00, 0x02, 0x14, 0x00, 0x14, 0x22, 0x40, 0x00,
  0x01, 0x02, 0x14, 0x00, 0x14, 0x00, 0x00, 0x00, 0x01, 0x02, 0x14, 0x00,
  0x14, 0x20, 0x40, 0x00, 0x01, 0x02, 0x14, 0x00, 0x14, 0x00, 0x00, 0x00,
  0x01, 0x02, 0x14, 0x00, 0x14, 0x20, 0x40, 0x00, 0x00, 0x02, 0x14, 0x00,
  0x14, 0x02, 0x00, 0x00, 0x40, 0x22, 0x14, 0x00, 0x14, 0x02, 0x01, 0x00,
  0x00, 0x02, 0x14, 0x00, 0x14, 0x02, 0x00, 0x00, 0x00, 0x22, 0x14, 0x00,
  0x14, 0x02, 0x01, 0x00, 0x01, 0x02, 0x14, 0x00, 0x14, 0x00, 0x00, 0x00,
  0x41, 0x22, 0x14, 0x00, 0x14, 0x00, 0x00, 0x00, 0x01, 0x02, 0x14, 0x00,
  0x14, 0x00, 0x00, 0x00, 0x01, 0x22, 0x14, 0x00, 0x14, 0x00, 0x00, 0x00,
  0x00, 0x00, 0x14, 0x00, 0x14, 0x22, 0x01, 0x00, 0x40, 0x22, 0x14, 0x00,
  0x14, 0x02, 0x00, 0x00, 0x00, 0x00, 0x14, 0x00, 0x14, 0x22, 0x01, 0x00,
  0x00, 0x22, 0x14, 0x00, 0x14, 0x02, 0x00, 0x00, 0x00, 0x02, 0x14, 0x00,
  0x14, 0x20, 0x00, 0x00, 0x41, 0x22, 0x14, 0x00, 0x14, 0x00, 0x00, 0x00,
  0x00, 0x02, 0x14, 0x00, 0x14, 0x20, 0x00, 0x00, 0x01, 0x22, 0x14, 0x00,
  0x14, 0x00, 0x00, 0x00, 0x00, 0x00, 0x14, 0x00, 0x14, 0x22, 0x00, 0x00,
  0x00, 0x00, 0x14, 0x00, 0x14, 0x22, 0x41, 0x00, 0x00, 0x00, 0x14, 0x00,
  0x14, 0x22, 0x00, 0x00, 0x00, 0x00, 0x14, 0x00, 0x14, 0x22, 0x41, 0x00,
  0x00, 0x02, 0x14, 0x00, 0x14, 0x20, 0x00, 0x00, 0x00, 0x02, 0x14, 0x00,
  0x14, 0x20, 0x40, 0x00, 0x00, 0x02, 0x14, 0x00, 0x14, 0x20, 0x00, 0x00,
  0x00, 0x02, 0x14, 0x00, 0x14, 0x20, 0x40, 0x00, 0x00, 0x00, 0x14, 0x00,
  0x14, 0x02, 0x01, 0x00, 0x00, 0x00, 0x14, 0x00, 0x14, 0x22, 0x40, 0x00,
  0x00, 0x00, 0x14, 0x00, 0x14, 0x02, 0x01, 0x00, 0x00, 0x00, 0x14, 0x00,
  0x14, 0x22, 0x40, 0x00, 0x00, 0x02, 0x14, 0x00, 0x14, 0x00, 0x00, 0x00,
  0x00, 0x02, 0x14, 0x00, 0x14, 0x20, 0x40, 0x00, 0x00, 0x02, 0x14, 0x00,
  0x14, 0x00, 0x00, 0x00, 0x00, 0x02, 0x14, 0x00, 0x14, 0x20, 0x40, 0x00,
  0x00, 0x00, 0x14, 0x00, 0x14, 0x02, 0x00, 0x00, 0x40, 0x20, 0x14, 0x00,
  0x14, 0x02, 0x01, 0x00, 0x00, 0x00, 0x14, 0x00, 0x14, 0x02, 0x00, 0x00,
  0x00, 0x20, 0x14, 0x00, 0x14, 0x02, 0x01, 0x00, 0x00, 0x02, 0x14, 0x00,
  0x14, 0x00, 0x00, 0x00, 0x40, 0x22, 0x14, 0x00, 0x14, 0x00, 0x00, 0x00,
  0x00, 0x02, 0x14, 0x00, 0x14, 0x00, 0x00, 0x00, 0x00, 0x22, 0x14, 0x00,
  0x14, 0x00, 0x00, 0x00, 0x00, 0x00, 0x14, 0x00, 0x14, 0x22, 0x01, 0x00,
  0x40, 0x20, 0x14, 0x00, 0x14, 0x02, 0x00, 0x00, 0x00, 0x00, 0x14, 0x00,
  0x14, 0x22, 0x01, 0x00, 0x00, 0x20, 0x14, 0x00, 0x14, 0x02, 0x00, 0x00,
  0x00, 0x00, 0x14, 0x00, 0x14, 0x20, 0x00, 0x00, 0x40, 0x22, 0x14, 0x00,
  0x14, 0x00, 0x00, 0x00, 0x00, 0x00, 0x14, 0x00, 0x14, 0x20, 0x00, 0x00,
  0x00, 0x22, 0x14, 0x00, 0x14, 0x00, 0x00, 0x00, 0x00, 0x00, 0x14, 0x00,
  0x14, 0x22, 0x00, 0x00, 0x00, 0x00, 0x14, 0x00, 0x14, 0x22, 0x41, 0x00,
  0x00, 0x00, 0x14, 0x00, 0x14, 0x22, 0x00, 0x00, 0x00, 0x00, 0x14, 0x00,
  0x14, 0x22, 0x41, 0x00, 0x00, 0x00, 0x14, 0x00, 0x14, 0x20, 0x00, 0x00,
  0x00, 0x00, 0x14, 0x00, 0x14, 0x20, 0x40, 0x00, 0x00, 0x00, 0x14, 0x00,
  0x14, 0x20, 0x00, 0x00, 0x00, 0x00, 0x14, 0x00, 0x14, 0x20, 0x40, 0x00,
  0x00, 0x00, 0x14, 0x00, 0x14, 0x02, 0x01, 0x00, 0x00, 0x00, 0x14, 0x00,
  0x14, 0x22, 0x40, 0x00, 0x00, 0x00, 0x14, 0x00, 0x14, 0x02, 0x01, 0x00,
  0x00, 0x00, 0x14, 0x00, 0x14, 0x22, 0x40, 0x00, 0x00, 0x00, 0x14, 0x00,
  0x14, 0x00, 0x00, 0x00, 0x00, 0x00, 0x14, 0x00, 0x14, 0x20, 0x40, 0x00,
  0x00, 0x00, 0x14, 0x00, 0x14, 0x00, 0x00, 0x00, 0x00, 0x00, 0x14, 0x00,
  0x14, 0x20, 0x40, 0x00, 0x00, 0x00, 0x14, 0x00, 0x14, 0x02, 0x00, 0x00,
  0x40, 0x20, 0x14, 0x00, 0x14, 0x02, 0x01, 0x00, 0x00, 0x00, 0x14, 0x00,
  0x14, 0x02, 0x00, 0x00, 0x00, 0x20, 0x14, 0x00, 0x14, 0x02, 0x01, 0x00,
  0x00, 0x00, 0x14, 0x00, 0x14, 0x00, 0x00, 0x00, 0x40, 0x20, 0x14, 0x00,
  0x14, 0x00, 0x00, 0x00, 0x00, 0x00, 0x14, 0x00, 0x14, 0x00, 0x00, 0x00,
  0x00, 0x20, 0x14, 0x00, 0x14, 0x00, 0x00, 0x00, 0x82, 0x44, 0x28, 0x00,
  0x28, 0x44, 0x82, 0x01, 0x02, 0x04, 0x28, 0x00, 0x28, 0x00, 0x00, 0x00,
  0x02, 0x44, 0x28, 0x00, 0x28, 0x44, 0x82, 0x01, 0x02, 0x04, 0x28, 0x00,
  0x28, 0x00, 0x00, 0x00, 0x00, 0x04, 0x28, 0x00, 0x28, 0x44, 0x82, 0x00,
  0x82, 0x44, 0x28, 0x00, 0x28, 0x44, 0x80, 0x00, 0x00, 0x04, 0x28, 0x00,
  0x28, 0x44, 0x82, 0x00, 0x02, 0x44, 0x28, 0x00, 0x28, 0x44, 0x80, 0x00,
  0x82, 0x44, 0x28, 0x00, 0x28, 0x40, 0x80, 0x00, 0x00, 0x04, 0x28, 0x00,
  0x28, 0x44, 0x80, 0x00, 0x02, 0x44, 0x28, 0x00, 0x28, 0x40, 0x80, 0x00,
  0x00, 0x04, 0x28, 0x00, 0x28, 0x44, 0x80, 0x00, 0x00, 0x04, 0x28, 0x00,
  0x28, 0x40, 0x80, 0x00, 0x82, 0x44, 0x28, 0x00, 0x28, 0x40, 0x80, 0x00,
  0x00, 0x04, 0x28, 0x00, 0x28, 0x40, 0x80, 0x00, 0x02, 0x44, 0x28, 0x00,
  0x28, 0x40, 0x80, 0x00, 0x00, 0x00, 0x28, 0x00, 0x28, 0x44, 0x02, 0x01,
  0x00, 0x04, 0x28, 0x00, 0x28, 0x40, 0x80, 0x00, 0x00, 0x00, 0x28, 0x00,
  0x28, 0x44, 0x02, 0x01, 0x00, 0x04, 0x28, 0x00, 0x28, 0x40, 0x80, 0x00,
  0x00, 0x00, 0x28, 0x00, 0x28, 0x44, 0x02, 0x00, 0x00, 0x00, 0x28, 0x00,
  0x28, 0x44, 0x00, 0x00, 0x00, 0x00, 0x28, 0x00, 0x28, 0x44, 0x02, 0x00,
  0x00, 0x00, 0x28, 0x00, 0x28, 0x44, 0x00, 0x00, 0x00, 0x00, 0x28, 0x00,
  0x28, 0x40, 0x00, 0x00, 0x00, 0x00, 0x28, 0x00, 0x28, 0x44, 0x00, 0x00,
  0x00, 0x00, 0x28, 0x00, 0x28, 0x40, 0x00, 0x00, 0x00, 0x00, 0x28, 0x00,
  0x28, 0x44, 0x00, 0x00, 0x00, 0x00, 0x28, 0x00, 0x28, 0x40, 0x00, 0x00,
  0x00, 0x00, 0x28, 0x00, 0x28, 0x40, 0x00, 0x00, 0x00, 0x00, 0x28, 0x00,
  0x28, 0x40, 0x00, 0x00, 0x00, 0x00, 0x28, 0x00, 0x28, 0x40, 0x00, 0x00,
  0x82, 0x44, 0x28, 0x00, 0x28, 0x04, 0x02, 0x01, 0x00, 0x00, 0x28, 0x00,
  0x28, 0x40, 0x00, 0x00, 0x02, 0x44, 0x28, 0x00, 0x28, 0x04, 0x02, 0x01,
  0x00, 0x00, 0x28, 0x00, 0x28, 0x40, 0x00, 0x00, 0x00, 0x04, 0x28, 0x00,
  0x28, 0x04, 0x02, 0x00, 0x82, 0x44, 0x28, 0x00, 0x28, 0x04, 0x00, 0x00,
  0x00, 0x04, 0x28, 0x00, 0x28, 0x04, 0x02, 0x00, 0x02, 0x44, 0x28, 0x00,
  0x28, 0x04, 0x00, 0x00, 0x82, 0x44, 0x28, 0x00, 0x28, 0x00, 0x00, 0x00,
  0x00, 0x04, 0x28, 0x00, 0x28, 0x04, 0x00, 0x00, 0x02, 0x44, 0x28, 0x00,
  0x28, 0x00, 0x00, 0x00, 0x00, 0x04, 0x28, 0x00, 0x28, 0x04, 0x00, 0x00,
  0x00, 0x04, 0x28, 0x00, 0x28, 0x00, 0x00, 0x00, 0x82, 0x44, 0x28, 0x00,
  0x28, 0x00, 0x00, 0x00, 0x00, 0x04, 0x28, 0x00, 0x28, 0x00, 0x00, 0x00,
  0x02, 0x44, 0x28, 0x00, 0x28, 0x00, 0x00, 0x00, 0x00, 0x00, 0x28, 0x00,
  0x28, 0x04, 0x02, 0x01, 0x00, 0x04, 0x28, 0x00, 0x28, 0x00, 0x00, 0x00,
  0x00, 0x00, 0x28, 0x00, 0x28, 0x04, 0x02, 0x01, 0x00, 0x04, 0x28, 0x00,
  0x28, 0x00, 0x00, 0x00, 0x00, 0x00, 0x28, 0x00, 0x28, 0x04, 0x02, 0x00,
  0x00, 0x00, 0x28, 0x00, 0x28, 0x04, 0x00, 0x00, 0x00, 0x00, 0x28, 0x00,
  0x28, 0x04, 0x02, 0x00, 0x00, 0x00, 0x28, 0x00, 0x28, 0x04, 0x00, 0x00,
  0x00, 0x00, 0x28, 0x00, 0x28, 0x00, 0x00, 0x00, 0x00, 0x00, 0x28, 0x00,
  0x28, 0x04, 0x00, 0x00, 0x00, 0x00, 0x28, 0x00, 0x28, 0x00, 0x00, 0x00,
  0x00, 0x00, 0x28, 0x00, 0x28, 0x04, 0x00, 0x00, 0x00, 0x00, 0x28, 0x00,
  0x28, 0x00, 0x00, 0x00, 0x00, 0x00, 0x28, 0x00, 0x28, 0x00, 0x00, 0x00,
  0x00, 0x00, 0x28, 0x00, 0x28, 0x00, 0x00, 0x00, 0x00, 0x00, 0x28, 0x00,
  0x28, 0x00, 0x00, 0x00, 0x80, 0x40, 0x28, 0x00, 0x28, 0x44, 0x82, 0x01,
  0x00, 0x00, 0x28, 0x00, 0x28, 0x00, 0x00, 0x00, 0x00, 0x40, 0x28, 0x00,
  0x28, 0x44, 0x82, 0x01, 0x00, 0x00, 0x28, 0x00, 0x28, 0x00, 0x00, 0x00,
  0x00, 0x00, 0x28, 0x00, 0x28, 0x44, 0x82, 0x00, 0x80, 0x40, 0x28, 0x00,
  0x28, 0x44, 0x80, 0x00, 0x00, 0x00, 0x28, 0x00, 0x28, 0x44, 0x82, 0x00,
  0x00, 0x40, 0x28, 0x00, 0x28, 0x44, 0x80, 0x00, 0x80, 0x40, 0x28, 0x00,
  0x28, 0x40, 0x80, 0x00, 0x00, 0x00, 0x28, 0x00, 0x28, 0x44, 0x80, 0x00,
  0x00, 0x40, 0x28, 0x00, 0x28, 0x40, 0x80, 0x00, 0x00, 0x00, 0x28, 0x00,
  0x28, 0x44, 0x80, 0x00, 0x00, 0x00, 0x28, 0x00, 0x28, 0x40, 0x80, 0x00,
  0x80, 0x40, 0x28, 0x00, 0x28, 0x40, 0x80, 0x00, 0x00, 0x00, 0x28, 0x00,
  0x28, 0x40, 0x80, 0x00, 0x00, 0x40, 0x28, 0x00, 0x28, 0x40, 0x80, 0x00,
  0x82, 0x44, 0x28, 0x00, 0x28, 0x44, 0x02, 0x01, 0x00, 0x00, 0x28, 0x00,
  0x28, 0x40, 0x80, 0x00, 0x02, 0x44, 0x28, 0x00, 0x28, 0x44, 0x02, 0x01,
  0x00, 0x00, 0x28, 0x00, 0x28, 0x40, 0x80, 0x00, 0x00, 0x04, 0x28, 0x00,
  0x28, 0x44, 0x02, 0x00, 0x82, 0x44, 0x28, 0x00, 0x28, 0x44, 0x00, 0x00,
  0x00, 0x04, 0x28, 0x00, 0x28, 0x44, 0x02, 0x00, 0x02, 0x44, 0x28, 0x00,
  0x28, 0x44, 0x00, 0x00, 0x82, 0x44, 0x28, 0x00, 0x28, 0x40, 0x00, 0x00,
  0x00, 0x04, 0x28, 0x00, 0x28, 0x44, 0x00, 0x00, 0x02, 0x44, 0x28, 0x00,
  0x28, 0x40, 0x00, 0x00, 0x00, 0x04, 0x28, 0x00, 0x28, 0x44, 0x00, 0x00,
  0x00, 0x04, 0x28, 0x00, 0x28, 0x40, 0x00, 0x00, 0x82, 0x44, 0x28, 0x00,
  0x28, 0x40, 0x00, 0x00, 0x00, 0x04, 0x28, 0x00, 0x28, 0x40, 0x00, 0x00,
  0x02, 0x44, 0x28, 0x00, 0x28, 0x40, 0x00, 0x00, 0x80, 0x40, 0x28, 0x00,
  0x28, 0x04, 0x02, 0x01, 0x00, 0x04, 0x28, 0x00, 0x28, 0x40, 0x00, 0x00,
  0x00, 0x40, 0x28, 0x00, 0x28, 0x04, 0x02, 0x01, 0x00, 0x04, 0x28, 0x00,
  0x28, 0x40, 0x00, 0x00, 0x00, 0x00, 0x28, 0x00, 0x28, 0x04, 0x02, 0x00,
  0x80, 0x40, 0x28, 0x00, 0x28, 0x04, 0x00, 0x00, 0x00, 0x00, 0x28, 0x00,
  0x28, 0x04, 0x02, 0x00, 0x00, 0x40, 0x28, 0x00, 0x28, 0x04, 0x00, 0x00,
  0x80, 0x40, 0x28, 0x00, 0x28, 0x00, 0x00, 0x00, 0x00, 0x00, 0x28, 0x00,
  0x28, 0x04, 0x00, 0x00, 0x00, 0x40, 0x28, 0x00, 0x28, 0x00, 0x00, 0x00,
  0x00, 0x00, 0x28, 0x00, 0x28, 0x04, 0x00, 0x00, 0x00, 0x00, 0x28, 0x00,
  0x28, 0x00, 0x00, 0x00, 0x80, 0x40, 0x28, 0x00, 0x28, 0x00, 0x00, 0x00,
  0x00, 0x00, 0x28, 0x00, 0x28, 0x00, 0x00, 0x00, 0x00, 0x40, 0x28, 0x00,
  0x28, 0x00, 0x00, 0x00, 0x82, 0x44, 0x28, 0x00, 0x28, 0x04, 0x02, 0x01,
  0x00, 0x00, 0x28, 0x00, 0x28, 0x00, 0x00, 0x00, 0x02, 0x44, 0x28, 0x00,
  0x28, 0x04, 0x02, 0x01, 0x00, 0x00, 0x28, 0x00, 0x28, 0x00, 0x00, 0x00,
  0x00, 0x04, 0x28, 0x00, 0x28, 0x04, 0x02, 0x00, 0x82, 0x44, 0x28, 0x00,
  0x28, 0x04, 0x00, 0x00, 0x00, 0x04, 0x28, 0x00, 0x28, 0x04, 0x02, 0x00,
  0x02, 0x44, 0x28, 0x00, 0x28, 0x04, 0x00, 0x00, 0x82, 0x44, 0x28, 0x00,
  0x28, 0x00, 0x00, 0x00, 0x00, 0x04, 0x28, 0x00, 0x28, 0x04, 0x00, 0x00,
  0x02, 0x44, 0x28, 0x00, 0x28, 0x00, 0x00, 0x00, 0x00, 0x04, 0x28, 0x00,
  0x28, 0x04, 0x00, 0x00, 0x00, 0x04, 0x28, 0x00, 0x28, 0x00, 0x00, 0x00,
  0x82, 0x44, 0x28, 0x00, 0x28, 0x00, 0x00, 0x00, 0x00, 0x04, 0x28, 0x00,
  0x28, 0x00, 0x00, 0x00, 0x02, 0x44, 0x28, 0x00, 0x28, 0x00, 0x00, 0x00,
  0x80, 0x44, 0x28, 0x00, 0x28, 0x44, 0x82, 0x01, 0x00, 0x04, 0x28, 0x00,
  0x28, 0x00, 0x00, 0x00, 0x00, 0x44, 0x28, 0x00, 0x28, 0x44, 0x82, 0x01,
  0x00, 0x04, 0x28, 0x00, 0x28, 0x00, 0x00, 0x00, 0x82, 0x44, 0x28, 0x00,
  0x28, 0x44, 0x82, 0x00, 0x80, 0x44, 0x28, 0x00, 0x28, 0x44, 0x80, 0x00,
  0x02, 0x44, 0x28, 0x00, 0x28, 0x44, 0x82, 0x00, 0x00, 0x44, 0x28, 0x00,
  0x28, 0x44, 0x80, 0x00, 0x80, 0x44, 0x28, 0x00, 0x28, 0x40, 0x80, 0x00,
  0x82, 0x44, 0x28, 0x00, 0x28, 0x44, 0x80, 0x00, 0x00, 0x44, 0x28, 0x00,
  0x28, 0x40, 0x80, 0x00, 0x02, 0x44, 0x28, 0x00, 0x28, 0x44, 0x80, 0x00,
  0x82, 0x44, 0x28, 0x00, 0x28, 0x40, 0x80, 0x00, 0x80, 0x44, 0x28, 0x00,
  0x28, 0x40, 0x80, 0x00, 0x02, 0x44, 0x28, 0x00, 0x28, 0x40, 0x80, 0x00,
  0x00, 0x44, 0x28, 0x00, 0x28, 0x40, 0x80, 0x00, 0x80, 0x40, 0x28, 0x00,
  0x28, 0x44, 0x02, 0x01, 0x82, 0x44, 0x28, 0x00, 0x28, 0x40, 0x80, 0x00,
  0x00, 0x40, 0x28, 0x00, 0x28, 0x44, 0x02, 0x01, 0x02, 0x44, 0x28, 0x00,
  0x28, 0x40, 0x80, 0x00, 0x00, 0x00, 0x28, 0x00, 0x28, 0x44, 0x02, 0x00,
  0x80, 0x40, 0x28, 0x00, 0x28, 0x44, 0x00, 0x00, 0x00, 0x00, 0x28, 0x00,
  0x28, 0x44, 0x02, 0x00, 0x00, 0x40, 0x28, 0x00, 0x28, 0x44, 0x00, 0x00,
  0x80, 0x40, 0x28, 0x00, 0x28, 0x40, 0x00, 0x00, 0x00, 0x00, 0x28, 0x00,
  0x28, 0x44, 0x00, 0x00, 0x00, 0x40, 0x28, 0x00, 0x28, 0x40, 0x00, 0x00,
  0x00, 0x00, 0x28, 0x00, 0x28, 0x44, 0x00, 0x00, 0x00, 0x00, 0x28, 0x00,
  0x28, 0x40, 0x00, 0x00, 0x80, 0x40, 0x28, 0x00, 0x28, 0x40, 0x00, 0x00,
  0x00, 0x00, 0x28, 0x00, 0x28, 0x40, 0x00, 0x00, 0x00, 0x40, 0x28, 0x00,
  0x28, 0x40, 0x00, 0x00, 0x80, 0x44, 0x28, 0x00, 0x28, 0x04, 0x02, 0x01,
  0x00, 0x00, 0x28, 0x00, 0x28, 0x40, 0x00, 0x00, 0x00, 0x44, 0x28, 0x00,
  0x28, 0x04, 0x02, 0x01, 0x00, 0x00, 0x28, 0x00, 0x28, 0x40, 0x00, 0x00,
  0x82, 0x44, 0x28, 0x00, 0x28, 0x04, 0x02, 0x00, 0x80, 0x44, 0x28, 0x00,
  0x28, 0x04, 0x00, 0x00, 0x02, 0x44, 0x28, 0x00, 0x28, 0x04, 0x02, 0x00,
  0x00, 0x44, 0x28, 0x00, 0x28, 0x04, 0x00, 0x00, 0x80, 0x44, 0x28, 0x00,
  0x28, 0x00, 0x00, 0x00, 0x82, 0x44, 0x28, 0x00, 0x28, 0x04, 0x00, 0x00,
  0x00, 0x44, 0x28, 0x00, 0x28, 0x00, 0x00, 0x00, 0x02, 0x44, 0x28, 0x00,
  0x28, 0x04, 0x00, 0x00, 0x82, 0x44, 0x28, 0x00, 0x28, 0x00, 0x00, 0x00,
  0x80, 0x44, 0x28, 0x00, 0x28, 0x00, 0x00, 0x00, 0x02, 0x44, 0x28, 0x00,
  0x28, 0x00, 0x00, 0x00, 0x00, 0x44, 0x28, 0x00, 0x28, 0x00, 0x00, 0x00,
  0x80, 0x40, 0x28, 0x00, 0x28, 0x04, 0x02, 0x01, 0x82, 0x44, 0x28, 0x00,
  0x28, 0x00, 0x00, 0x00, 0x00, 0x40, 0x28, 0x00, 0x28, 0x04, 0x02, 0x01,
  0x02, 0x44, 0x28, 0x00, 0x28, 0x00, 0x00, 0x00, 0x00, 0x00, 0x28, 0x00,
  0x28, 0x04, 0x02, 0x00, 0x80, 0x40, 0x28, 0x00, 0x28, 0x04, 0x00, 0x00,
  0x00, 0x00, 0x28, 0x00, 0x28, 0x04, 0x02, 0x00, 0x00, 0x40, 0x28, 0x00,
  0x28, 0x04, 0x00, 0x00, 0x80, 0x40, 0x28, 0x00, 0x28, 0x00, 0x00, 0x00,
  0x00, 0x00, 0x28, 0x00, 0x28, 0x04, 0x00, 0x00, 0x00, 0x40, 0x28, 0x00,
  0x28, 0x00, 0x00, 0x00, 0x00, 0x00, 0x28, 0x00, 0x28, 0x04, 0x00, 0x00,
  0x00, 0x00, 0x28, 0x00, 0x28, 0x00, 0x00, 0x00, 0x80, 0x40, 0x28, 0x00,
  0x28, 0x00, 0x00, 0x00, 0x00, 0x00, 0x28, 0x00, 0x28, 0x00, 0x00, 0x00,
  0x00, 0x40, 0x28, 0x00, 0x28, 0x00, 0x00, 0x00, 0x80, 0x40, 0x28, 0x00,
  0x28, 0x44, 0x82, 0x01, 0x00, 0x00, 0x28, 0x00, 0x28, 0x00, 0x00, 0x00,
  0x00, 0x40, 0x28, 0x00, 0x28, 0x44, 0x82, 0x01, 0x00, 0x00, 0x28, 0x00,
  0x28, 0x00, 0x00, 0x00, 0x80, 0x40, 0x28, 0x00, 0x28, 0x44, 0x82, 0x00,
  0x80, 0x40, 0x28, 0x00, 0x28, 0x44, 0x80, 0x00, 0x00, 0x40, 0x28, 0x00,
  0x28, 0x44, 0x82, 0x00, 0x00, 0x40, 0x28, 0x00, 0x28, 0x44, 0x80, 0x00,
  0x80, 0x40, 0x28, 0x00, 0x28, 0x40, 0x80, 0x00, 0x80, 0x40, 0x28, 0x00,
  0x28, 0x44, 0x80, 0x00, 0x00, 0x40, 0x28, 0x00, 0x28, 0x40, 0x80, 0x00,
  0x00, 0x40, 0x28, 0x00, 0x28, 0x44, 0x80, 0x00, 0x80, 0x40, 0x28, 0x00,
  0x28, 0x40, 0x80, 0x00, 0x80, 0x40, 0x28, 0x00, 0x28, 0x40, 0x80, 0x00,
  0x00, 0x40, 0x28, 0x00, 0x28, 0x40, 0x80, 0x00, 0x00, 0x40, 0x28, 0x00,
  0x28, 0x40, 0x80, 0x00, 0x80, 0x44, 0x28, 0x00, 0x28, 0x44, 0x02, 0x01,
  0x80, 0x40, 0x28, 0x00, 0x28, 0x40, 0x80, 0x00, 0x00, 0x44, 0x28, 0x00,
  0x28, 0x44, 0x02, 0x01, 0x00, 0x40, 0x28, 0x00, 0x28, 0x40, 0x80, 0x00,
  0x82, 0x44, 0x28, 0x00, 0x28, 0x44, 0x02, 0x00, 0x80, 0x44, 0x28, 0x00,
  0x28, 0x44, 0x00, 0x00, 0x02, 0x44, 0x28, 0x00, 0x28, 0x44, 0x02, 0x00,
  0x00, 0x44, 0x28, 0x00, 0x28, 0x44, 0x00, 0x00, 0x80, 0x44, 0x28, 0x00,
  0x28, 0x40, 0x00, 0x00, 0x82, 0x44, 0x28, 0x00, 0x28, 0x44, 0x00, 0x00,
  0x00, 0x44, 0x28, 0x00, 0x28, 0x40, 0x00, 0x00, 0x02, 0x44, 0x28, 0x00,
  0x28, 0x44, 0x00, 0x00, 0x82, 0x44, 0x28, 0x00, 0x28, 0x40, 0x00, 0x00,
  0x80, 0x44, 0x28, 0x00, 0x28, 0x40, 0x00, 0x00, 0x02, 0x44, 0x28, 0x00,
  0x28, 0x40, 0x00, 0x00, 0x00, 0x44, 0x28, 0x00, 0x28, 0x40, 0x00, 0x00,
  0x80, 0x40, 0x28, 0x00, 0x28, 0x04, 0x02, 0x01, 0x82, 0x44, 0x28, 0x00,
  0x28, 0x40, 0x00, 0x00, 0x00, 0x40, 0x28, 0x00, 0x28, 0x04, 0x02, 0x01,
  0x02, 0x44, 0x28, 0x00, 0x28, 0x40, 0x00, 0x00, 0x80, 0x40, 0x28, 0x00,
  0x28, 0x04, 0x02, 0x00, 0x80, 0x40, 0x28, 0x00, 0x28, 0x04, 0x00, 0x00,
  0x00, 0x40, 0x28, 0x00, 0x28, 0x04, 0x02, 0x00, 0x00, 0x40, 0x28, 0x00,
  0x28, 0x04, 0x00, 0x00, 0x80, 0x40, 0x28, 0x00, 0x28, 0x00, 0x00, 0x00,
  0x80, 0x40, 0x28, 0x00, 0x28, 0x04, 0x00, 0x00, 0x00, 0x40, 0x28, 0x00,
  0x28, 0x00, 0x00, 0x00, 0x00, 0x40, 0x28, 0x00, 0x28, 0x04, 0x00, 0x00,
  0x80, 0x40, 0x28, 0x00, 0x28, 0x00, 0x00, 0x00, 0x80, 0x40, 0x28, 0x00,
  0x28, 0x00, 0x00, 0x00, 0x00, 0x40, 0x28, 0x00, 0x28, 0x00, 0x00, 0x00,
  0x00, 0x40, 0x28, 0x00, 0x28, 0x00, 0x00, 0x00, 0x80, 0x44, 0x28, 0x00,
  0x28, 0x04, 0x02, 0x01, 0x80, 0x40, 0x28, 0x00, 0x28, 0x00, 0x00, 0x00,
  0x00, 0x44, 0x28, 0x00, 0x28, 0x04, 0x02, 0x01, 0x00, 0x40, 0x28, 0x00,
  0x28, 0x00, 0x00, 0x00, 0x82, 0x44, 0x28, 0x00, 0x28, 0x04, 0x02, 0x00,
  0x80, 0x44, 0x28, 0x00, 0x28, 0x04, 0x00, 0x00, 0x02, 0x44, 0x28, 0x00,
  0x28, 0x04, 0x02, 0x00, 0x00, 0x44, 0x28, 0x00, 0x28, 0x04, 0x00, 0x00,
  0x80, 0x44, 0x28, 0x00, 0x28, 0x00, 0x00, 0x00, 0x82, 0x44, 0x28, 0x00,
  0x28, 0x04, 0x00, 0x00, 0x00, 0x44, 0x28, 0x00, 0x28, 0x00, 0x00, 0x00,
  0x02, 0x44, 0x28, 0x00, 0x28, 0x04, 0x00, 0x00, 0x82, 0x44, 0x28, 0x00,
  0x28, 0x00, 0x00, 0x00, 0x80, 0x44, 0x28, 0x00, 0x28, 0x00, 0x00, 0x00,
  0x02, 0x44, 0x28, 0x00, 0x28, 0x00, 0x00, 0x00, 0x00, 0x44, 0x28, 0x00,
  0x28, 0x00, 0x00, 0x00, 0x02, 0x04, 0x28, 0x00, 0x28, 0x44, 0x82, 0x01,
  0x82, 0x44, 0x28, 0x00, 0x28, 0x00, 0x00, 0x00, 0x02, 0x04, 0x28, 0x00,
  0x28, 0x44, 0x82, 0x01, 0x02, 0x44, 0x28, 0x00, 0x28, 0x00, 0x00, 0x00,
  0x80, 0x44, 0x28, 0x00, 0x28, 0x44, 0x82, 0x00, 0x02, 0x04, 0x28, 0x00,
  0x28, 0x44, 0x80, 0x00, 0x00, 0x44, 0x28, 0x00, 0x28, 0x44, 0x82, 0x00,
  0x02, 0x04, 0x28, 0x00, 0x28, 0x44, 0x80, 0x00, 0x02, 0x04, 0x28, 0x00,
  0x28, 0x40, 0x80, 0x00, 0x80, 0x44, 0x28, 0x00, 0x28, 0x44, 0x80, 0x00,
  0x02, 0x04, 0x28, 0x00, 0x28, 0x40, 0x80, 0x00, 0x00, 0x44, 0x28, 0x00,
  0x28, 0x44, 0x80, 0x00, 0x80, 0x44, 0x28, 0x00, 0x28, 0x40, 0x80, 0x00,
  0x02, 0x04, 0x28, 0x00, 0x28, 0x40, 0x80, 0x00, 0x00, 0x44, 0x28, 0x00,
  0x28, 0x40, 0x80, 0x00, 0x02, 0x04, 0x28, 0x00, 0x28, 0x40, 0x80, 0x00,
  0x80, 0x40, 0x28, 0x00, 0x28, 0x44, 0x02, 0x01, 0x80, 0x44, 0x28, 0x00,
  0x28, 0x40, 0x80, 0x00, 0x00, 0x40, 0x28, 0x00, 0x28, 0x44, 0x02, 0x01,
  0x00, 0x44, 0x28, 0x00, 0x28, 0x40, 0x80, 0x00, 0x80, 0x40, 0x28, 0x00,
  0x28, 0x44, 0x02, 0x00, 0x80, 0x40, 0x28, 0x00, 0x28, 0x44, 0x00, 0x00,
  0x00, 0x40, 0x28, 0x00, 0x28, 0x44, 0x02, 0x00, 0x00, 0x40, 0x28, 0x00,
  0x28, 0x44, 0x00, 0x00, 0x80, 0x40, 0x28, 0x00, 0x28, 0x40, 0x00, 0x00,
  0x80, 0x40, 0x28, 0x00, 0x28, 0x44, 0x00, 0x00, 0x00, 0x40, 0x28, 0x00,
  0x28, 0x40, 0x00, 0x00, 0x00, 0x40, 0x28, 0x00, 0x28, 0x44, 0x00, 0x00,
  0x80, 0x40, 0x28, 0x00, 0x28, 0x40, 0x00, 0x00, 0x80, 0x40, 0x28, 0x00,
  0x28, 0x40, 0x00, 0x00, 0x00, 0x40, 0x28, 0x00, 0x28, 0x40, 0x00, 0x00,
  0x00, 0x40, 0x28, 0x00, 0x28, 0x40, 0x00, 0x00, 0x02, 0x04, 0x28, 0x00,
  0x28, 0x04, 0x02, 0x01, 0x80, 0x40, 0x28, 0x00, 0x28, 0x40, 0x00, 0x00,
  0x02, 0x04, 0x28, 0x00, 0x28, 0x04, 0x02, 0x01, 0x00, 0x40, 0x28, 0x00,
  0x28, 0x40, 0x00, 0x00, 0x80, 0x44, 0x28, 0x00, 0x28, 0x04, 0x02, 0x00,
  0x02, 0x04, 0x28, 0x00, 0x28, 0x04, 0x00, 0x00, 0x00, 0x44, 0x28, 0x00,
  0x28, 0x04, 0x02, 0x00, 0x02, 0x04, 0x28, 0x00, 0x28, 0x04, 0x00, 0x00,
  0x02, 0x04, 0x28, 0x00, 0x28, 0x00, 0x00, 0x00, 0x80, 0x44, 0x28, 0x00,
  0x28, 0x04, 0x00, 0x00, 0x02, 0x04, 0x28, 0x00, 0x28, 0x00, 0x00, 0x00,
  0x00, 0x44, 0x28, 0x00, 0x28, 0x04, 0x00, 0x00, 0x80, 0x44, 0x28, 0x00,
  0x28, 0x00, 0x00, 0x00, 0x02, 0x04, 0x28, 0x00, 0x28, 0x00, 0x00, 0x00,
  0x00, 0x44, 0x28, 0x00, 0x28, 0x00, 0x00, 0x00, 0x02, 0x04, 0x28, 0x00,
  0x28, 0x00, 0x00, 0x00, 0x80, 0x40, 0x28, 0x00, 0x28, 0x04, 0x02, 0x01,
  0x80, 0x44, 0x28, 0x00, 0x28, 0x00, 0x00, 0x00, 0x00, 0x40, 0x28, 0x00,
  0x28, 0x04, 0x02, 0x01, 0x00, 0x44, 0x28, 0x00, 0x28, 0x00, 0x00, 0x00,
  0x80, 0x40, 0x28, 0x00, 0x28, 0x04, 0x02, 0x00, 0x80, 0x40, 0x28, 0x00,
  0x28, 0x04, 0x00, 0x00, 0x00, 0x40, 0x28, 0x00, 0x28, 0x04, 0x02, 0x00,
  0x00, 0x40, 0x28, 0x00, 0x28, 0x04, 0x00, 0x00, 0x80, 0x40, 0x28, 0x00,
  0x28, 0x00, 0x00, 0x00, 0x80, 0x40, 0x28, 0x00, 0x28, 0x04, 0x00, 0x00,
  0x00, 0x40, 0x28, 0x00, 0x28, 0x00, 0x00, 0x00, 0x00, 0x40, 0x28, 0x00,
  0x28, 0x04, 0x00, 0x00, 0x80, 0x40, 0x28, 0x00, 0x28, 0x00, 0x00, 0x00,
  0x80, 0x40, 0x28, 0x00, 0x28, 0x00, 0x00, 0x00, 0x00, 0x40, 0x28, 0x00,
  0x28, 0x00, 0x00, 0x00, 0x00, 0x40, 0x28, 0x00, 0x28, 0x00, 0x00, 0x00,
  0x00, 0x00, 0x28, 0x00, 0x28, 0x44, 0x82, 0x01, 0x80, 0x40, 0x28, 0x00,
  0x28, 0x00, 0x00, 0x00, 0x00, 0x00, 0x28, 0x00, 0x28, 0x44, 0x82, 0x01,
  0x00, 0x40, 0x28, 0x00, 0x28, 0x00, 0x00, 0x00, 0x80, 0x40, 0x28, 0x00,
  0x28, 0x44, 0x82, 0x00, 0x00, 0x00, 0x28, 0x00, 0x28, 0x44, 0x80, 0x00,
  0x00, 0x40, 0x28, 0x00, 0x28, 0x44, 0x82, 0x00, 0x00, 0x00, 0x28, 0x00,
  0x28, 0x44, 0x80, 0x00, 0x00, 0x00, 0x28, 0x00, 0x28, 0x40, 0x80, 0x00,
  0x80, 0x40, 0x28, 0x00, 0x28, 0x44, 0x80, 0x00, 0x00, 0x00, 0x28, 0x00,
  0x28, 0x40, 0x80, 0x00, 0x00, 0x40, 0x28, 0x00, 0x28, 0x44, 0x80, 0x00,
  0x80, 0x40, 0x28, 0x00, 0x28, 0x40, 0x80, 0x00, 0x00, 0x00, 0x28, 0x00,
  0x28, 0x40, 0x80, 0x00, 0x00, 0x40, 0x28, 0x00, 0x28, 0x40, 0x80, 0x00,
  0x00, 0x00, 0x28, 0x00, 0x28, 0x40, 0x80, 0x00, 0x02, 0x04, 0x28, 0x00,
  0x28, 0x44, 0x02, 0x01, 0x80, 0x40, 0x28, 0x00, 0x28, 0x40, 0x80, 0x00,
  0x02, 0x04, 0x28, 0x00, 0x28, 0x44, 0x02, 0x01, 0x00, 0x40, 0x28, 0x00,
  0x28, 0x40, 0x80, 0x00, 0x80, 0x44, 0x28, 0x00, 0x28, 0x44, 0x02, 0x00,
  0x02, 0x04, 0x28, 0x00, 0x28, 0x44, 0x00, 0x00, 0x00, 0x44, 0x28, 0x00,
  0x28, 0x44, 0x02, 0x00, 0x02, 0x04, 0x28, 0x00, 0x28, 0x44, 0x00, 0x00,
  0x02, 0x04, 0x28, 0x00, 0x28, 0x40, 0x00, 0x00, 0x80, 0x44, 0x28, 0x00,
  0x28, 0x44, 0x00, 0x00, 0x02, 0x04, 0x28, 0x00, 0x28, 0x40, 0x00, 0x00,
  0x00, 0x44, 0x28, 0x00, 0x28, 0x44, 0x00, 0x00, 0x80, 0x44, 0x28, 0x00,
  0x28, 0x40, 0x00, 0x00, 0x02, 0x04, 0x28, 0x00, 0x28, 0x40, 0x00, 0x00,
  0x00, 0x44, 0x28, 0x00, 0x28, 0x40, 0x00, 0x00, 0x02, 0x04, 0x28, 0x00,
  0x28, 0x40, 0x00, 0x00, 0x00, 0x00, 0x28, 0x00, 0x28, 0x04, 0x02, 0x01,
  0x80, 0x44, 0x28, 0x00, 0x28, 0x40, 0x00, 0x00, 0x00, 0x00, 0x28, 0x00,
  0x28, 0x04, 0x02, 0x01, 0x00, 0x44, 0x28, 0x00, 0x28, 0x40, 0x00, 0x00,
  0x80, 0x40, 0x28, 0x00, 0x28, 0x04, 0x02, 0x00, 0x00, 0x00, 0x28, 0x00,
  0x28, 0x04, 0x00, 0x00, 0x00, 0x40, 0x28, 0x00, 0x28, 0x04, 0x02, 0x00,
  0x00, 0x00, 0x28, 0x00, 0x28, 0x04, 0x00, 0x00, 0x00, 0x00, 0x28, 0x00,
  0x28, 0x00, 0x00, 0x00, 0x80, 0x40, 0x28, 0x00, 0x28, 0x04, 0x00, 0x00,
  0x00, 0x00, 0x28, 0x00, 0x28, 0x00, 0x00, 0x00, 0x00, 0x40, 0x28, 0x00,
  0x28, 0x04, 0x00, 0x00, 0x80, 0x40, 0x28, 0x00, 0x28, 0x00, 0x00, 0x00,
  0x00, 0x00, 0x28, 0x00, 0x28, 0x00, 0x00, 0x00, 0x00, 0x40, 0x28, 0x00,
  0x28, 0x00, 0x00, 0x00, 0x00, 0x00, 0x28, 0x00, 0x28, 0x00, 0x00, 0x00,
  0x02, 0x04, 0x28, 0x00, 0x28, 0x04, 0x02, 0x01, 0x80, 0x40, 0x28, 0x00,
  0x28, 0x00, 0x00, 0x00, 0x02, 0x04, 0x28, 0x00, 0x28, 0x04, 0x02, 0x01,
  0x00, 0x40, 0x28, 0x00, 0x28, 0x00, 0x00, 0x00, 0x80, 0x44, 0x28, 0x00,
  0x28, 0x04, 0x02, 0x00, 0x02, 0x04, 0x28, 0x00, 0x28, 0x04, 0x00, 0x00,
  0x00, 0x44, 0x28, 0x00, 0x28, 0x04, 0x02, 0x00, 0x02, 0x04, 0x28, 0x00,
  0x28, 0x04, 0x00, 0x00, 0x02, 0x04, 0x28, 0x00, 0x28, 0x00, 0x00, 0x00,
  0x80, 0x44, 0x28, 0x00, 0x28, 0x04, 0x00, 0x00, 0x02, 0x04, 0x28, 0x00,
  0x28, 0x00, 0x00, 0x00, 0x00, 0x44, 0x28, 0x00, 0x28, 0x04, 0x00, 0x00,
  0x80, 0x44, 0x28, 0x00, 0x28, 0x00, 0x00, 0x00, 0x02, 0x04, 0x28, 0x00,
  0x28, 0x00, 0x00, 0x00, 0x00, 0x44, 0x28, 0x00, 0x28, 0x00, 0x00, 0x00,
  0x02, 0x04, 0x28, 0x00, 0x28, 0x00, 0x00, 0x00, 0x00, 0x04, 0x28, 0x00,
  0x28, 0x44, 0x82, 0x01, 0x80, 0x44, 0x28, 0x00, 0x28, 0x00, 0x00, 0x00,
  0x00, 0x04, 0x28, 0x00, 0x28, 0x44, 0x82, 0x01, 0x00, 0x44, 0x28, 0x00,
  0x28, 0x00, 0x00, 0x00, 0x02, 0x04, 0x28, 0x00, 0x28, 0x44, 0x82, 0x00,
  0x00, 0x04, 0x28, 0x00, 0x28, 0x44, 0x80, 0x00, 0x02, 0x04, 0x28, 0x00,
  0x28, 0x44, 0x82, 0x00, 0x00, 0x04, 0x28, 0x00, 0x28, 0x44, 0x80, 0x00,
  0x00, 0x04, 0x28, 0x00, 0x28, 0x40, 0x80, 0x00, 0x02, 0x04, 0x28, 0x00,
  0x28, 0x44, 0x80, 0x00, 0x00, 0x04, 0x28, 0x00, 0x28, 0x40, 0x80, 0x00,
  0x02, 0x04, 0x28, 0x00, 0x28, 0x44, 0x80, 0x00, 0x02, 0x04, 0x28, 0x00,
  0x28, 0x40, 0x80, 0x00, 0x00, 0x04, 0x28, 0x00, 0x28, 0x40, 0x80, 0x00,
  0x02, 0x04, 0x28, 0x00, 0x28, 0x40, 0x80, 0x00, 0x00, 0x04, 0x28, 0x00,
  0x28, 0x40, 0x80, 0x00, 0x00, 0x00, 0x28, 0x00, 0x28, 0x44, 0x02, 0x01,
  0x02, 0x04, 0x28, 0x00, 0x28, 0x40, 0x80, 0x00, 0x00, 0x00, 0x28, 0x00,
  0x28, 0x44, 0x02, 0x01, 0x02, 0x04, 0x28, 0x00, 0x28, 0x40, 0x80, 0x00,
  0x80, 0x40, 0x28, 0x00, 0x28, 0x44, 0x02, 0x00, 0x00, 0x00, 0x28, 0x00,
  0x28, 0x44, 0x00, 0x00, 0x00, 0x40, 0x28, 0x00, 0x28, 0x44, 0x02, 0x00,
  0x00, 0x00, 0x28, 0x00, 0x28, 0x44, 0x00, 0x00, 0x00, 0x00, 0x28, 0x00,
  0x28, 0x40, 0x00, 0x00, 0x80, 0x40, 0x28, 0x00, 0x28, 0x44, 0x00, 0x00,
  0x00, 0x00, 0x28, 0x00, 0x28, 0x40, 0x00, 0x00, 0x00, 0x40, 0x28, 0x00,
  0x28, 0x44, 0x00, 0x00, 0x80, 0x40, 0x28, 0x00, 0x28, 0x40, 0x00, 0x00,
  0x00, 0x00, 0x28, 0x00, 0x28, 0x40, 0x00, 0x00, 0x00, 0x40, 0x28, 0x00,
  0x28, 0x40, 0x00, 0x00, 0x00, 0x00, 0x28, 0x00, 0x28, 0x40, 0x00, 0x00,
  0x00, 0x04, 0x28, 0x00, 0x28, 0x04, 0x02, 0x01, 0x80, 0x40, 0x28, 0x00,
  0x28, 0x40, 0x00, 0x00, 0x00, 0x04, 0x28, 0x00, 0x28, 0x04, 0x02, 0x01,
  0x00, 0x40, 0x28, 0x00, 0x28, 0x40, 0x00, 0x00, 0x02, 0x04, 0x28, 0x00,
  0x28, 0x04, 0x02, 0x00, 0x00, 0x04, 0x28, 0x00, 0x28, 0x04, 0x00, 0x00,
  0x02, 0x04, 0x28, 0x00, 0x28, 0x04, 0x02, 0x00, 0x00, 0x04, 0x28, 0x00,
  0x28, 0x04, 0x00, 0x00, 0x00, 0x04, 0x28, 0x00, 0x28, 0x00, 0x00, 0x00,
  0x02, 0x04, 0x28, 0x00, 0x28, 0x04, 0x00, 0x00, 0x00, 0x04, 0x28, 0x00,
  0x28, 0x00, 0x00, 0x00, 0x02, 0x04, 0x28, 0x00, 0x28, 0x04, 0x00, 0x00,
  0x02, 0x04, 0x28, 0x00, 0x28, 0x00, 0x00, 0x00, 0x00, 0x04, 0x28, 0x00,
  0x28, 0x00, 0x00, 0x00, 0x02, 0x04, 0x28, 0x00, 0x28, 0x00, 0x00, 0x00,
  0x00, 0x04, 0x28, 0x00, 0x28, 0x00, 0x00, 0x00, 0x00, 0x00, 0x28, 0x00,
  0x28, 0x04, 0x02, 0x01, 0x02, 0x04, 0x28, 0x00, 0x28, 0x00, 0x00, 0x00,
  0x00, 0x00, 0x28, 0x00, 0x28, 0x04, 0x02, 0x01, 0x02, 0x04, 0x28, 0x00,
  0x28, 0x00, 0x00, 0x00, 0x80, 0x40, 0x28, 0x00, 0x28, 0x04, 0x02, 0x00,
  0x00, 0x00, 0x28, 0x00, 0x28, 0x04, 0x00, 0x00, 0x00, 0x40, 0x28, 0x00,
  0x28, 0x04, 0x02, 0x00, 0x00, 0x00, 0x28, 0x00, 0x28, 0x04, 0x00, 0x00,
  0x00, 0x00, 0x28, 0x00, 0x28, 0x00, 0x00, 0x00, 0x80, 0x40, 0x28, 0x00,
  0x28, 0x04, 0x00, 0x00, 0x00, 0x00, 0x28, 0x00, 0x28, 0x00, 0x00, 0x00,
  0x00, 0x40, 0x28, 0x00, 0x28, 0x04, 0x00, 0x00, 0x80, 0x40, 0x28, 0x00,
  0x28, 0x00, 0x00, 0x00, 0x00, 0x00, 0x28, 0x00, 0x28, 0x00, 0x00, 0x00,
  0x00, 0x40, 0x28, 0x00, 0x28, 0x00, 0x00, 0x00, 0x00, 0x00, 0x28, 0x00,
  0x28, 0x00, 0x00, 0x00, 0x00, 0x00, 0x28, 0x00, 0x28, 0x44, 0x82, 0x01,
  0x80, 0x40, 0x28, 0x00, 0x28, 0x00, 0x00, 0x00, 0x00, 0x00, 0x28, 0x00,
  0x28, 0x44, 0x82, 0x01, 0x00, 0x40, 0x28, 0x00, 0x28, 0x00, 0x00, 0x00,
  0x00, 0x00, 0x28, 0x00, 0x28, 0x44, 0x82, 0x00, 0x00, 0x00, 0x28, 0x00,
  0x28, 0x44, 0x80, 0x00, 0x00, 0x00, 0x28, 0x00, 0x28, 0x44, 0x82, 0x00,
  0x00, 0x00, 0x28, 0x00, 0x28, 0x44, 0x80, 0x00, 0x00, 0x00, 0x28, 0x00,
  0x28, 0x40, 0x80, 0x00, 0x00, 0x00, 0x28, 0x00, 0x28, 0x44, 0x80, 0x00,
  0x00, 0x00, 0x28, 0x00, 0x28, 0x40, 0x80, 0x00, 0x00, 0x00, 0x28, 0x00,
  0x28, 0x44, 0x80, 0x00, 0x00, 0x00, 0x28, 0x00, 0x28, 0x40, 0x80, 0x00,
  0x00, 0x00, 0x28, 0x00, 0x28, 0x40, 0x80, 0x00, 0x00, 0x00, 0x28, 0x00,
  0x28, 0x40, 0x80, 0x00, 0x00, 0x00, 0x28, 0x00, 0x28, 0x40, 0x80, 0x00,
  0x00, 0x04, 0x28, 0x00, 0x28, 0x44, 0x02, 0x01, 0x00, 0x00, 0x28, 0x00,
  0x28, 0x40, 0x80, 0x00, 0x00, 0x04, 0x28, 0x00, 0x28, 0x44, 0x02, 0x01,
  0x00, 0x00, 0x28, 0x00, 0x28, 0x40, 0x80, 0x00, 0x02, 0x04, 0x28, 0x00,
  0x28, 0x44, 0x02, 0x00, 0x00, 0x04, 0x28, 0x00, 0x28, 0x44, 0x00, 0x00,
  0x02, 0x04, 0x28, 0x00, 0x28, 0x44, 0x02, 0x00, 0x00, 0x04, 0x28, 0x00,
  0x28, 0x44, 0x00, 0x00, 0x00, 0x04, 0x28, 0x00, 0x28, 0x40, 0x00, 0x00,
  0x02, 0x04, 0x28, 0x00, 0x28, 0x44, 0x00, 0x00, 0x00, 0x04, 0x28, 0x00,
  0x28, 0x40, 0x00, 0x00, 0x02, 0x04, 0x28, 0x00, 0x28, 0x44, 0x00, 0x00,
  0x02, 0x04, 0x28, 0x00, 0x28, 0x40, 0x00, 0x00, 0x00, 0x04, 0x28, 0x00,
  0x28, 0x40, 0x00, 0x00, 0x02, 0x04, 0x28, 0x00, 0x28, 0x40, 0x00, 0x00,
  0x00, 0x04, 0x28, 0x00, 0x28, 0x40, 0x00, 0x00, 0x00, 0x00, 0x28, 0x00,
  0x28, 0x04, 0x02, 0x01, 0x02, 0x04, 0x28, 0x00, 0x28, 0x40, 0x00, 0x00,
  0x00, 0x00, 0x28, 0x00, 0x28, 0x04, 0x02, 0x01, 0x02, 0x04, 0x28, 0x00,
  0x28, 0x40, 0x00, 0x00, 0x00, 0x00, 0x28, 0x00, 0x28, 0x04, 0x02, 0x00,
  0x00, 0x00, 0x28, 0x00, 0x28, 0x04, 0x00, 0x00, 0x00, 0x00, 0x28, 0x00,
  0x28, 0x04, 0x02, 0x00, 0x00, 0x00, 0x28, 0x00, 0x28, 0x04, 0x00, 0x00,
  0x00, 0x00, 0x28, 0x00, 0x28, 0x00, 0x00, 0x00, 0x00, 0x00, 0x28, 0x00,
  0x28, 0x04, 0x00, 0x00, 0x00, 0x00, 0x28, 0x00, 0x28, 0x00, 0x00, 0x00,
  0x00, 0x00, 0x28, 0x00, 0x28, 0x04, 0x00, 0x00, 0x00, 0x00, 0x28, 0x00,
  0x28, 0x00, 0x00, 0x00, 0x00, 0x00, 0x28, 0x00, 0x28, 0x00, 0x00, 0x00,
  0x00, 0x00, 0x28, 0x00, 0x28, 0x00, 0x00, 0x00, 0x00, 0x00, 0x28, 0x00,
  0x28, 0x00, 0x00, 0x00, 0x00, 0x04, 0x28, 0x00, 0x28, 0x04, 0x02, 0x01,
  0x00, 0x00, 0x28, 0x00, 0x28, 0x00, 0x00, 0x00, 0x00, 0x04, 0x28, 0x00,
  0x28, 0x04, 0x02, 0x01, 0x00, 0x00, 0x28, 0x00, 0x28, 0x00, 0x00, 0x00,
  0x02, 0x04, 0x28, 0x00, 0x28, 0x04, 0x02, 0x00, 0x00, 0x04, 0x28, 0x00,
  0x28, 0x04, 0x00, 0x00, 0x02, 0x04, 0x28, 0x00, 0x28, 0x04, 0x02, 0x00,
  0x00, 0x04, 0x28, 0x00, 0x28, 0x04, 0x00, 0x00, 0x00, 0x04, 0x28, 0x00,
  0x28, 0x00, 0x00, 0x00, 0x02, 0x04, 0x28, 0x00, 0x28, 0x04, 0x00, 0x00,
  0x00, 0x04, 0x28, 0x00, 0x28, 0x00, 0x00, 0x00, 0x02, 0x04, 0x28, 0x00,
  0x28, 0x04, 0x00, 0x00, 0x02, 0x04, 0x28, 0x00, 0x28, 0x00, 0x00, 0x00,
  0x00, 0x04, 0x28, 0x00, 0x28, 0x00, 0x00, 0x00, 0x02, 0x04, 0x28, 0x00,
  0x28, 0x00, 0x00, 0x00, 0x00, 0x04, 0x28, 0x00, 0x28, 0x00, 0x00, 0x00,
  0x04, 0x88, 0x50, 0x00, 0x50, 0x88, 0x04, 0x02, 0x00, 0x88, 0x50, 0x00,
  0x50, 0x08, 0x00, 0x00, 0x00, 0x80, 0x50, 0x00, 0x50, 0x88, 0x04, 0x02,
  0x00, 0x80, 0x50, 0x00, 0x50, 0x08, 0x00, 0x00, 0x00, 0x88, 0x50, 0x00,
  0x50, 0x00, 0x00, 0x00, 0x00, 0x88, 0x50, 0x00, 0x50, 0x80, 0x00, 0x00,
  0x00, 0x80, 0x50, 0x00, 0x50, 0x00, 0x00, 0x00, 0x00, 0x80, 0x50, 0x00,
  0x50, 0x80, 0x00, 0x00, 0x04, 0x08, 0x50, 0x00, 0x50, 0x88, 0x04, 0x02,
  0x00, 0x08, 0x50, 0x00, 0x50, 0x08, 0x00, 0x00, 0x00, 0x00, 0x50, 0x00,
  0x50, 0x88, 0x04, 0x02, 0x00, 0x00, 0x50, 0x00, 0x50, 0x08, 0x00, 0x00,
  0x00, 0x08, 0x50, 0x00, 0x50, 0x00, 0x00, 0x00, 0x00, 0x08, 0x50, 0x00,
  0x50, 0x80, 0x00, 0x00, 0x00, 0x00, 0x50, 0x00, 0x50, 0x00, 0x00, 0x00,
  0x00, 0x00, 0x50, 0x00, 0x50, 0x80, 0x00, 0x00, 0x04, 0x88, 0x50, 0x00,
  0x50, 0x88, 0x00, 0x00, 0x04, 0x88, 0x50, 0x00, 0x50, 0x08, 0x04, 0x00,
  0x00, 0x80, 0x50, 0x00, 0x50, 0x88, 0x00, 0x00, 0x00, 0x80, 0x50, 0x00,
  0x50, 0x08, 0x04, 0x00, 0x04, 0x88, 0x50, 0x00, 0x50, 0x80, 0x00, 0x00,
  0x00, 0x88, 0x50, 0x00, 0x50, 0x00, 0x00, 0x00, 0x00, 0x80, 0x50, 0x00,
  0x50, 0x80, 0x00, 0x00, 0x00, 0x80, 0x50, 0x00, 0x50, 0x00, 0x00, 0x00,
  0x04, 0x08, 0x50, 0x00, 0x50, 0x88, 0x00, 0x00, 0x04, 0x08, 0x50, 0x00,
  0x50, 0x08, 0x04, 0x00, 0x00, 0x00, 0x50, 0x00, 0x50, 0x88, 0x00, 0x00,
  0x00, 0x00, 0x50, 0x00, 0x50, 0x08, 0x04, 0x00, 0x04, 0x08, 0x50, 0x00,
  0x50, 0x80, 0x00, 0x00, 0x00, 0x08, 0x50, 0x00, 0x50, 0x00, 0x00, 0x00,
  0x00, 0x00, 0x50, 0x00, 0x50, 0x80, 0x00, 0x00, 0x00, 0x00, 0x50, 0x00,
  0x50, 0x00, 0x00, 0x00, 0x00, 0x88, 0x50, 0x00, 0x50, 0x88, 0x04, 0x02,
  0x04, 0x88, 0x50, 0x00, 0x50, 0x08, 0x00, 0x00, 0x00, 0x80, 0x50, 0x00,
  0x50, 0x88, 0x04, 0x02, 0x00, 0x80, 0x50, 0x00, 0x50, 0x08, 0x00, 0x00,
  0x04, 0x88, 0x50, 0x00, 0x50, 0x80, 0x00, 0x00, 0x04, 0x88, 0x50, 0x00,
  0x50, 0x00, 0x00, 0x00, 0x00, 0x80, 0x50, 0x00, 0x50, 0x80, 0x00, 0x00,
  0x00, 0x80, 0x50, 0x00, 0x50, 0x00, 0x00, 0x00, 0x00, 0x08, 0x50, 0x00,
  0x50, 0x88, 0x04, 0x02, 0x04, 0x08, 0x50, 0x00, 0x50, 0x08, 0x00, 0x00,
  0x00, 0x00, 0x50, 0x00, 0x50, 0x88, 0x04, 0x02, 0x00, 0x00, 0x50, 0x00,
  0x50, 0x08, 0x00, 0x00, 0x04, 0x08, 0x50, 0x00, 0x50, 0x80, 0x00, 0x00,
  0x04, 0x08, 0x50, 0x00, 0x50, 0x00, 0x00, 0x00, 0x00, 0x00, 0x50, 0x00,
  0x50, 0x80, 0x00, 0x00, 0x00, 0x00, 0x50, 0x00, 0x50, 0x00, 0x00, 0x00,
  0x00, 0x88, 0x50, 0x00, 0x50, 0x88, 0x00, 0x00, 0x00, 0x88, 0x50, 0x00,
  0x50, 0x08, 0x04, 0x00, 0x00, 0x80, 0x50, 0x00, 0x50, 0x88, 0x00, 0x00,
  0x00, 0x80, 0x50, 0x00, 0x50, 0x08, 0x04, 0x00, 0x00, 0x88, 0x50, 0x00,
  0x50, 0x80, 0x00, 0x00, 0x04, 0x88, 0x50, 0x00, 0x50, 0x00, 0x00, 0x00,
  0x00, 0x80, 0x50, 0x00, 0x50, 0x80, 0x00, 0x00, 0x00, 0x80, 0x50, 0x00,
  0x50, 0x00, 0x00, 0x00, 0x00, 0x08, 0x50, 0x00, 0x50, 0x88, 0x00, 0x00,
  0x00, 0x08, 0x50, 0x00, 0x50, 0x08, 0x04, 0x00, 0x00, 0x00, 0x50, 0x00,
  0x50, 0x88, 0x00, 0x00, 0x00, 0x00, 0x50, 0x00, 0x50, 0x08, 0x04, 0x00,
  0x00, 0x08, 0x50, 0x00, 0x50, 0x80, 0x00, 0x00, 0x04, 0x08, 0x50, 0x00,
  0x50, 0x00, 0x00, 0x00, 0x00, 0x00, 0x50, 0x00, 0x50, 0x80, 0x00, 0x00,
  0x00, 0x00, 0x50, 0x00, 0x50, 0x00, 0x00, 0x00, 0x04, 0x88, 0x50, 0x00,
  0x50, 0x88, 0x04, 0x00, 0x00, 0x88, 0x50, 0x00, 0x50, 0x08, 0x00, 0x00,
  0x00, 0x80, 0x50, 0x00, 0x50, 0x88, 0x04, 0x00, 0x00, 0x80, 0x50, 0x00,
  0x50, 0x08, 0x00, 0x00, 0x00, 0x88, 0x50, 0x00, 0x50, 0x80, 0x00, 0x00,
  0x00, 0x88, 0x50, 0x00, 0x50, 0x00, 0x00, 0x00, 0x00, 0x80, 0x50, 0x00,
  0x50, 0x80, 0x00, 0x00, 0x00, 0x80, 0x50, 0x00, 0x50, 0x00, 0x00, 0x00,
  0x04, 0x08, 0x50, 0x00, 0x50, 0x88, 0x04, 0x00, 0x00, 0x08, 0x50, 0x00,
  0x50, 0x08, 0x00, 0x00, 0x00, 0x00, 0x50, 0x00, 0x50, 0x88, 0x04, 0x00,
  0x00, 0x00, 0x50, 0x00, 0x50, 0x08, 0x00, 0x00, 0x00, 0x08, 0x50, 0x00,
  0x50, 0x80, 0x00, 0x00, 0x00, 0x08, 0x50, 0x00, 0x50, 0x00, 0x00, 0x00,
  0x00, 0x00, 0x50, 0x00, 0x50, 0x80, 0x00, 0x00, 0x00, 0x00, 0x50, 0x00,
  0x50, 0x00, 0x00, 0x00, 0x04, 0x88, 0x50, 0x00, 0x50, 0x08, 0x04, 0x02,
  0x04, 0x88, 0x50, 0x00, 0x50, 0x88, 0x00, 0x00, 0x00, 0x80, 0x50, 0x00,
  0x50, 0x08, 0x04, 0x02, 0x00, 0x80, 0x50, 0x00, 0x50, 0x88, 0x00, 0x00,
  0x04, 0x88, 0x50, 0x00, 0x50, 0x80, 0x00, 0x00, 0x00, 0x88, 0x50, 0x00,
  0x50, 0x00, 0x00, 0x00, 0x00, 0x80, 0x50, 0x00, 0x50, 0x80, 0x00, 0x00,
  0x00, 0x80, 0x50, 0x00, 0x50, 0x00, 0x00, 0x00, 0x04, 0x08, 0x50, 0x00,
  0x50, 0x08, 0x04, 0x02, 0x04, 0x08, 0x50, 0x00, 0x50, 0x88, 0x00, 0x00,
  0x00, 0x00, 0x50, 0x00, 0x50, 0x08, 0x04, 0x02, 0x00, 0x00, 0x50, 0x00,
  0x50, 0x88, 0x00, 0x00, 0x04, 0x08, 0x50, 0x00, 0x50, 0x80, 0x00, 0x00,
  0x00, 0x08, 0x50, 0x00, 0x50, 0x00, 0x00, 0x00, 0x00, 0x00, 0x50, 0x00,
  0x50, 0x80, 0x00, 0x00, 0x00, 0x00, 0x50, 0x00, 0x50, 0x00, 0x00, 0x00,
  0x00, 0x88, 0x50, 0x00, 0x50, 0x88, 0x04, 0x00, 0x04, 0x88, 0x50, 0x00,
  0x50, 0x08, 0x00, 0x00, 0x00, 0x80, 0x50, 0x00, 0x50, 0x88, 0x04, 0x00,
  0x00, 0x80, 0x50, 0x00, 0x50, 0x08, 0x00, 0x00, 0x04, 0x88, 0x50, 0x00,
  0x50, 0x00, 0x00, 0x00, 0x04, 0x88, 0x50, 0x00, 0x50, 0x80, 0x00, 0x00,
  0x00, 0x80, 0x50, 0x00, 0x50, 0x00, 0x00, 0x00, 0x00, 0x80, 0x50, 0x00,
  0x50, 0x80, 0x00, 0x00, 0x00, 0x08, 0x50, 0x00, 0x50, 0x88, 0x04, 0x00,
  0x04, 0x08, 0x50, 0x00, 0x50, 0x08, 0x00, 0x00, 0x00, 0x00, 0x50, 0x00,
  0x50, 0x88, 0x04, 0x00, 0x00, 0x00, 0x50, 0x00, 0x50, 0x08, 0x00, 0x00,
  0x04, 0x08, 0x50, 0x00, 0x50, 0x00, 0x00, 0x00, 0x04, 0x08, 0x50, 0x00,
  0x50, 0x80, 0x00, 0x00, 0x00, 0x00, 0x50, 0x00, 0x50, 0x00, 0x00, 0x00,
  0x00, 0x00, 0x50, 0x00, 0x50, 0x80, 0x00, 0x00, 0x00, 0x88, 0x50, 0x00,
  0x50, 0x08, 0x04, 0x02, 0x00, 0x88, 0x50, 0x00, 0x50, 0x88, 0x00, 0x00,
  0x00, 0x80, 0x50, 0x00, 0x50, 0x08, 0x04, 0x02, 0x00, 0x80, 0x50, 0x00,
  0x50, 0x88, 0x00, 0x00, 0x00, 0x88, 0x50, 0x00, 0x50, 0x80, 0x00, 0x00,
  0x04, 0x88, 0x50, 0x00, 0x50, 0x00, 0x00, 0x00, 0x00, 0x80, 0x50, 0x00,
  0x50, 0x80, 0x00, 0x00, 0x00, 0x80, 0x50, 0x00, 0x50, 0x00, 0x00, 0x00,
  0x00, 0x08, 0x50, 0x00, 0x50, 0x08, 0x04, 0x02, 0x00, 0x08, 0x50, 0x00,
  0x50, 0x88, 0x00, 0x00, 0x00, 0x00, 0x50, 0x00, 0x50, 0x08, 0x04, 0x02,
  0x00, 0x00, 0x50, 0x00, 0x50, 0x88, 0x00, 0x00, 0x00, 0x08, 0x50, 0x00,
  0x50, 0x80, 0x00, 0x00, 0x04, 0x08, 0x50, 0x00, 0x50, 0x00, 0x00, 0x00,
  0x00, 0x00, 0x50, 0x00, 0x50, 0x80, 0x00, 0x00, 0x00, 0x00, 0x50, 0x00,
  0x50, 0x00, 0x00, 0x00, 0x08, 0x10, 0xa0, 0x00, 0xa0, 0x10, 0x08, 0x04,
  0x00, 0x00, 0xa0, 0x00, 0xa0, 0x10, 0x00, 0x00, 0x08, 0x10, 0xa0, 0x00,
  0xa0, 0x00, 0x00, 0x00, 0x00, 0x00, 0xa0, 0x00, 0xa0, 0x00, 0x00, 0x00,
  0x00, 0x10, 0xa0, 0x00, 0xa0, 0x10, 0x00, 0x00, 0x00, 0x00, 0xa0, 0x00,
  0xa0, 0x10, 0x00, 0x00, 0x00, 0x10, 0xa0, 0x00, 0xa0, 0x00, 0x00, 0x00,
  0x00, 0x00, 0xa0, 0x00, 0xa0, 0x00, 0x00, 0x00, 0x08, 0x10, 0xa0, 0x00,
  0xa0, 0x10, 0x08, 0x00, 0x00, 0x00, 0xa0, 0x00, 0xa0, 0x10, 0x08, 0x04,
  0x08, 0x10, 0xa0, 0x00, 0xa0, 0x00, 0x00, 0x00, 0x00, 0x00, 0xa0, 0x00,
  0xa0, 0x00, 0x00, 0x00, 0x00, 0x10, 0xa0, 0x00, 0xa0, 0x10, 0x08, 0x04,
  0x00, 0x00, 0xa0, 0x00, 0xa0, 0x10, 0x00, 0x00, 0x00, 0x10, 0xa0, 0x00,
  0xa0, 0x00, 0x00, 0x00, 0x00, 0x00, 0xa0, 0x00, 0xa0, 0x00, 0x00, 0x00,
  0x08, 0x10, 0xa0, 0x00, 0xa0, 0x10, 0x00, 0x00, 0x00, 0x00, 0xa0, 0x00,
  0xa0, 0x10, 0x08, 0x00, 0x08, 0x10, 0xa0, 0x00, 0xa0, 0x00, 0x00, 0x00,
  0x00, 0x00, 0xa0, 0x00, 0xa0, 0x00, 0x00, 0x00, 0x00, 0x10, 0xa0, 0x00,
  0xa0, 0x10, 0x08, 0x00, 0x00, 0x00, 0xa0, 0x00, 0xa0, 0x10, 0x08, 0x04,
  0x00, 0x10, 0xa0, 0x00, 0xa0, 0x00, 0x00, 0x00, 0x00, 0x00, 0xa0, 0x00,
  0xa0, 0x00, 0x00, 0x00, 0x08, 0x10, 0xa0, 0x00, 0xa0, 0x10, 0x00, 0x00,
  0x00, 0x00, 0xa0, 0x00, 0xa0, 0x10, 0x00, 0x00, 0x08, 0x10, 0xa0, 0x00,
  0xa0, 0x00, 0x00, 0x00, 0x00, 0x00, 0xa0, 0x00, 0xa0, 0x00, 0x00, 0x00,
  0x00, 0x10, 0xa0, 0x00, 0xa0, 0x10, 0x00, 0x00, 0x00, 0x00, 0xa0, 0x00,
  0xa0, 0x10, 0x08, 0x00, 0x00, 0x10, 0xa0, 0x00, 0xa0, 0x00, 0x00, 0x00,
  0x00, 0x00, 0xa0, 0x00, 0xa0, 0x00, 0x00, 0x00, 0x10, 0x20, 0x40, 0x00,
  0x40, 0x20, 0x10, 0x08, 0x10, 0x20, 0x40, 0x00, 0x40, 0x20, 0x00, 0x00,
  0x00, 0x00, 0x40, 0x00, 0x40, 0x00, 0x00, 0x00, 0x00, 0x00, 0x40, 0x00,
  0x40, 0x00, 0x00, 0x00, 0x00, 0x20, 0x40, 0x00, 0x40, 0x20, 0x10, 0x08,
  0x00, 0x20, 0x40, 0x00, 0x40, 0x20, 0x00, 0x00, 0x10, 0x20, 0x40, 0x00,
  0x40, 0x00, 0x00, 0x00, 0x10, 0x20, 0x40, 0x00, 0x40, 0x00, 0x00, 0x00,
  0x00, 0x00, 0x40, 0x00, 0x40, 0x20, 0x10, 0x08, 0x00, 0x00, 0x40, 0x00,
  0x40, 0x20, 0x00, 0x00, 0x00, 0x20, 0x40, 0x00, 0x40, 0x00, 0x00, 0x00,
  0x00, 0x20, 0x40, 0x00, 0x40, 0x00, 0x00, 0x00, 0x00, 0x00, 0x40, 0x00,
  0x40, 0x20, 0x10, 0x08, 0x00, 0x00, 0x40, 0x00, 0x40, 0x20, 0x00, 0x00,
  0x00, 0x00, 0x40, 0x00, 0x40, 0x00, 0x00, 0x00, 0x00, 0x00, 0x40, 0x00,
  0x40, 0x00, 0x00, 0x00, 0x10, 0x20, 0x40, 0x00, 0x40, 0x20, 0x10, 0x00,
  0x10, 0x20, 0x40, 0x00, 0x40, 0x20, 0x00, 0x00, 0x00, 0x00, 0x40, 0x00,
  0x40, 0x00, 0x00, 0x00, 0x00, 0x00, 0x40, 0x00, 0x40, 0x00, 0x00, 0x00,
  0x00, 0x20, 0x40, 0x00, 0x40, 0x20, 0x10, 0x00, 0x00, 0x20, 0x40, 0x00,
  0x40, 0x20, 0x00, 0x00, 0x10, 0x20, 0x40, 0x00, 0x40, 0x00, 0x00, 0x00,
  0x10, 0x20, 0x40, 0x00, 0x40, 0x00, 0x00, 0x00, 0x00, 0x00, 0x40, 0x00,
  0x40, 0x20, 0x10, 0x00, 0x00, 0x00, 0x40, 0x00, 0x40, 0x20, 0x00, 0x00,
  0x00, 0x20, 0x40, 0x00, 0x40, 0x00, 0x00, 0x00, 0x00, 0x20, 0x40, 0x00,
  0x40, 0x00, 0x00, 0x00, 0x00, 0x00, 0x40, 0x00, 0x40, 0x20, 0x10, 0x00,
  0x00, 0x00, 0x40, 0x00, 0x40, 0x20, 0x00, 0x00, 0x00, 0x00, 0x40, 0x00,
  0x40, 0x00, 0x00, 0x00, 0x00, 0x00, 0x40, 0x00, 0x40, 0x00, 0x00, 0x00,
  0x10, 0x08, 0x04, 0x02, 0x00, 0x02, 0x04, 0x08, 0x00, 0x00, 0x00, 0x02,
  0x00, 0x02, 0x04, 0x00, 0x00, 0x00, 0x00, 0x02, 0x00, 0x02, 0x04, 0x08,
  0x00, 0x00, 0x04, 0x02, 0x00, 0x02, 0x00, 0x00, 0x00, 0x08, 0x04, 0x02,
  0x00, 0x02, 0x04, 0x08, 0x00, 0x00, 0x00, 0x02, 0x00, 0x02, 0x00, 0x00,
  0x00, 0x00, 0x00, 0x02, 0x00, 0x02, 0x04, 0x08, 0x00, 0x00, 0x04, 0x02,
  0x00, 0x02, 0x00, 0x00, 0x10, 0x08, 0x04, 0x02, 0x00, 0x02, 0x04, 0x00,
  0x00, 0x00, 0x00, 0x02, 0x00, 0x02, 0x00, 0x00, 0x00, 0x00, 0x00, 0x02,
  0x00, 0x02, 0x04, 0x00, 0x00, 0x00, 0x04, 0x02, 0x00, 0x02, 0x00, 0x00,
  0x00, 0x08, 0x04, 0x02, 0x00, 0x02, 0x04, 0x00, 0x00, 0x00, 0x00, 0x02,
  0x00, 0x02, 0x00, 0x00, 0x00, 0x00, 0x00, 0x02, 0x00, 0x02, 0x04, 0x00,
  0x00, 0x00, 0x04, 0x02, 0x00, 0x02, 0x00, 0x00, 0x10, 0x08, 0x04, 0x02,
  0x00, 0x02, 0x00, 0x00, 0x00, 0x00, 0x00, 0x02, 0x00, 0x02, 0x00, 0x00,
  0x00, 0x00, 0x00, 0x02, 0x00, 0x02, 0x00, 0x00, 0x00, 0x00, 0x04, 0x02,
  0x00, 0x02, 0x04, 0x08, 0x00, 0x08, 0x04, 0x02, 0x00, 0x02, 0x00, 0x00,
  0x00, 0x00, 0x00, 0x02, 0x00, 0x02, 0x04, 0x08, 0x00, 0x00, 0x00, 0x02,
  0x00, 0x02, 0x00, 0x00, 0x00, 0x00, 0x04, 0x02, 0x00, 0x02, 0x04, 0x08,
  0x10, 0x08, 0x04, 0x02, 0x00, 0x02, 0x00, 0x00, 0x00, 0x00, 0x00, 0x02,
  0x00, 0x02, 0x04, 0x08, 0x00, 0x00, 0x00, 0x02, 0x00, 0x02, 0x00, 0x00,
  0x00, 0x00, 0x04, 0x02, 0x00, 0x02, 0x04, 0x00, 0x00, 0x08, 0x04, 0x02,
  0x00, 0x02, 0x00, 0x00, 0x00, 0x00, 0x00, 0x02, 0x00, 0x02, 0x04, 0x00,
  0x00, 0x00, 0x00, 0x02, 0x00, 0x02, 0x00, 0x00, 0x00, 0x00, 0x04, 0x02,
  0x00, 0x02, 0x04, 0x00, 0x20, 0x10, 0x08, 0x05, 0x00, 0x05, 0x08, 0x10,
  0x00, 0x00, 0x00, 0x05, 0x00, 0x05, 0x08, 0x00, 0x20, 0x10, 0x08, 0x05,
  0x00, 0x05, 0x00, 0x00, 0x00, 0x00, 0x00, 0x05, 0x00, 0x05, 0x00, 0x00,
  0x00, 0x00, 0x08, 0x05, 0x00, 0x05, 0x08, 0x10, 0x00, 0x00, 0x00, 0x05,
  0x00, 0x05, 0x08, 0x00, 0x00, 0x00, 0x08, 0x05, 0x00, 0x05, 0x00, 0x00,
  0x00, 0x00, 0x00, 0x05, 0x00, 0x05, 0x00, 0x00, 0x00, 0x10, 0x08, 0x05,
  0x00, 0x05, 0x08, 0x10, 0x00, 0x00, 0x00, 0x05, 0x00, 0x05, 0x08, 0x00,
  0x00, 0x10, 0x08, 0x05, 0x00, 0x05, 0x00, 0x00, 0x00, 0x00, 0x00, 0x05,
  0x00, 0x05, 0x00, 0x00, 0x00, 0x00, 0x08, 0x05, 0x00, 0x05, 0x08, 0x10,
  0x20, 0x10, 0x08, 0x05, 0x00, 0x05, 0x08, 0x00, 0x00, 0x00, 0x08, 0x05,
  0x00, 0x05, 0x00, 0x00, 0x20, 0x10, 0x08, 0x05, 0x00, 0x05, 0x00, 0x00,
  0x00, 0x00, 0x00, 0x05, 0x00, 0x05, 0x08, 0x10, 0x00, 0x00, 0x08, 0x05,
  0x00, 0x05, 0x08, 0x00, 0x00, 0x00, 0x00, 0x05, 0x00, 0x05, 0x00, 0x00,
  0x00, 0x00, 0x08, 0x05, 0x00, 0x05, 0x00, 0x00, 0x00, 0x00, 0x00, 0x05,
  0x00, 0x05, 0x08, 0x10, 0x00, 0x10, 0x08, 0x05, 0x00, 0x05, 0x08, 0x00,
  0x00, 0x00, 0x00, 0x05, 0x00, 0x05, 0x00, 0x00, 0x00, 0x10, 0x08, 0x05,
  0x00, 0x05, 0x00, 0x00, 0x00, 0x00, 0x00, 0x05, 0x00, 0x05, 0x08, 0x10,
  0x00, 0x00, 0x08, 0x05, 0x00, 0x05, 0x08, 0x00, 0x00, 0x00, 0x00, 0x05,
  0x00, 0x05, 0x00, 0x00, 0x00, 0x00, 0x08, 0x05, 0x00, 0x05, 0x00, 0x00,
  0x00, 0x00, 0x00, 0x05, 0x00, 0x05, 0x08, 0x10, 0x00, 0x00, 0x00, 0x05,
  0x00, 0x05, 0x08, 0x00, 0x00, 0x00, 0x00, 0x05, 0x00, 0x05, 0x00, 0x00,
  0x00, 0x00, 0x00, 0x05, 0x00, 0x05, 0x00, 0x00, 0x40, 0x20, 0x11, 0x0a,
  0x00, 0x0a, 0x11, 0x20, 0x00, 0x00, 0x11, 0x0a, 0x00, 0x0a, 0x11, 0x20,
  0x00, 0x00, 0x01, 0x0a, 0x00, 0x0a, 0x10, 0x00, 0x00, 0x00, 0x01, 0x0a,
  0x00, 0x0a, 0x10, 0x00, 0x00, 0x20, 0x10, 0x0a, 0x00, 0x0a, 0x11, 0x00,
  0x00, 0x00, 0x10, 0x0a, 0x00, 0x0a, 0x11, 0x00, 0x00, 0x00, 0x00, 0x0a,
  0x00, 0x0a, 0x10, 0x20, 0x00, 0x00, 0x00, 0x0a, 0x00, 0x0a, 0x10, 0x20,
  0x40, 0x20, 0x11, 0x0a, 0x00, 0x0a, 0x01, 0x00, 0x00, 0x00, 0x11, 0x0a,
  0x00, 0x0a, 0x01, 0x00, 0x00, 0x00, 0x01, 0x0a, 0x00, 0x0a, 0x00, 0x00,
  0x00, 0x00, 0x01, 0x0a, 0x00, 0x0a, 0x00, 0x00, 0x00, 0x20, 0x10, 0x0a,
  0x00, 0x0a, 0x01, 0x00, 0x00, 0x00, 0x10, 0x0a, 0x00, 0x0a, 0x01, 0x00,
  0x00, 0x00, 0x00, 0x0a, 0x00, 0x0a, 0x00, 0x00, 0x00, 0x00, 0x00, 0x0a,
  0x00, 0x0a, 0x00, 0x00, 0x00, 0x00, 0x01, 0x0a, 0x00, 0x0a, 0x11, 0x20,
  0x00, 0x00, 0x01, 0x0a, 0x00, 0x0a, 0x11, 0x20, 0x00, 0x20, 0x11, 0x0a,
  0x00, 0x0a, 0x10, 0x00, 0x00, 0x00, 0x11, 0x0a, 0x00, 0x0a, 0x10, 0x00,
  0x00, 0x00, 0x00, 0x0a, 0x00, 0x0a, 0x11, 0x00, 0x00, 0x00, 0x00, 0x0a,
  0x00, 0x0a, 0x11, 0x00, 0x40, 0x20, 0x10, 0x0a, 0x00, 0x0a, 0x10, 0x00,
  0x00, 0x00, 0x10, 0x0a, 0x00, 0x0a, 0x10, 0x00, 0x00, 0x00, 0x01, 0x0a,
  0x00, 0x0a, 0x01, 0x00, 0x00, 0x00, 0x01, 0x0a, 0x00, 0x0a, 0x01, 0x00,
  0x00, 0x20, 0x11, 0x0a, 0x00, 0x0a, 0x00, 0x00, 0x00, 0x00, 0x11, 0x0a,
  0x00, 0x0a, 0x00, 0x00, 0x00, 0x00, 0x00, 0x0a, 0x00, 0x0a, 0x01, 0x00,
  0x00, 0x00, 0x00, 0x0a, 0x00, 0x0a, 0x01, 0x00, 0x40, 0x20, 0x10, 0x0a,
  0x00, 0x0a, 0x00, 0x00, 0x00, 0x00, 0x10, 0x0a, 0x00, 0x0a, 0x00, 0x00,
  0x00, 0x20, 0x11, 0x0a, 0x00, 0x0a, 0x11, 0x20, 0x00, 0x00, 0x11, 0x0a,
  0x00, 0x0a, 0x11, 0x20, 0x00, 0x00, 0x01, 0x0a, 0x00, 0x0a, 0x10, 0x00,
  0x00, 0x00, 0x01, 0x0a, 0x00, 0x0a, 0x10, 0x00, 0x40, 0x20, 0x10, 0x0a,
  0x00, 0x0a, 0x11, 0x20, 0x00, 0x00, 0x10, 0x0a, 0x00, 0x0a, 0x11, 0x20,
  0x00, 0x00, 0x00, 0x0a, 0x00, 0x0a, 0x10, 0x00, 0x00, 0x00, 0x00, 0x0a,
  0x00, 0x0a, 0x10, 0x00, 0x00, 0x20, 0x11, 0x0a, 0x00, 0x0a, 0x01, 0x00,
  0x00, 0x00, 0x11, 0x0a, 0x00, 0x0a, 0x01, 0x00, 0x00, 0x00, 0x01, 0x0a,
  0x00, 0x0a, 0x00, 0x00, 0x00, 0x00, 0x01, 0x0a, 0x00, 0x0a, 0x00, 0x00,
  0x40, 0x20, 0x10, 0x0a, 0x00, 0x0a, 0x01, 0x00, 0x00, 0x00, 0x10, 0x0a,
  0x00, 0x0a, 0x01, 0x00, 0x00, 0x00, 0x00, 0x0a, 0x00, 0x0a, 0x00, 0x00,
  0x00, 0x00, 0x00, 0x0a, 0x00, 0x0a, 0x00, 0x00, 0x00, 0x00, 0x01, 0x0a,
  0x00, 0x0a, 0x11, 0x20, 0x00, 0x00, 0x01, 0x0a, 0x00, 0x0a, 0x11, 0x20,
  0x40, 0x20, 0x11, 0x0a, 0x00, 0x0a, 0x10, 0x20, 0x00, 0x00, 0x11, 0x0a,
  0x00, 0x0a, 0x10, 0x20, 0x00, 0x00, 0x00, 0x0a, 0x00, 0x0a, 0x11, 0x20,
  0x00, 0x00, 0x00, 0x0a, 0x00, 0x0a, 0x11, 0x20, 0x00, 0x20, 0x10, 0x0a,
  0x00, 0x0a, 0x10, 0x00, 0x00, 0x00, 0x10, 0x0a, 0x00, 0x0a, 0x10, 0x00,
  0x00, 0x00, 0x01, 0x0a, 0x00, 0x0a, 0x01, 0x00, 0x00, 0x00, 0x01, 0x0a,
  0x00, 0x0a, 0x01, 0x00, 0x40, 0x20, 0x11, 0x0a, 0x00, 0x0a, 0x00, 0x00,
  0x00, 0x00, 0x11, 0x0a, 0x00, 0x0a, 0x00, 0x00, 0x00, 0x00, 0x00, 0x0a,
  0x00, 0x0a, 0x01, 0x00, 0x00, 0x00, 0x00, 0x0a, 0x00, 0x0a, 0x01, 0x00,
  0x00, 0x20, 0x10, 0x0a, 0x00, 0x0a, 0x00, 0x00, 0x00, 0x00, 0x10, 0x0a,
  0x00, 0x0a, 0x00, 0x00, 0x40, 0x20, 0x11, 0x0a, 0x00, 0x0a, 0x11, 0x00,
  0x00, 0x00, 0x11, 0x0a, 0x00, 0x0a, 0x11, 0x00, 0x00, 0x00, 0x01, 0x0a,
  0x00, 0x0a, 0x10, 0x20, 0x00, 0x00, 0x01, 0x0a, 0x00, 0x0a, 0x10, 0x20,
  0x00, 0x20, 0x10, 0x0a, 0x00, 0x0a, 0x11, 0x20, 0x00, 0x00, 0x10, 0x0a,
  0x00, 0x0a, 0x11, 0x20, 0x00, 0x00, 0x00, 0x0a, 0x00, 0x0a, 0x10, 0x00,
  0x00, 0x00, 0x00, 0x0a, 0x00, 0x0a, 0x10, 0x00, 0x40, 0x20, 0x11, 0x0a,
  0x00, 0x0a, 0x01, 0x00, 0x00, 0x00, 0x11, 0x0a, 0x00, 0x0a, 0x01, 0x00,
  0x00, 0x00, 0x01, 0x0a, 0x00, 0x0a, 0x00, 0x00, 0x00, 0x00, 0x01, 0x0a,
  0x00, 0x0a, 0x00, 0x00, 0x00, 0x20, 0x10, 0x0a, 0x00, 0x0a, 0x01, 0x00,
  0x00, 0x00, 0x10, 0x0a, 0x00, 0x0a, 0x01, 0x00, 0x00, 0x00, 0x00, 0x0a,
  0x00, 0x0a, 0x00, 0x00, 0x00, 0x00, 0x00, 0x0a, 0x00, 0x0a, 0x00, 0x00,
  0x00, 0x00, 0x01, 0x0a, 0x00, 0x0a, 0x11, 0x00, 0x00, 0x00, 0x01, 0x0a,
  0x00, 0x0a, 0x11, 0x00, 0x00, 0x20, 0x11, 0x0a, 0x00, 0x0a, 0x10, 0x20,
  0x00, 0x00, 0x11, 0x0a, 0x00, 0x0a, 0x10, 0x20, 0x00, 0x00, 0x00, 0x0a,
  0x00, 0x0a, 0x11, 0x20, 0x00, 0x00, 0x00, 0x0a, 0x00, 0x0a, 0x11, 0x20,
  0x40, 0x20, 0x10, 0x0a, 0x00, 0x0a, 0x10, 0x20, 0x00, 0x00, 0x10, 0x0a,
  0x00, 0x0a, 0x10, 0x20, 0x00, 0x00, 0x01, 0x0a, 0x00, 0x0a, 0x01, 0x00,
  0x00, 0x00, 0x01, 0x0a, 0x00, 0x0a, 0x01, 0x00, 0x00, 0x20, 0x11, 0x0a,
  0x00, 0x0a, 0x00, 0x00, 0x00, 0x00, 0x11, 0x0a, 0x00, 0x0a, 0x00, 0x00,
  0x00, 0x00, 0x00, 0x0a, 0x00, 0x0a, 0x01, 0x00, 0x00, 0x00, 0x00, 0x0a,
  0x00, 0x0a, 0x01, 0x00, 0x40, 0x20, 0x10, 0x0a, 0x00, 0x0a, 0x00, 0x00,
  0x00, 0x00, 0x10, 0x0a, 0x00, 0x0a, 0x00, 0x00, 0x00, 0x20, 0x11, 0x0a,
  0x00, 0x0a, 0x11, 0x00, 0x00, 0x00, 0x11, 0x0a, 0x00, 0x0a, 0x11, 0x00,
  0x00, 0x00, 0x01, 0x0a, 0x00, 0x0a, 0x10, 0x20, 0x00, 0x00, 0x01, 0x0a,
  0x00, 0x0a, 0x10, 0x20, 0x40, 0x20, 0x10, 0x0a, 0x00, 0x0a, 0x11, 0x00,
  0x00, 0x00, 0x10, 0x0a, 0x00, 0x0a, 0x11, 0x00, 0x00, 0x00, 0x00, 0x0a,
  0x00, 0x0a, 0x10, 0x20, 0x00, 0x00, 0x00, 0x0a, 0x00, 0x0a, 0x10, 0x20,
  0x00, 0x20, 0x11, 0x0a, 0x00, 0x0a, 0x01, 0x00, 0x00, 0x00, 0x11, 0x0a,
  0x00, 0x0a, 0x01, 0x00, 0x00, 0x00, 0x01, 0x0a, 0x00, 0x0a, 0x00, 0x00,
  0x00, 0x00, 0x01, 0x0a, 0x00, 0x0a, 0x00, 0x00, 0x40, 0x20, 0x10, 0x0a,
  0x00, 0x0a, 0x01, 0x00, 0x00, 0x00, 0x10, 0x0a, 0x00, 0x0a, 0x01, 0x00,
  0x00, 0x00, 0x00, 0x0a, 0x00, 0x0a, 0x00, 0x00, 0x00, 0x00, 0x00, 0x0a,
  0x00, 0x0a, 0x00, 0x00, 0x00, 0x00, 0x01, 0x0a, 0x00, 0x0a, 0x11, 0x00,
  0x00, 0x00, 0x01, 0x0a, 0x00, 0x0a, 0x11, 0x00, 0x40, 0x20, 0x11, 0x0a,
  0x00, 0x0a, 0x10, 0x00, 0x00, 0x00, 0x11, 0x0a, 0x00, 0x0a, 0x10, 0x00,
  0x00, 0x00, 0x00, 0x0a, 0x00, 0x0a, 0x11, 0x00, 0x00, 0x00, 0x00, 0x0a,
  0x00, 0x0a, 0x11, 0x00, 0x00, 0x20, 0x10, 0x0a, 0x00, 0x0a, 0x10, 0x20,
  0x00, 0x00, 0x10, 0x0a, 0x00, 0x0a, 0x10, 0x20, 0x00, 0x00, 0x01, 0x0a,
  0x00, 0x0a, 0x01, 0x00, 0x00, 0x00, 0x01, 0x0a, 0x00, 0x0a, 0x01, 0x00,
  0x40, 0x20, 0x11, 0x0a, 0x00, 0x0a, 0x00, 0x00, 0x00, 0x00, 0x11, 0x0a,
  0x00, 0x0a, 0x00, 0x00, 0x00, 0x00, 0x00, 0x0a, 0x00, 0x0a, 0x01, 0x00,
  0x00, 0x00, 0x00, 0x0a, 0x00, 0x0a, 0x01, 0x00, 0x00, 0x20, 0x10, 0x0a,
  0x00, 0x0a, 0x00, 0x00, 0x00, 0x00, 0x10, 0x0a, 0x00, 0x0a, 0x00, 0x00,
  0x80, 0x41, 0x22, 0x14, 0x00, 0x14, 0x22, 0x41, 0x80, 0x41, 0x22, 0x14,
  0x00, 0x14, 0x22, 0x40, 0x00, 0x00, 0x00, 0x14, 0x00, 0x14, 0x02, 0x01,
  0x00, 0x00, 0x00, 0x14, 0x00, 0x14, 0x02, 0x00, 0x80, 0x40, 0x22, 0x14,
  0x00, 0x14, 0x22, 0x41, 0x80, 0x40, 0x22, 0x14, 0x00, 0x14, 0x22, 0x40,
  0x00, 0x00, 0x00, 0x14, 0x00, 0x14, 0x02, 0x01, 0x00, 0x00, 0x00, 0x14,
  0x00, 0x14, 0x02, 0x00, 0x00, 0x01, 0x02, 0x14, 0x00, 0x14, 0x00, 0x00,
  0x00, 0x01, 0x02, 0x14, 0x00, 0x14, 0x00, 0x00, 0x80, 0x40, 0x20, 0x14,
  0x00, 0x14, 0x22, 0x41, 0x80, 0x40, 0x20, 0x14, 0x00, 0x14, 0x22, 0x40,
  0x00, 0x00, 0x02, 0x14, 0x00, 0x14, 0x00, 0x00, 0x00, 0x00, 0x02, 0x14,
  0x00, 0x14, 0x00, 0x00, 0x80, 0x40, 0x20, 0x14, 0x00, 0x14, 0x22, 0x41,
  0x80, 0x40, 0x20, 0x14, 0x00, 0x14, 0x22, 0x40, 0x80, 0x41, 0x22, 0x14,
  0x00, 0x14, 0x22, 0x01, 0x80, 0x41, 0x22, 0x14, 0x00, 0x14, 0x22, 0x00,
  0x00, 0x00, 0x00, 0x14, 0x00, 0x14, 0x00, 0x00, 0x00, 0x00, 0x00, 0x14,
  0x00, 0x14, 0x00, 0x00, 0x80, 0x40, 0x22, 0x14, 0x00, 0x14, 0x22, 0x01,
  0x80, 0x40, 0x22, 0x14, 0x00, 0x14, 0x22, 0x00, 0x00, 0x00, 0x00, 0x14,
  0x00, 0x14, 0x00, 0x00, 0x00, 0x00, 0x00, 0x14, 0x00, 0x14, 0x00, 0x00,
  0x00, 0x01, 0x02, 0x14, 0x00, 0x14, 0x00, 0x00, 0x00, 0x01, 0x02, 0x14,
  0x00, 0x14, 0x00, 0x00, 0x80, 0x40, 0x20, 0x14, 0x00, 0x14, 0x22, 0x01,
  0x80, 0x40, 0x20, 0x14, 0x00, 0x14, 0x22, 0x00, 0x00, 0x00, 0x02, 0x14,
  0x00, 0x14, 0x00, 0x00, 0x00, 0x00, 0x02, 0x14, 0x00, 0x14, 0x00, 0x00,
  0x80, 0x40, 0x20, 0x14, 0x00, 0x14, 0x22, 0x01, 0x80, 0x40, 0x20, 0x14,
  0x00, 0x14, 0x22, 0x00, 0x80, 0x41, 0x22, 0x14, 0x00, 0x14, 0x20, 0x40,
  0x80, 0x41, 0x22, 0x14, 0x00, 0x14, 0x20, 0x40, 0x00, 0x00, 0x00, 0x14,
  0x00, 0x14, 0x00, 0x00, 0x00, 0x00, 0x00, 0x14, 0x00, 0x14, 0x00, 0x00,
  0x80, 0x40, 0x22, 0x14, 0x00, 0x14, 0x20, 0x40, 0x80, 0x40, 0x22, 0x14,
  0x00, 0x14, 0x20, 0x40, 0x00, 0x00, 0x00, 0x14, 0x00, 0x14, 0x00, 0x00,
  0x00, 0x00, 0x00, 0x14, 0x00, 0x14, 0x00, 0x00, 0x00, 0x01, 0x02, 0x14,
  0x00, 0x14, 0x22, 0x41, 0x00, 0x01, 0x02, 0x14, 0x00, 0x14, 0x22, 0x40,
  0x80, 0x40, 0x20, 0x14, 0x00, 0x14, 0x20, 0x40, 0x80, 0x40, 0x20, 0x14,
  0x00, 0x14, 0x20, 0x40, 0x00, 0x00, 0x02, 0x14, 0x00, 0x14, 0x22, 0x41,
  0x00, 0x00, 0x02, 0x14, 0x00, 0x14, 0x22, 0x40, 0x80, 0x40, 0x20, 0x14,
  0x00, 0x14, 0x20, 0x40, 0x80, 0x40, 0x20, 0x14, 0x00, 0x14, 0x20, 0x40,
  0x80, 0x41, 0x22, 0x14, 0x00, 0x14, 0x20, 0x00, 0x80, 0x41, 0x22, 0x14,
  0x00, 0x14, 0x20, 0x00, 0x00, 0x00, 0x00, 0x14, 0x00, 0x14, 0x22, 0x41,
  0x00, 0x00, 0x00, 0x14, 0x00, 0x14, 0x22, 0x40, 0x80, 0x40, 0x22, 0x14,
  0x00, 0x14, 0x20, 0x00, 0x80, 0x40, 0x22, 0x14, 0x00, 0x14, 0x20, 0x00,
  0x00, 0x00, 0x00, 0x14, 0x00, 0x14, 0x22, 0x41, 0x00, 0x00, 0x00, 0x14,
  0x00, 0x14, 0x22, 0x40, 0x00, 0x01, 0x02, 0x14, 0x00, 0x14, 0x22, 0x01,
  0x00, 0x01, 0x02, 0x14, 0x00, 0x14, 0x22, 0x00, 0x80, 0x40, 0x20, 0x14,
  0x00, 0x14, 0x20, 0x00, 0x80, 0x40, 0x20, 0x14, 0x00, 0x14, 0x20, 0x00,
  0x00, 0x00, 0x02, 0x14, 0x00, 0x14, 0x22, 0x01, 0x00, 0x00, 0x02, 0x14,
  0x00, 0x14, 0x22, 0x00, 0x80, 0x40, 0x20, 0x14, 0x00, 0x14, 0x20, 0x00,
  0x80, 0x40, 0x20, 0x14, 0x00, 0x14, 0x20, 0x00, 0x00, 0x01, 0x22, 0x14,
  0x00, 0x14, 0x22, 0x41, 0x00, 0x01, 0x22, 0x14, 0x00, 0x14, 0x22, 0x40,
  0x00, 0x00, 0x00, 0x14, 0x00, 0x14, 0x22, 0x01, 0x00, 0x00, 0x00, 0x14,
  0x00, 0x14, 0x22, 0x00, 0x00, 0x00, 0x22, 0x14, 0x00, 0x14, 0x22, 0x41,
  0x00, 0x00, 0x22, 0x14, 0x00, 0x14, 0x22, 0x40, 0x00, 0x00, 0x00, 0x14,
  0x00, 0x14, 0x22, 0x01, 0x00, 0x00, 0x00, 0x14, 0x00, 0x14, 0x22, 0x00,
  0x00, 0x01, 0x02, 0x14, 0x00, 0x14, 0x20, 0x40, 0x00, 0x01, 0x02, 0x14,
  0x00, 0x14, 0x20, 0x40, 0x00, 0x00, 0x20, 0x14, 0x00, 0x14, 0x22, 0x41,
  0x00, 0x00, 0x20, 0x14, 0x00, 0x14, 0x22, 0x40, 0x00, 0x00, 0x02, 0x14,
  0x00, 0x14, 0x20, 0x40, 0x00, 0x00, 0x02, 0x14, 0x00, 0x14, 0x20, 0x40,
  0x00, 0x00, 0x20, 0x14, 0x00, 0x14, 0x22, 0x41, 0x00, 0x00, 0x20, 0x14,
  0x00, 0x14, 0x22, 0x40, 0x00, 0x01, 0x22, 0x14, 0x00, 0x14, 0x22, 0x01,
  0x00, 0x01, 0x22, 0x14, 0x00, 0x14, 0x22, 0x00, 0x00, 0x00, 0x00, 0x14,
  0x00, 0x14, 0x20, 0x40, 0x00, 0x00, 0x00, 0x14, 0x00, 0x14, 0x20, 0x40,
  0x00, 0x00, 0x22, 0x14, 0x00, 0x14, 0x22, 0x01, 0x00, 0x00, 0x22, 0x14,
  0x00, 0x14, 0x22, 0x00, 0x00, 0x00, 0x00, 0x14, 0x00, 0x14, 0x20, 0x40,
  0x00, 0x00, 0x00, 0x14, 0x00, 0x14, 0x20, 0x40, 0x00, 0x01, 0x02, 0x14,
  0x00, 0x14, 0x20, 0x00, 0x00, 0x01, 0x02, 0x14, 0x00, 0x14, 0x20, 0x00,
  0x00, 0x00, 0x20, 0x14, 0x00, 0x14, 0x22, 0x01, 0x00, 0x00, 0x20, 0x14,
  0x00, 0x14, 0x22, 0x00, 0x00, 0x00, 0x02, 0x14, 0x00, 0x14, 0x20, 0x00,
  0x00, 0x00, 0x02, 0x14, 0x00, 0x14, 0x20, 0x00, 0x00, 0x00, 0x20, 0x14,
  0x00, 0x14, 0x22, 0x01, 0x00, 0x00, 0x20, 0x14, 0x00, 0x14, 0x22, 0x00,
  0x00, 0x01, 0x22, 0x14, 0x00, 0x14, 0x20, 0x40, 0x00, 0x01, 0x22, 0x14,
  0x00, 0x14, 0x20, 0x40, 0x00, 0x00, 0x00, 0x14, 0x00, 0x14, 0x20, 0x00,
  0x00, 0x00, 0x00, 0x14, 0x00, 0x14, 0x20, 0x00, 0x00, 0x00, 0x22, 0x14,
  0x00, 0x14, 0x20, 0x40, 0x00, 0x00, 0x22, 0x14, 0x00, 0x14, 0x20, 0x40,
  0x00, 0x00, 0x00, 0x14, 0x00, 0x14, 0x20, 0x00, 0x00, 0x00, 0x00, 0x14,
  0x00, 0x14, 0x20, 0x00, 0x00, 0x01, 0x02, 0x14, 0x00, 0x14, 0x22, 0x41,
  0x00, 0x01, 0x02, 0x14, 0x00, 0x14, 0x22, 0x40, 0x00, 0x00, 0x20, 0x14,
  0x00, 0x14, 0x20, 0x40, 0x00, 0x00, 0x20, 0x14, 0x00, 0x14, 0x20, 0x40,
  0x00, 0x00, 0x02, 0x14, 0x00, 0x14, 0x22, 0x41, 0x00, 0x00, 0x02, 0x14,
  0x00, 0x14, 0x22, 0x40, 0x00, 0x00, 0x20, 0x14, 0x00, 0x14, 0x20, 0x40,
  0x00, 0x00, 0x20, 0x14, 0x00, 0x14, 0x20, 0x40, 0x00, 0x01, 0x22, 0x14,
  0x00, 0x14, 0x20, 0x00, 0x00, 0x01, 0x22, 0x14, 0x00, 0x14, 0x20, 0x00,
  0x00, 0x00, 0x00, 0x14, 0x00, 0x14, 0x22, 0x41, 0x00, 0x00, 0x00, 0x14,
  0x00, 0x14, 0x22, 0x40, 0x00, 0x00, 0x22, 0x14, 0x00, 0x14, 0x20, 0x00,
  0x00, 0x00, 0x22, 0x14, 0x00, 0x14, 0x20, 0x00, 0x00, 0x00, 0x00, 0x14,
  0x00, 0x14, 0x22, 0x41, 0x00, 0x00, 0x00, 0x14, 0x00, 0x14, 0x22, 0x40,
  0x00, 0x01, 0x02, 0x14, 0x00, 0x14, 0x22, 0x01, 0x00, 0x01, 0x02, 0x14,
  0x00, 0x14, 0x22, 0x00, 0x00, 0x00, 0x20, 0x14, 0x00, 0x14, 0x20, 0x00,
  0x00, 0x00, 0x20, 0x14, 0x00, 0x14, 0x20, 0x00, 0x00, 0x00, 0x02, 0x14,
  0x00, 0x14, 0x22, 0x01, 0x00, 0x00, 0x02, 0x14, 0x00, 0x14, 0x22, 0x00,
  0x00, 0x00, 0x20, 0x14, 0x00, 0x14, 0x20, 0x00, 0x00, 0x00, 0x20, 0x14,
  0x00, 0x14, 0x20, 0x00, 0x80, 0x41, 0x22, 0x14, 0x00, 0x14, 0x02, 0x01,
  0x80, 0x41, 0x22, 0x14, 0x00, 0x14, 0x02, 0x00, 0x00, 0x00, 0x00, 0x14,
  0x00, 0x14, 0x22, 0x01, 0x00, 0x00, 0x00, 0x14, 0x00, 0x14, 0x22, 0x00,
  0x80, 0x40, 0x22, 0x14, 0x00, 0x14, 0x02, 0x01, 0x80, 0x40, 0x22, 0x14,
  0x00, 0x14, 0x02, 0x00, 0x00, 0x00, 0x00, 0x14, 0x00, 0x14, 0x22, 0x01,
  0x00, 0x00, 0x00, 0x14, 0x00, 0x14, 0x22, 0x00, 0x00, 0x01, 0x02, 0x14,
  0x00, 0x14, 0x20, 0x40, 0x00, 0x01, 0x02, 0x14, 0x00, 0x14, 0x20, 0x40,
  0x80, 0x40, 0x20, 0x14, 0x00, 0x14, 0x02, 0x01, 0x80, 0x40, 0x20, 0x14,
  0x00, 0x14, 0x02, 0x00, 0x00, 0x00, 0x02, 0x14, 0x00, 0x14, 0x20, 0x40,
  0x00, 0x00, 0x02, 0x14, 0x00, 0x14, 0x20, 0x40, 0x80, 0x40, 0x20, 0x14,
  0x00, 0x14, 0x02, 0x01, 0x80, 0x40, 0x20, 0x14, 0x00, 0x14, 0x02, 0x00,
  0x80, 0x41, 0x22, 0x14, 0x00, 0x14, 0x02, 0x01, 0x80, 0x41, 0x22, 0x14,
  0x00, 0x14, 0x02, 0x00, 0x00, 0x00, 0x00, 0x14, 0x00, 0x14, 0x20, 0x40,
  0x00, 0x00, 0x00, 0x14, 0x00, 0x14, 0x20, 0x40, 0x80, 0x40, 0x22, 0x14,
  0x00, 0x14, 0x02, 0x01, 0x80, 0x40, 0x22, 0x14, 0x00, 0x14, 0x02, 0x00,
  0x00, 0x00, 0x00, 0x14, 0x00, 0x14, 0x20, 0x40, 0x00, 0x00, 0x00, 0x14,
  0x00, 0x14, 0x20, 0x40, 0x00, 0x01, 0x02, 0x14, 0x00, 0x14, 0x20, 0x00,
  0x00, 0x01, 0x02, 0x14, 0x00, 0x14, 0x20, 0x00, 0x80, 0x40, 0x20, 0x14,
  0x00, 0x14, 0x02, 0x01, 0x80, 0x40, 0x20, 0x14, 0x00, 0x14, 0x02, 0x00,
  0x00, 0x00, 0x02, 0x14, 0x00, 0x14, 0x20, 0x00, 0x00, 0x00, 0x02, 0x14,
  0x00, 0x14, 0x20, 0x00, 0x80, 0x40, 0x20, 0x14, 0x00, 0x14, 0x02, 0x01,
  0x80, 0x40, 0x20, 0x14, 0x00, 0x14, 0x02, 0x00, 0x80, 0x41, 0x22, 0x14,
  0x00, 0x14, 0x00, 0x00, 0x80, 0x41, 0x22, 0x14, 0x00, 0x14, 0x00, 0x00,
  0x00, 0x00, 0x00, 0x14, 0x00, 0x14, 0x20, 0x00, 0x00, 0x00, 0x00, 0x14,
  0x00, 0x14, 0x20, 0x00, 0x80, 0x40, 0x22, 0x14, 0x00, 0x14, 0x00, 0x00,
  0x80, 0x40, 0x22, 0x14, 0x00, 0x14, 0x00, 0x00, 0x00, 0x00, 0x00, 0x14,
  0x00, 0x14, 0x20, 0x00, 0x00, 0x00, 0x00, 0x14, 0x00, 0x14, 0x20, 0x00,
  0x00, 0x01, 0x02, 0x14, 0x00, 0x14, 0x02, 0x01, 0x00, 0x01, 0x02, 0x14,
  0x00, 0x14, 0x02, 0x00, 0x80, 0x40, 0x20, 0x14, 0x00, 0x14, 0x00, 0x00,
  0x80, 0x40, 0x20, 0x14, 0x00, 0x14, 0x00, 0x00, 0x00, 0x00, 0x02, 0x14,
  0x00, 0x14, 0x02, 0x01, 0x00, 0x00, 0x02, 0x14, 0x00, 0x14, 0x02, 0x00,
  0x80, 0x40, 0x20, 0x14, 0x00, 0x14, 0x00, 0x00, 0x80, 0x40, 0x20, 0x14,
  0x00, 0x14, 0x00, 0x00, 0x80, 0x41, 0x22, 0x14, 0x00, 0x14, 0x00, 0x00,
  0x80, 0x41, 0x22, 0x14, 0x00, 0x14, 0x00, 0x00, 0x00, 0x00, 0x00, 0x14,
  0x00, 0x14, 0x02, 0x01, 0x00, 0x00, 0x00, 0x14, 0x00, 0x14, 0x02, 0x00,
  0x80, 0x40, 0x22, 0x14, 0x00, 0x14, 0x00, 0x00, 0x80, 0x40, 0x22, 0x14,
  0x00, 0x14, 0x00, 0x00, 0x00, 0x00, 0x00, 0x14, 0x00, 0x14, 0x02, 0x01,
  0x00, 0x00, 0x00, 0x14, 0x00, 0x14, 0x02, 0x00, 0x00, 0x01, 0x02, 0x14,
  0x00, 0x14, 0x02, 0x01, 0x00, 0x01, 0x02, 0x14, 0x00, 0x14, 0x02, 0x00,
  0x80, 0x40, 0x20, 0x14, 0x00, 0x14, 0x00, 0x00, 0x80, 0x40, 0x20, 0x14,
  0x00, 0x14, 0x00, 0x00, 0x00, 0x00, 0x02, 0x14, 0x00, 0x14, 0x02, 0x01,
  0x00, 0x00, 0x02, 0x14, 0x00, 0x14, 0x02, 0x00, 0x80, 0x40, 0x20, 0x14,
  0x00, 0x14, 0x00, 0x00, 0x80, 0x40, 0x20, 0x14, 0x00, 0x14, 0x00, 0x00,
  0x00, 0x01, 0x22, 0x14, 0x00, 0x14, 0x02, 0x01, 0x00, 0x01, 0x22, 0x14,
  0x00, 0x14, 0x02, 0x00, 0x00, 0x00, 0x00, 0x14, 0x00, 0x14, 0x02, 0x01,
  0x00, 0x00, 0x00, 0x14, 0x00, 0x14, 0x02, 0x00, 0x00, 0x00, 0x22, 0x14,
  0x00, 0x14, 0x02, 0x01, 0x00, 0x00, 0x22, 0x14, 0x00, 0x14, 0x02, 0x00,
  0x00, 0x00, 0x00, 0x14, 0x00, 0x14, 0x02, 0x01, 0x00, 0x00, 0x00, 0x14,
  0x00, 0x14, 0x02, 0x00, 0x00, 0x01, 0x02, 0x14, 0x00, 0x14, 0x00, 0x00,
  0x00, 0x01, 0x02, 0x14, 0x00, 0x14, 0x00, 0x00, 0x00, 0x00, 0x20, 0x14,
  0x00, 0x14, 0x02, 0x01, 0x00, 0x00, 0x20, 0x14, 0x00, 0x14, 0x02, 0x00,
  0x00, 0x00, 0x02, 0x14, 0x00, 0x14, 0x00, 0x00, 0x00, 0x00, 0x02, 0x14,
  0x00, 0x14, 0x00, 0x00, 0x00, 0x00, 0x20, 0x14, 0x00, 0x14, 0x02, 0x01,
  0x00, 0x00, 0x20, 0x14, 0x00, 0x14, 0x02, 0x00, 0x00, 0x01, 0x22, 0x14,
  0x00, 0x14, 0x02, 0x01, 0x00, 0x01, 0x22, 0x14, 0x00, 0x14, 0x02, 0x00,
  0x00, 0x00, 0x00, 0x14, 0x00, 0x14, 0x00, 0x00, 0x00, 0x00, 0x00, 0x14,
  0x00, 0x14, 0x00, 0x00, 0x00, 0x00, 0x22, 0x14, 0x00, 0x14, 0x02, 0x01,
  0x00, 0x00, 0x22, 0x14, 0x00, 0x14, 0x02, 0x00, 0x00, 0x00, 0x00, 0x14,
  0x00, 0x14, 0x00, 0x00, 0x00, 0x00, 0x00, 0x14, 0x00, 0x14, 0x00, 0x00,
  0x00, 0x01, 0x02, 0x14, 0x00, 0x14, 0x00, 0x00, 0x00, 0x01, 0x02, 0x14,
  0x00, 0x14, 0x00, 0x00, 0x00, 0x00, 0x20, 0x14, 0x00, 0x14, 0x02, 0x01,
  0x00, 0x00, 0x20, 0x14, 0x00, 0x14, 0x02, 0x00, 0x00, 0x00, 0x02, 0x14,
  0x00, 0x14, 0x00, 0x00, 0x00, 0x00, 0x02, 0x14, 0x00, 0x14, 0x00, 0x00,
  0x00, 0x00, 0x20, 0x14, 0x00, 0x14, 0x02, 0x01, 0x00, 0x00, 0x20, 0x14,
  0x00, 0x14, 0x02, 0x00, 0x00, 0x01, 0x22, 0x14, 0x00, 0x14, 0x00, 0x00,
  0x00, 0x01, 0x22, 0x14, 0x00, 0x14, 0x00, 0x00, 0x00, 0x00, 0x00, 0x14,
  0x00, 0x14, 0x00, 0x00, 0x00, 0x00, 0x00, 0x14, 0x00, 0x14, 0x00, 0x00,
  0x00, 0x00, 0x22, 0x14, 0x00, 0x14, 0x00, 0x00, 0x00, 0x00, 0x22, 0x14,
  0x00, 0x14, 0x00, 0x00, 0x00, 0x00, 0x00, 0x14, 0x00, 0x14, 0x00, 0x00,
  0x00, 0x00, 0x00, 0x14, 0x00, 0x14, 0x00, 0x00, 0x00, 0x01, 0x02, 0x14,
  0x00, 0x14, 0x02, 0x01, 0x00, 0x01, 0x02, 0x14, 0x00, 0x14, 0x02, 0x00,
  0x00, 0x00, 0x20, 0x14, 0x00, 0x14, 0x00, 0x00, 0x00, 0x00, 0x20, 0x14,
  0x00, 0x14, 0x00, 0x00, 0x00, 0x00, 0x02, 0x14, 0x00, 0x14, 0x02, 0x01,
  0x00, 0x00, 0x02, 0x14, 0x00, 0x14, 0x02, 0x00, 0x00, 0x00, 0x20, 0x14,
  0x00, 0x14, 0x00, 0x00, 0x00, 0x00, 0x20, 0x14, 0x00, 0x14, 0x00, 0x00,
  0x00, 0x01, 0x22, 0x14, 0x00, 0x14, 0x00, 0x00, 0x00, 0x01, 0x22, 0x14,
  0x00, 0x14, 0x00, 0x00, 0x00, 0x00, 0x00, 0x14, 0x00, 0x14, 0x02, 0x01,
  0x00, 0x00, 0x00, 0x14, 0x00, 0x14, 0x02, 0x00, 0x00, 0x00, 0x22, 0x14,
  0x00, 0x14, 0x00, 0x00, 0x00, 0x00, 0x22, 0x14, 0x00, 0x14, 0x00, 0x00,
  0x00, 0x00, 0x00, 0x14, 0x00, 0x14, 0x02, 0x01, 0x00, 0x00, 0x00, 0x14,
  0x00, 0x14, 0x02, 0x00, 0x00, 0x01, 0x02, 0x14, 0x00, 0x14, 0x02, 0x01,
  0x00, 0x01, 0x02, 0x14, 0x00, 0x14, 0x02, 0x00, 0x00, 0x00, 0x20, 0x14,
  0x00, 0x14, 0x00, 0x00, 0x00, 0x00, 0x20, 0x14, 0x00, 0x14, 0x00, 0x00,
  0x00, 0x00, 0x02, 0x14, 0x00, 0x14, 0x02, 0x01, 0x00, 0x00, 0x02, 0x14,
  0x00, 0x14, 0x02, 0x00, 0x00, 0x00, 0x20, 0x14, 0x00, 0x14, 0x00, 0x00,
  0x00, 0x00, 0x20, 0x14, 0x00, 0x14, 0x00, 0x00, 0x00, 0x41, 0x22, 0x14,
  0x00, 0x14, 0x22, 0x41, 0x00, 0x41, 0x22, 0x14, 0x00, 0x14, 0x22, 0x40,
  0x00, 0x00, 0x00, 0x14, 0x00, 0x14, 0x02, 0x01, 0x00, 0x00, 0x00, 0x14,
  0x00, 0x14, 0x02, 0x00, 0x00, 0x40, 0x22, 0x14, 0x00, 0x14, 0x22, 0x41,
  0x00, 0x40, 0x22, 0x14, 0x00, 0x14, 0x22, 0x40, 0x00, 0x00, 0x00, 0x14,
  0x00, 0x14, 0x02, 0x01, 0x00, 0x00, 0x00, 0x14, 0x00, 0x14, 0x02, 0x00,
  0x00, 0x01, 0x02, 0x14, 0x00, 0x14, 0x00, 0x00, 0x00, 0x01, 0x02, 0x14,
  0x00, 0x14, 0x00, 0x00, 0x00, 0x40, 0x20, 0x14, 0x00, 0x14, 0x22, 0x41,
  0x00, 0x40, 0x20, 0x14, 0x00, 0x14, 0x22, 0x40, 0x00, 0x00, 0x02, 0x14,
  0x00, 0x14, 0x00, 0x00, 0x00, 0x00, 0x02, 0x14, 0x00, 0x14, 0x00, 0x00,
  0x00, 0x40, 0x20, 0x14, 0x00, 0x14, 0x22, 0x41, 0x00, 0x40, 0x20, 0x14,
  0x00, 0x14, 0x22, 0x40, 0x00, 0x41, 0x22, 0x14, 0x00, 0x14, 0x22, 0x01,
  0x00, 0x41, 0x22, 0x14, 0x00, 0x14, 0x22, 0x00, 0x00, 0x00, 0x00, 0x14,
  0x00, 0x14, 0x00, 0x00, 0x00, 0x00, 0x00, 0x14, 0x00, 0x14, 0x00, 0x00,
  0x00, 0x40, 0x22, 0x14, 0x00, 0x14, 0x22, 0x01, 0x00, 0x40, 0x22, 0x14,
  0x00, 0x14, 0x22, 0x00, 0x00, 0x00, 0x00, 0x14, 0x00, 0x14, 0x00, 0x00,
  0x00, 0x00, 0x00, 0x14, 0x00, 0x14, 0x00, 0x00, 0x00, 0x01, 0x02, 0x14,
  0x00, 0x14, 0x00, 0x00, 0x00, 0x01, 0x02, 0x14, 0x00, 0x14, 0x00, 0x00,
  0x00, 0x40, 0x20, 0x14, 0x00, 0x14, 0x22, 0x01, 0x00, 0x40, 0x20, 0x14,
  0x00, 0x14, 0x22, 0x00, 0x00, 0x00, 0x02, 0x14, 0x00, 0x14, 0x00, 0x00,
  0x00, 0x00, 0x02, 0x14, 0x00, 0x14, 0x00, 0x00, 0x00, 0x40, 0x20, 0x14,
  0x00, 0x14, 0x22, 0x01, 0x00, 0x40, 0x20, 0x14, 0x00, 0x14, 0x22, 0x00,
  0x00, 0x41, 0x22, 0x14, 0x00, 0x14, 0x20, 0x40, 0x00, 0x41, 0x22, 0x14,
  0x00, 0x14, 0x20, 0x40, 0x00, 0x00, 0x00, 0x14, 0x00, 0x14, 0x00, 0x00,
  0x00, 0x00, 0x00, 0x14, 0x00, 0x14, 0x00, 0x00, 0x00, 0x40, 0x22, 0x14,
  0x00, 0x14, 0x20, 0x40, 0x00, 0x40, 0x22, 0x14, 0x00, 0x14, 0x20, 0x40,
  0x00, 0x00, 0x00, 0x14, 0x00, 0x14, 0x00, 0x00, 0x00, 0x00, 0x00, 0x14,
  0x00, 0x14, 0x00, 0x00, 0x00, 0x01, 0x02, 0x14, 0x00, 0x14, 0x22, 0x41,
  0x00, 0x01, 0x02, 0x14, 0x00, 0x14, 0x22, 0x40, 0x00, 0x40, 0x20, 0x14,
  0x00, 0x14, 0x20, 0x40, 0x00, 0x40, 0x20, 0x14, 0x00, 0x14, 0x20, 0x40,
  0x00, 0x00, 0x02, 0x14, 0x00, 0x14, 0x22, 0x41, 0x00, 0x00, 0x02, 0x14,
  0x00, 0x14, 0x22, 0x40, 0x00, 0x40, 0x20, 0x14, 0x00, 0x14, 0x20, 0x40,
  0x00, 0x40, 0x20, 0x14, 0x00, 0x14, 0x20, 0x40, 0x00, 0x41, 0x22, 0x14,
  0x00, 0x14, 0x20, 0x00, 0x00, 0x41, 0x22, 0x14, 0x00, 0x14, 0x20, 0x00,
  0x00, 0x00, 0x00, 0x14, 0x00, 0x14, 0x22, 0x41, 0x00, 0x00, 0x00, 0x14,
  0x00, 0x14, 0x22, 0x40, 0x00, 0x40, 0x22, 0x14, 0x00, 0x14, 0x20, 0x00,
  0x00, 0x40, 0x22, 0x14, 0x00, 0x14, 0x20, 0x00, 0x00, 0x00, 0x00, 0x14,
  0x00, 0x14, 0x22, 0x41, 0x00, 0x00, 0x00, 0x14, 0x00, 0x14, 0x22, 0x40,
  0x00, 0x01, 0x02, 0x14, 0x00, 0x14, 0x22, 0x01, 0x00, 0x01, 0x02, 0x14,
  0x00, 0x14, 0x22, 0x00, 0x00, 0x40, 0x20, 0x14, 0x00, 0x14, 0x20, 0x00,
  0x00, 0x40, 0x20, 0x14, 0x00, 0x14, 0x20, 0x00, 0x00, 0x00, 0x02, 0x14,
  0x00, 0x14, 0x22, 0x01, 0x00, 0x00, 0x02, 0x14, 0x00, 0x14, 0x22, 0x00,
  0x00, 0x40, 0x20, 0x14, 0x00, 0x14, 0x20, 0x00, 0x00, 0x40, 0x20, 0x14,
  0x00, 0x14, 0x20, 0x00, 0x00, 0x01, 0x22, 0x14, 0x00, 0x14, 0x22, 0x41,
  0x00, 0x01, 0x22, 0x14, 0x00, 0x14, 0x22, 0x40, 0x00, 0x00, 0x00, 0x14,
  0x00, 0x14, 0x22, 0x01, 0x00, 0x00, 0x00, 0x14, 0x00, 0x14, 0x22, 0x00,
  0x00, 0x00, 0x22, 0x14, 0x00, 0x14, 0x22, 0x41, 0x00, 0x00, 0x22, 0x14,
  0x00, 0x14, 0x22, 0x40, 0x00, 0x00, 0x00, 0x14, 0x00, 0x14, 0x22, 0x01,
  0x00, 0x00, 0x00, 0x14, 0x00, 0x14, 0x22, 0x00, 0x00, 0x01, 0x02, 0x14,
  0x00, 0x14, 0x20, 0x40, 0x00, 0x01, 0x02, 0x14, 0x00, 0x14, 0x20, 0x40,
  0x00, 0x00, 0x20, 0x14, 0x00, 0x14, 0x22, 0x41, 0x00, 0x00, 0x20, 0x14,
  0x00, 0x14, 0x22, 0x40, 0x00, 0x00, 0x02, 0x14, 0x00, 0x14, 0x20, 0x40,
  0x00, 0x00, 0x02, 0x14, 0x00, 0x14, 0x20, 0x40, 0x00, 0x00, 0x20, 0x14,
  0x00, 0x14, 0x22, 0x41, 0x00, 0x00, 0x20, 0x14, 0x00, 0x14, 0x22, 0x40,
  0x00, 0x01, 0x22, 0x14, 0x00, 0x14, 0x22, 0x01, 0x00, 0x01, 0x22, 0x14,
  0x00, 0x14, 0x22, 0x00, 0x00, 0x00, 0x00, 0x14, 0x00, 0x14, 0x20, 0x40,
  0x00, 0x00, 0x00, 0x14, 0x00, 0x14, 0x20, 0x40, 0x00, 0x00, 0x22, 0x14,
  0x00, 0x14, 0x22, 0x01, 0x00, 0x00, 0x22, 0x14, 0x00, 0x14, 0x22, 0x00,
  0x00, 0x00, 0x00, 0x14, 0x00, 0x14, 0x20, 0x40, 0x00, 0x00, 0x00, 0x14,
  0x00, 0x14, 0x20, 0x40, 0x00, 0x01, 0x02, 0x14, 0x00, 0x14, 0x20, 0x00,
  0x00, 0x01, 0x02, 0x14, 0x00, 0x14, 0x20, 0x00, 0x00, 0x00, 0x20, 0x14,
  0x00, 0x14, 0x22, 0x01, 0x00, 0x00, 0x20, 0x14, 0x00, 0x14, 0x22, 0x00,
  0x00, 0x00, 0x02, 0x14, 0x00, 0x14, 0x20, 0x00, 0x00, 0x00, 0x02, 0x14,
  0x00, 0x14, 0x20, 0x00, 0x00, 0x00, 0x20, 0x14, 0x00, 0x14, 0x22, 0x01,
  0x00, 0x00, 0x20, 0x14, 0x00, 0x14, 0x22, 0x00, 0x00, 0x01, 0x22, 0x14,
  0x00, 0x14, 0x20, 0x40, 0x00, 0x01, 0x22, 0x14, 0x00, 0x14, 0x20, 0x40,
  0x00, 0x00, 0x00, 0x14, 0x00, 0x14, 0x20, 0x00, 0x00, 0x00, 0x00, 0x14,
  0x00, 0x14, 0x20, 0x00, 0x00, 0x00, 0x22, 0x14, 0x00, 0x14, 0x20, 0x40,
  0x00, 0x00, 0x22, 0x14, 0x00, 0x14, 0x20, 0x40, 0x00, 0x00, 0x00, 0x14,
  0x00, 0x14, 0x20, 0x00, 0x00, 0x00, 0x00, 0x14, 0x00, 0x14, 0x20, 0x00,
  0x00, 0x01, 0x02, 0x14, 0x00, 0x14, 0x22, 0x41, 0x00, 0x01, 0x02, 0x14,
  0x00, 0x14, 0x22, 0x40, 0x00, 0x00, 0x20, 0x14, 0x00, 0x14, 0x20, 0x40,
  0x00, 0x00, 0x20, 0x14, 0x00, 0x14, 0x20, 0x40, 0x00, 0x00, 0x02, 0x14,
  0x00, 0x14, 0x22, 0x41, 0x00, 0x00, 0x02, 0x14, 0x00, 0x14, 0x22, 0x40,
  0x00, 0x00, 0x20, 0x14, 0x00, 0x14, 0x20, 0x40, 0x00, 0x00, 0x20, 0x14,
  0x00, 0x14, 0x20, 0x40, 0x00, 0x01, 0x22, 0x14, 0x00, 0x14, 0x20, 0x00,
  0x00, 0x01, 0x22, 0x14, 0x00, 0x14, 0x20, 0x00, 0x00, 0x00, 0x00, 0x14,
  0x00, 0x14, 0x22, 0x41, 0x00, 0x00, 0x00, 0x14, 0x00, 0x14, 0x22, 0x40,
  0x00, 0x00, 0x22, 0x14, 0x00, 0x14, 0x20, 0x00, 0x00, 0x00, 0x22, 0x14,
  0x00, 0x14, 0x20, 0x00, 0x00, 0x00, 0x00, 0x14, 0x00, 0x14, 0x22, 0x41,
  0x00, 0x00, 0x00, 0x14, 0x00, 0x14, 0x22, 0x40, 0x00, 0x01, 0x02, 0x14,
  0x00, 0x14, 0x22, 0x01, 0x00, 0x01, 0x02, 0x14, 0x00, 0x14, 0x22, 0x00,
  0x00, 0x00, 0x20, 0x14, 0x00, 0x14, 0x20, 0x00, 0x00, 0x00, 0x20, 0x14,
  0x00, 0x14, 0x20, 0x00, 0x00, 0x00, 0x02, 0x14, 0x00, 0x14, 0x22, 0x01,
  0x00, 0x00, 0x02, 0x14, 0x00, 0x14, 0x22, 0x00, 0x00, 0x00, 0x20, 0x14,
  0x00, 0x14, 0x20, 0x00, 0x00, 0x00, 0x20, 0x14, 0x00, 0x14, 0x20, 0x00,
  0x00, 0x41, 0x22, 0x14, 0x00, 0x14, 0x02, 0x01, 0x00, 0x41, 0x22, 0x14,
  0x00, 0x14, 0x02, 0x00, 0x00, 0x00, 0x00, 0x14, 0x00, 0x14, 0x22, 0x01,
  0x00, 0x00, 0x00, 0x14, 0x00, 0x14, 0x22, 0x00, 0x00, 0x40, 0x22, 0x14,
  0x00, 0x14, 0x02, 0x01, 0x00, 0x40, 0x22, 0x14, 0x00, 0x14, 0x02, 0x00,
  0x00, 0x00, 0x00, 0x14, 0x00, 0x14, 0x22, 0x01, 0x00, 0x00, 0x00, 0x14,
  0x00, 0x14, 0x22, 0x00, 0x00, 0x01, 0x02, 0x14, 0x00, 0x14, 0x20, 0x40,
  0x00, 0x01, 0x02, 0x14, 0x00, 0x14, 0x20, 0x40, 0x00, 0x40, 0x20, 0x14,
  0x00, 0x14, 0x02, 0x01, 0x00, 0x40, 0x20, 0x14, 0x00, 0x14, 0x02, 0x00,
  0x00, 0x00, 0x02, 0x14, 0x00, 0x14, 0x20, 0x40, 0x00, 0x00, 0x02, 0x14,
  0x00, 0x14, 0x20, 0x40, 0x00, 0x40, 0x20, 0x14, 0x00, 0x14, 0x02, 0x01,
  0x00, 0x40, 0x20, 0x14, 0x00, 0x14, 0x02, 0x00, 0x00, 0x41, 0x22, 0x14,
  0x00, 0x14, 0x02, 0x01, 0x00, 0x41, 0x22, 0x14, 0x00, 0x14, 0x02, 0x00,
  0x00, 0x00, 0x00, 0x14, 0x00, 0x14, 0x20, 0x40, 0x00, 0x00, 0x00, 0x14,
  0x00, 0x14, 0x20, 0x40, 0x00, 0x40, 0x22, 0x14, 0x00, 0x14, 0x02, 0x01,
  0x00, 0x40, 0x22, 0x14, 0x00, 0x14, 0x02, 0x00, 0x00, 0x00, 0x00, 0x14,
  0x00, 0x14, 0x20, 0x40, 0x00, 0x00, 0x00, 0x14, 0x00, 0x14, 0x20, 0x40,
  0x00, 0x01, 0x02, 0x14, 0x00, 0x14, 0x20, 0x00, 0x00, 0x01, 0x02, 0x14,
  0x00, 0x14, 0x20, 0x00, 0x00, 0x40, 0x20, 0x14, 0x00, 0x14, 0x02, 0x01,
  0x00, 0x40, 0x20, 0x14, 0x00, 0x14, 0x02, 0x00, 0x00, 0x00, 0x02, 0x14,
  0x00, 0x14, 0x20, 0x00, 0x00, 0x00, 0x02, 0x14, 0x00, 0x14, 0x20, 0x00,
  0x00, 0x40, 0x20, 0x14, 0x00, 0x14, 0x02, 0x01, 0x00, 0x40, 0x20, 0x14,
  0x00, 0x14, 0x02, 0x00, 0x00, 0x41, 0x22, 0x14, 0x00, 0x14, 0x00, 0x00,
  0x00, 0x41, 0x22, 0x14, 0x00, 0x14, 0x00, 0x00, 0x00, 0x00, 0x00, 0x14,
  0x00, 0x14, 0x20, 0x00, 0x00, 0x00, 0x00, 0x14, 0x00, 0x14, 0x20, 0x00,
  0x00, 0x40, 0x22, 0x14, 0x00, 0x14, 0x00, 0x00, 0x00, 0x40, 0x22, 0x14,
  0x00, 0x14, 0x00, 0x00, 0x00, 0x00, 0x00, 0x14, 0x00, 0x14, 0x20, 0x00,
  0x00, 0x00, 0x00, 0x14, 0x00, 0x14, 0x20, 0x00, 0x00, 0x01, 0x02, 0x14,
  0x00, 0x14, 0x02, 0x01, 0x00, 0x01, 0x02, 0x14, 0x00, 0x14, 0x02, 0x00,
  0x00, 0x40, 0x20, 0x14, 0x00, 0x14, 0x00, 0x00, 0x00, 0x40, 0x20, 0x14,
  0x00, 0x14, 0x00, 0x00, 0x00, 0x00, 0x02, 0x14, 0x00, 0x14, 0x02, 0x01,
  0x00, 0x00, 0x02, 0x14, 0x00, 0x14, 0x02, 0x00, 0x00, 0x40, 0x20, 0x14,
  0x00, 0x14, 0x00, 0x00, 0x00, 0x40, 0x20, 0x14, 0x00, 0x14, 0x00, 0x00,
  0x00, 0x41, 0x22, 0x14, 0x00, 0x14, 0x00, 0x00, 0x00, 0x41, 0x22, 0x14,
  0x00, 0x14, 0x00, 0x00, 0x00, 0x00, 0x00, 0x14, 0x00, 0x14, 0x02, 0x01,
  0x00, 0x00, 0x00, 0x14, 0x00, 0x14, 0x02, 0x00, 0x00, 0x40, 0x22, 0x14,
  0x00, 0x14, 0x00, 0x00, 0x00, 0x40, 0x22, 0x14, 0x00, 0x14, 0x00, 0x00,
  0x00, 0x00, 0x00, 0x14, 0x00, 0x14, 0x02, 0x01, 0x00, 0x00, 0x00, 0x14,
  0x00, 0x14, 0x02, 0x00, 0x00, 0x01, 0x02, 0x14, 0x00, 0x14, 0x02, 0x01,
  0x00, 0x01, 0x02, 0x14, 0x00, 0x14, 0x02, 0x00, 0x00, 0x40, 0x20, 0x14,
  0x00, 0x14, 0x00, 0x00, 0x00, 0x40, 0x20, 0x14, 0x00, 0x14, 0x00, 0x00,
  0x00, 0x00, 0x02, 0x14, 0x00, 0x14, 0x02, 0x01, 0x00, 0x00, 0x02, 0x14,
  0x00, 0x14, 0x02, 0x00, 0x00, 0x40, 0x20, 0x14, 0x00, 0x14, 0x00, 0x00,
  0x00, 0x40, 0x20, 0x14, 0x00, 0x14, 0x00, 0x00, 0x00, 0x01, 0x22, 0x14,
  0x00, 0x14, 0x02, 0x01, 0x00, 0x01, 0x22, 0x14, 0x00, 0x14, 0x02, 0x00,
  0x00, 0x00, 0x00, 0x14, 0x00, 0x14, 0x02, 0x01, 0x00, 0x00, 0x00, 0x14,
  0x00, 0x14, 0x02, 0x00, 0x00, 0x00, 0x22, 0x14, 0x00, 0x14, 0x02, 0x01,
  0x00, 0x00, 0x22, 0x14, 0x00, 0x14, 0x02, 0x00, 0x00, 0x00, 0x00, 0x14,
  0x00, 0x14, 0x02, 0x01, 0x00, 0x00, 0x00, 0x14, 0x00, 0x14, 0x02, 0x00,
  0x00, 0x01, 0x02, 0x14, 0x00, 0x14, 0x00, 0x00, 0x00, 0x01, 0x02, 0x14,
  0x00, 0x14, 0x00, 0x00, 0x00, 0x00, 0x20, 0x14, 0x00, 0x14, 0x02, 0x01,
  0x00, 0x00, 0x20, 0x14, 0x00, 0x14, 0x02, 0x00, 0x00, 0x00, 0x02, 0x14,
  0x00, 0x14, 0x00, 0x00, 0x00, 0x00, 0x02, 0x14, 0x00, 0x14, 0x00, 0x00,
  0x00, 0x00, 0x20, 0x14, 0x00, 0x14, 0x02, 0x01, 0x00, 0x00, 0x20, 0x14,
  0x00, 0x14, 0x02, 0x00, 0x00, 0x01, 0x22, 0x14, 0x00, 0x14, 0x02, 0x01,
  0x00, 0x01, 0x22, 0x14, 0x00, 0x14, 0x02, 0x00, 0x00, 0x00, 0x00, 0x14,
  0x00, 0x14, 0x00, 0x00, 0x00, 0x00, 0x00, 0x14, 0x00, 0x14, 0x00, 0x00,
  0x00, 0x00, 0x22, 0x14, 0x00, 0x14, 0x02, 0x01, 0x00, 0x00, 0x22, 0x14,
  0x00, 0x14, 0x02, 0x00, 0x00, 0x00, 0x00, 0x14, 0x00, 0x14, 0x00, 0x00,
  0x00, 0x00, 0x00, 0x14, 0x00, 0x14, 0x00, 0x00, 0x00, 0x01, 0x02, 0x14,
  0x00, 0x14, 0x00, 0x00, 0x00, 0x01, 0x02, 0x14, 0x00, 0x14, 0x00, 0x00,
  0x00, 0x00, 0x20, 0x14, 0x00, 0x14, 0x02, 0x01, 0x00, 0x00, 0x20, 0x14,
  0x00, 0x14, 0x02, 0x00, 0x00, 0x00, 0x02, 0x14, 0x00, 0x14, 0x00, 0x00,
  0x00, 0x00, 0x02, 0x14, 0x00, 0x14, 0x00, 0x00, 0x00, 0x00, 0x20, 0x14,
  0x00, 0x14, 0x02, 0x01, 0x00, 0x00, 0x20, 0x14, 0x00, 0x14, 0x02, 0x00,
  0x00, 0x01, 0x22, 0x14, 0x00, 0x14, 0x00, 0x00, 0x00, 0x01, 0x22, 0x14,
  0x00, 0x14, 0x00, 0x00, 0x00, 0x00, 0x00, 0x14, 0x00, 0x14, 0x00, 0x00,
  0x00, 0x00, 0x00, 0x14, 0x00, 0x14, 0x00, 0x00, 0x00, 0x00, 0x22, 0x14,
  0x00, 0x14, 0x00, 0x00, 0x00, 0x00, 0x22, 0x14, 0x00, 0x14, 0x00, 0x00,
  0x00, 0x00, 0x00, 0x14, 0x00, 0x14, 0x00, 0x00, 0x00, 0x00, 0x00, 0x14,
  0x00, 0x14, 0x00, 0x00, 0x00, 0x01, 0x02, 0x14, 0x00, 0x14, 0x02, 0x01,
  0x00, 0x01, 0x02, 0x14, 0x00, 0x14, 0x02, 0x00, 0x00, 0x00, 0x20, 0x14,
  0x00, 0x14, 0x00, 0x00, 0x00, 0x00, 0x20, 0x14, 0x00, 0x14, 0x00, 0x00,
  0x00, 0x00, 0x02, 0x14, 0x00, 0x14, 0x02, 0x01, 0x00, 0x00, 0x02, 0x14,
  0x00, 0x14, 0x02, 0x00, 0x00, 0x00, 0x20, 0x14, 0x00, 0x14, 0x00, 0x00,
  0x00, 0x00, 0x20, 0x14, 0x00, 0x14, 0x00, 0x00, 0x00, 0x01, 0x22, 0x14,
  0x00, 0x14, 0x00, 0x00, 0x00, 0x01, 0x22, 0x14, 0x00, 0x14, 0x00, 0x00,
  0x00, 0x00, 0x00, 0x14, 0x00, 0x14, 0x02, 0x01, 0x00, 0x00, 0x00, 0x14,
  0x00, 0x14, 0x02, 0x00, 0x00, 0x00, 0x22, 0x14, 0x00, 0x14, 0x00, 0x00,
  0x00, 0x00, 0x22, 0x14, 0x00, 0x14, 0x00, 0x00, 0x00, 0x00, 0x00, 0x14,
  0x00, 0x14, 0x02, 0x01, 0x00, 0x00, 0x00, 0x14, 0x00, 0x14, 0x02, 0x00,
  0x00, 0x01, 0x02, 0x14, 0x00, 0x14, 0x02, 0x01, 0x00, 0x01, 0x02, 0x14,
  0x00, 0x14, 0x02, 0x00, 0x00, 0x00, 0x20, 0x14, 0x00, 0x14, 0x00, 0x00,
  0x00, 0x00, 0x20, 0x14, 0x00, 0x14, 0x00, 0x00, 0x00, 0x00, 0x02, 0x14,
  0x00, 0x14, 0x02, 0x01, 0x00, 0x00, 0x02, 0x14, 0x00, 0x14, 0x02, 0x00,
  0x00, 0x00, 0x20, 0x14, 0x00, 0x14, 0x00, 0x00, 0x00, 0x00, 0x20, 0x14,
  0x00, 0x14, 0x00, 0x00, 0x01, 0x82, 0x44, 0x28, 0x00, 0x28, 0x44, 0x82,
  0x01, 0x82, 0x44, 0x28, 0x00, 0x28, 0x40, 0x80, 0x01, 0x02, 0x04, 0x28,
  0x00, 0x28, 0x44, 0x82, 0x01, 0x02, 0x04, 0x28, 0x00, 0x28, 0x40, 0x80,
  0x01, 0x82, 0x44, 0x28, 0x00, 0x28, 0x04, 0x02, 0x01, 0x82, 0x44, 0x28,
  0x00, 0x28, 0x00, 0x00, 0x01, 0x02, 0x04, 0x28, 0x00, 0x28, 0x04, 0x02,
  0x01, 0x02, 0x04, 0x28, 0x00, 0x28, 0x00, 0x00, 0x01, 0x82, 0x44, 0x28,
  0x00, 0x28, 0x44, 0x02, 0x01, 0x82, 0x44, 0x28, 0x00, 0x28, 0x40, 0x00,
  0x01, 0x02, 0x04, 0x28, 0x00, 0x28, 0x44, 0x02, 0x01, 0x02, 0x04, 0x28,
  0x00, 0x28, 0x40, 0x00, 0x01, 0x82, 0x44, 0x28, 0x00, 0x28, 0x04, 0x02,
  0x01, 0x82, 0x44, 0x28, 0x00, 0x28, 0x00, 0x00, 0x01, 0x02, 0x04, 0x28,
  0x00, 0x28, 0x04, 0x02, 0x01, 0x02, 0x04, 0x28, 0x00, 0x28, 0x00, 0x00,
  0x00, 0x00, 0x00, 0x28, 0x00, 0x28, 0x44, 0x80, 0x00, 0x00, 0x00, 0x28,
  0x00, 0x28, 0x40, 0x80, 0x00, 0x00, 0x40, 0x28, 0x00, 0x28, 0x44, 0x80,
  0x00, 0x00, 0x40, 0x28, 0x00, 0x28, 0x40, 0x80, 0x00, 0x00, 0x00, 0x28,
  0x00, 0x28, 0x04, 0x00, 0x00, 0x00, 0x00, 0x28, 0x00, 0x28, 0x00, 0x00,
  0x00, 0x00, 0x40, 0x28, 0x00, 0x28, 0x04, 0x00, 0x00, 0x00, 0x40, 0x28,
  0x00, 0x28, 0x00, 0x00, 0x00, 0x00, 0x00, 0x28, 0x00, 0x28, 0x44, 0x00,
  0x00, 0x00, 0x00, 0x28, 0x00, 0x28, 0x40, 0x00, 0x00, 0x00, 0x40, 0x28,
  0x00, 0x28, 0x44, 0x00, 0x00, 0x00, 0x40, 0x28, 0x00, 0x28, 0x40, 0x00,
  0x00, 0x00, 0x00, 0x28, 0x00, 0x28, 0x04, 0x00, 0x00, 0x00, 0x00, 0x28,
  0x00, 0x28, 0x00, 0x00, 0x00, 0x00, 0x40, 0x28, 0x00, 0x28, 0x04, 0x00,
  0x00, 0x00, 0x40, 0x28, 0x00, 0x28, 0x00, 0x00, 0x00, 0x82, 0x44, 0x28,
  0x00, 0x28, 0x44, 0x82, 0x00, 0x82, 0x44, 0x28, 0x00, 0x28, 0x40, 0x80,
  0x00, 0x02, 0x04, 0x28, 0x00, 0x28, 0x44, 0x82, 0x00, 0x02, 0x04, 0x28,
  0x00, 0x28, 0x40, 0x80, 0x00, 0x82, 0x44, 0x28, 0x00, 0x28, 0x04, 0x02,
  0x00, 0x82, 0x44, 0x28, 0x00, 0x28, 0x00, 0x00, 0x00, 0x02, 0x04, 0x28,
  0x00, 0x28, 0x04, 0x02, 0x00, 0x02, 0x04, 0x28, 0x00, 0x28, 0x00, 0x00,
  0x00, 0x82, 0x44, 0x28, 0x00, 0x28, 0x44, 0x02, 0x00, 0x82, 0x44, 0x28,
  0x00, 0x28, 0x40, 0x00, 0x00, 0x02, 0x04, 0x28, 0x00, 0x28, 0x44, 0x02,
  0x00, 0x02, 0x04, 0x28, 0x00, 0x28, 0x40, 0x00, 0x00, 0x82, 0x44, 0x28,
  0x00, 0x28, 0x04, 0x02, 0x00, 0x82, 0x44, 0x28, 0x00, 0x28, 0x00, 0x00,
  0x00, 0x02, 0x04, 0x28, 0x00, 0x28, 0x04, 0x02, 0x00, 0x02, 0x04, 0x28,
  0x00, 0x28, 0x00, 0x00, 0x00, 0x00, 0x00, 0x28, 0x00, 0x28, 0x44, 0x80,
  0x00, 0x00, 0x00, 0x28, 0x00, 0x28, 0x40, 0x80, 0x00, 0x00, 0x40, 0x28,
  0x00, 0x28, 0x44, 0x80, 0x00, 0x00, 0x40, 0x28, 0x00, 0x28, 0x40, 0x80,
  0x00, 0x00, 0x00, 0x28, 0x00, 0x28, 0x04, 0x00, 0x00, 0x00, 0x00, 0x28,
  0x00, 0x28, 0x00, 0x00, 0x00, 0x00, 0x40, 0x28, 0x00, 0x28, 0x04, 0x00,
  0x00, 0x00, 0x40, 0x28, 0x00, 0x28, 0x00, 0x00, 0x00, 0x00, 0x00, 0x28,
  0x00, 0x28, 0x44, 0x00, 0x00, 0x00, 0x00, 0x28, 0x00, 0x28, 0x40, 0x00,
  0x00, 0x00, 0x40, 0x28, 0x00, 0x28, 0x44, 0x00, 0x00, 0x00, 0x40, 0x28,
  0x00, 0x28, 0x40, 0x00, 0x00, 0x00, 0x00, 0x28, 0x00, 0x28, 0x04, 0x00,
  0x00, 0x00, 0x00, 0x28, 0x00, 0x28, 0x00, 0x00, 0x00, 0x00, 0x40, 0x28,
  0x00, 0x28, 0x04, 0x00, 0x00, 0x00, 0x40, 0x28, 0x00, 0x28, 0x00, 0x00,
  0x00, 0x80, 0x40, 0x28, 0x00, 0x28, 0x44, 0x82, 0x00, 0x80, 0x40, 0x28,
  0x00, 0x28, 0x40, 0x80, 0x00, 0x00, 0x00, 0x28, 0x00, 0x28, 0x44, 0x82,
  0x00, 0x00, 0x00, 0x28, 0x00, 0x28, 0x40, 0x80, 0x00, 0x80, 0x40, 0x28,
  0x00, 0x28, 0x04, 0x02, 0x00, 0x80, 0x40, 0x28, 0x00, 0x28, 0x00, 0x00,
  0x00, 0x00, 0x00, 0x28, 0x00, 0x28, 0x04, 0x02, 0x00, 0x00, 0x00, 0x28,
  0x00, 0x28, 0x00, 0x00, 0x00, 0x80, 0x40, 0x28, 0x00, 0x28, 0x44, 0x02,
  0x00, 0x80, 0x40, 0x28, 0x00, 0x28, 0x40, 0x00, 0x00, 0x00, 0x00, 0x28,
  0x00, 0x28, 0x44, 0x02, 0x00, 0x00, 0x00, 0x28, 0x00, 0x28, 0x40, 0x00,
  0x00, 0x80, 0x40, 0x28, 0x00, 0x28, 0x04, 0x02, 0x00, 0x80, 0x40, 0x28,
  0x00, 0x28, 0x00, 0x00, 0x00, 0x00, 0x00, 0x28, 0x00, 0x28, 0x04, 0x02,
  0x00, 0x00, 0x00, 0x28, 0x00, 0x28, 0x00, 0x00, 0x00, 0x80, 0x44, 0x28,
  0x00, 0x28, 0x44, 0x82, 0x00, 0x80, 0x44, 0x28, 0x00, 0x28, 0x40, 0x80,
  0x00, 0x00, 0x04, 0x28, 0x00, 0x28, 0x44, 0x82, 0x00, 0x00, 0x04, 0x28,
  0x00, 0x28, 0x40, 0x80, 0x00, 0x80, 0x44, 0x28, 0x00, 0x28, 0x04, 0x02,
  0x00, 0x80, 0x44, 0x28, 0x00, 0x28, 0x00, 0x00, 0x00, 0x00, 0x04, 0x28,
  0x00, 0x28, 0x04, 0x02, 0x00, 0x00, 0x04, 0x28, 0x00, 0x28, 0x00, 0x00,
  0x00, 0x80, 0x44, 0x28, 0x00, 0x28, 0x44, 0x02, 0x00, 0x80, 0x44, 0x28,
  0x00, 0x28, 0x40, 0x00, 0x00, 0x00, 0x04, 0x28, 0x00, 0x28, 0x44, 0x02,
  0x00, 0x00, 0x04, 0x28, 0x00, 0x28, 0x40, 0x00, 0x00, 0x80, 0x44, 0x28,
  0x00, 0x28, 0x04, 0x02, 0x00, 0x80, 0x44, 0x28, 0x00, 0x28, 0x00, 0x00,
  0x00, 0x00, 0x04, 0x28, 0x00, 0x28, 0x04, 0x02, 0x00, 0x00, 0x04, 0x28,
  0x00, 0x28, 0x00, 0x00, 0x00, 0x80, 0x40, 0x28, 0x00, 0x28, 0x44, 0x82,
  0x00, 0x80, 0x40, 0x28, 0x00, 0x28, 0x40, 0x80, 0x00, 0x00, 0x00, 0x28,
  0x00, 0x28, 0x44, 0x82, 0x00, 0x00, 0x00, 0x28, 0x00, 0x28, 0x40, 0x80,
  0x00, 0x80, 0x40, 0x28, 0x00, 0x28, 0x04, 0x02, 0x00, 0x80, 0x40, 0x28,
  0x00, 0x28, 0x00, 0x00, 0x00, 0x00, 0x00, 0x28, 0x00, 0x28, 0x04, 0x02,
  0x00, 0x00, 0x00, 0x28, 0x00, 0x28, 0x00, 0x00, 0x00, 0x80, 0x40, 0x28,
  0x00, 0x28, 0x44, 0x02, 0x00, 0x80, 0x40, 0x28, 0x00, 0x28, 0x40, 0x00,
  0x00, 0x00, 0x00, 0x28, 0x00, 0x28, 0x44, 0x02, 0x00, 0x00, 0x00, 0x28,
  0x00, 0x28, 0x40, 0x00, 0x00, 0x80, 0x40, 0x28, 0x00, 0x28, 0x04, 0x02,
  0x00, 0x80, 0x40, 0x28, 0x00, 0x28, 0x00, 0x00, 0x00, 0x00, 0x00, 0x28,
  0x00, 0x28, 0x04, 0x02, 0x00, 0x00, 0x00, 0x28, 0x00, 0x28, 0x00, 0x00,
  0x00, 0x80, 0x44, 0x28, 0x00, 0x28, 0x44, 0x82, 0x00, 0x80, 0x44, 0x28,
  0x00, 0x28, 0x40, 0x80, 0x00, 0x00, 0x04, 0x28, 0x00, 0x28, 0x44, 0x82,
  0x00, 0x00, 0x04, 0x28, 0x00, 0x28, 0x40, 0x80, 0x00, 0x80, 0x44, 0x28,
  0x00, 0x28, 0x04, 0x02, 0x00, 0x80, 0x44, 0x28, 0x00, 0x28, 0x00, 0x00,
  0x00, 0x00, 0x04, 0x28, 0x00, 0x28, 0x04, 0x02, 0x00, 0x00, 0x04, 0x28,
  0x00, 0x28, 0x00, 0x00, 0x00, 0x80, 0x44, 0x28, 0x00, 0x28, 0x44, 0x02,
  0x00, 0x80, 0x44, 0x28, 0x00, 0x28, 0x40, 0x00, 0x00, 0x00, 0x04, 0x28,
  0x00, 0x28, 0x44, 0x02, 0x00, 0x00, 0x04, 0x28, 0x00, 0x28, 0x40, 0x00,
  0x00, 0x80, 0x44, 0x28, 0x00, 0x28, 0x04, 0x02, 0x00, 0x80, 0x44, 0x28,
  0x00, 0x28, 0x00, 0x00, 0x00, 0x00, 0x04, 0x28, 0x00, 0x28, 0x04, 0x02,
  0x00, 0x00, 0x04, 0x28, 0x00, 0x28, 0x00, 0x00, 0x01, 0x82, 0x44, 0x28,
  0x00, 0x28, 0x44, 0x80, 0x01, 0x82, 0x44, 0x28, 0x00, 0x28, 0x40, 0x80,
  0x01, 0x02, 0x04, 0x28, 0x00, 0x28, 0x44, 0x80, 0x01, 0x02, 0x04, 0x28,
  0x00, 0x28, 0x40, 0x80, 0x01, 0x82, 0x44, 0x28, 0x00, 0x28, 0x04, 0x00,
  0x01, 0x82, 0x44, 0x28, 0x00, 0x28, 0x00, 0x00, 0x01, 0x02, 0x04, 0x28,
  0x00, 0x28, 0x04, 0x00, 0x01, 0x02, 0x04, 0x28, 0x00, 0x28, 0x00, 0x00,
  0x01, 0x82, 0x44, 0x28, 0x00, 0x28, 0x44, 0x00, 0x01, 0x82, 0x44, 0x28,
  0x00, 0x28, 0x40, 0x00, 0x01, 0x02, 0x04, 0x28, 0x00, 0x28, 0x44, 0x00,
  0x01, 0x02, 0x04, 0x28, 0x00, 0x28, 0x40, 0x00, 0x01, 0x82, 0x44, 0x28,
  0x00, 0x28, 0x04, 0x00, 0x01, 0x82, 0x44, 0x28, 0x00, 0x28, 0x00, 0x00,
  0x01, 0x02, 0x04, 0x28, 0x00, 0x28, 0x04, 0x00, 0x01, 0x02, 0x04, 0x28,
  0x00, 0x28, 0x00, 0x00, 0x00, 0x80, 0x40, 0x28, 0x00, 0x28, 0x44, 0x82,
  0x00, 0x80, 0x40, 0x28, 0x00, 0x28, 0x40, 0x80, 0x00, 0x00, 0x00, 0x28,
  0x00, 0x28, 0x44, 0x82, 0x00, 0x00, 0x00, 0x28, 0x00, 0x28, 0x40, 0x80,
  0x00, 0x80, 0x40, 0x28, 0x00, 0x28, 0x04, 0x02, 0x00, 0x80, 0x40, 0x28,
  0x00, 0x28, 0x00, 0x00, 0x00, 0x00, 0x00, 0x28, 0x00, 0x28, 0x04, 0x02,
  0x00, 0x00, 0x00, 0x28, 0x00, 0x28, 0x00, 0x00, 0x00, 0x80, 0x40, 0x28,
  0x00, 0x28, 0x44, 0x02, 0x00, 0x80, 0x40, 0x28, 0x00, 0x28, 0x40, 0x00,
  0x00, 0x00, 0x00, 0x28, 0x00, 0x28, 0x44, 0x02, 0x00, 0x00, 0x00, 0x28,
  0x00, 0x28, 0x40, 0x00, 0x00, 0x80, 0x40, 0x28, 0x00, 0x28, 0x04, 0x02,
  0x00, 0x80, 0x40, 0x28, 0x00, 0x28, 0x00, 0x00, 0x00, 0x00, 0x00, 0x28,
  0x00, 0x28, 0x04, 0x02, 0x00, 0x00, 0x00, 0x28, 0x00, 0x28, 0x00, 0x00,
  0x00, 0x82, 0x44, 0x28, 0x00, 0x28, 0x44, 0x80, 0x00, 0x82, 0x44, 0x28,
  0x00, 0x28, 0x40, 0x80, 0x00, 0x02, 0x04, 0x28, 0x00, 0x28, 0x44, 0x80,
  0x00, 0x02, 0x04, 0x28, 0x00, 0x28, 0x40, 0x80, 0x00, 0x82, 0x44, 0x28,
  0x00, 0x28, 0x04, 0x00, 0x00, 0x82, 0x44, 0x28, 0x00, 0x28, 0x00, 0x00,
  0x00, 0x02, 0x04, 0x28, 0x00, 0x28, 0x04, 0x00, 0x00, 0x02, 0x04, 0x28,
  0x00, 0x28, 0x00, 0x00, 0x00, 0x82, 0x44, 0x28, 0x00, 0x28, 0x44, 0x00,
  0x00, 0x82, 0x44, 0x28, 0x00, 0x28, 0x40, 0x00, 0x00, 0x02, 0x04, 0x28,
  0x00, 0x28, 0x44, 0x00, 0x00, 0x02, 0x04, 0x28, 0x00, 0x28, 0x40, 0x00,
  0x00, 0x82, 0x44, 0x28, 0x00, 0x28, 0x04, 0x00, 0x00, 0x82, 0x44, 0x28,
  0x00, 0x28, 0x00, 0x00, 0x00, 0x02, 0x04, 0x28, 0x00, 0x28, 0x04, 0x00,
  0x00, 0x02, 0x04, 0x28, 0x00, 0x28, 0x00, 0x00, 0x00, 0x80, 0x40, 0x28,
  0x00, 0x28, 0x44, 0x82, 0x00, 0x80, 0x40, 0x28, 0x00, 0x28, 0x40, 0x80,
  0x00, 0x00, 0x00, 0x28, 0x00, 0x28, 0x44, 0x82, 0x00, 0x00, 0x00, 0x28,
  0x00, 0x28, 0x40, 0x80, 0x00, 0x80, 0x40, 0x28, 0x00, 0x28, 0x04, 0x02,
  0x00, 0x80, 0x40, 0x28, 0x00, 0x28, 0x00, 0x00, 0x00, 0x00, 0x00, 0x28,
  0x00, 0x28, 0x04, 0x02, 0x00, 0x00, 0x00, 0x28, 0x00, 0x28, 0x00, 0x00,
  0x00, 0x80, 0x40, 0x28, 0x00, 0x28, 0x44, 0x02, 0x00, 0x80, 0x40, 0x28,
  0x00, 0x28, 0x40, 0x00, 0x00, 0x00, 0x00, 0x28, 0x00, 0x28, 0x44, 0x02,
  0x00, 0x00, 0x00, 0x28, 0x00, 0x28, 0x40, 0x00, 0x00, 0x80, 0x40, 0x28,
  0x00, 0x28, 0x04, 0x02, 0x00, 0x80, 0x40, 0x28, 0x00, 0x28, 0x00, 0x00,
  0x00, 0x00, 0x00, 0x28, 0x00, 0x28, 0x04, 0x02, 0x00, 0x00, 0x00, 0x28,
  0x00, 0x28, 0x00, 0x00, 0x00, 0x80, 0x40, 0x28, 0x00, 0x28, 0x44, 0x80,
  0x00, 0x80, 0x40, 0x28, 0x00, 0x28, 0x40, 0x80, 0x00, 0x00, 0x00, 0x28,
  0x00, 0x28, 0x44, 0x80, 0x00, 0x00, 0x00, 0x28, 0x00, 0x28, 0x40, 0x80,
  0x00, 0x80, 0x40, 0x28, 0x00, 0x28, 0x04, 0x00, 0x00, 0x80, 0x40, 0x28,
  0x00, 0x28, 0x00, 0x00, 0x00, 0x00, 0x00, 0x28, 0x00, 0x28, 0x04, 0x00,
  0x00, 0x00, 0x00, 0x28, 0x00, 0x28, 0x00, 0x00, 0x00, 0x80, 0x40, 0x28,
  0x00, 0x28, 0x44, 0x00, 0x00, 0x80, 0x40, 0x28, 0x00, 0x28, 0x40, 0x00,
  0x00, 0x00, 0x00, 0x28, 0x00, 0x28, 0x44, 0x00, 0x00, 0x00, 0x00, 0x28,
  0x00, 0x28, 0x40, 0x00, 0x00, 0x80, 0x40, 0x28, 0x00, 0x28, 0x04, 0x00,
  0x00, 0x80, 0x40, 0x28, 0x00, 0x28, 0x00, 0x00, 0x00, 0x00, 0x00, 0x28,
  0x00, 0x28, 0x04, 0x00, 0x00, 0x00, 0x00, 0x28, 0x00, 0x28, 0x00, 0x00,
  0x00, 0x80, 0x44, 0x28, 0x00, 0x28, 0x44, 0x80, 0x00, 0x80, 0x44, 0x28,
  0x00, 0x28, 0x40, 0x80, 0x00, 0x00, 0x04, 0x28, 0x00, 0x28, 0x44, 0x80,
  0x00, 0x00, 0x04, 0x28, 0x00, 0x28, 0x40, 0x80, 0x00, 0x80, 0x44, 0x28,
  0x00, 0x28, 0x04, 0x00, 0x00, 0x80, 0x44, 0x28, 0x00, 0x28, 0x00, 0x00,
  0x00, 0x00, 0x04, 0x28, 0x00, 0x28, 0x04, 0x00, 0x00, 0x00, 0x04, 0x28,
  0x00, 0x28, 0x00, 0x00, 0x00, 0x80, 0x44, 0x28, 0x00, 0x28, 0x44, 0x00,
  0x00, 0x80, 0x44, 0x28, 0x00, 0x28, 0x40, 0x00, 0x00, 0x00, 0x04, 0x28,
  0x00, 0x28, 0x44, 0x00, 0x00, 0x00, 0x04, 0x28, 0x00, 0x28, 0x40, 0x00,
  0x00, 0x80, 0x44, 0x28, 0x00, 0x28, 0x04, 0x00, 0x00, 0x80, 0x44, 0x28,
  0x00, 0x28, 0x00, 0x00, 0x00, 0x00, 0x04, 0x28, 0x00, 0x28, 0x04, 0x00,
  0x00, 0x00, 0x04, 0x28, 0x00, 0x28, 0x00, 0x00, 0x00, 0x80, 0x40, 0x28,
  0x00, 0x28, 0x44, 0x80, 0x00, 0x80, 0x40, 0x28, 0x00, 0x28, 0x40, 0x80,
  0x00, 0x00, 0x00, 0x28, 0x00, 0x28, 0x44, 0x80, 0x00, 0x00, 0x00, 0x28,
  0x00, 0x28, 0x40, 0x80, 0x00, 0x80, 0x40, 0x28, 0x00, 0x28, 0x04, 0x00,
  0x00, 0x80, 0x40, 0x28, 0x00, 0x28, 0x00, 0x00, 0x00, 0x00, 0x00, 0x28,
  0x00, 0x28, 0x04, 0x00, 0x00, 0x00, 0x00, 0x28, 0x00, 0x28, 0x00, 0x00,
  0x00, 0x80, 0x40, 0x28, 0x00, 0x28, 0x44, 0x00, 0x00, 0x80, 0x40, 0x28,
  0x00, 0x28, 0x40, 0x00, 0x00, 0x00, 0x00, 0x28, 0x00, 0x28, 0x44, 0x00,
  0x00, 0x00, 0x00, 0x28, 0x00, 0x28, 0x40, 0x00, 0x00, 0x80, 0x40, 0x28,
  0x00, 0x28, 0x04, 0x00, 0x00, 0x80, 0x40, 0x28, 0x00, 0x28, 0x00, 0x00,
  0x00, 0x00, 0x00, 0x28, 0x00, 0x28, 0x04, 0x00, 0x00, 0x00, 0x00, 0x28,
  0x00, 0x28, 0x00, 0x00, 0x00, 0x80, 0x44, 0x28, 0x00, 0x28, 0x44, 0x80,
  0x00, 0x80, 0x44, 0x28, 0x00, 0x28, 0x40, 0x80, 0x00, 0x00, 0x04, 0x28,
  0x00, 0x28, 0x44, 0x80, 0x00, 0x00, 0x04, 0x28, 0x00, 0x28, 0x40, 0x80,
  0x00, 0x80, 0x44, 0x28, 0x00, 0x28, 0x04, 0x00, 0x00, 0x80, 0x44, 0x28,
  0x00, 0x28, 0x00, 0x00, 0x00, 0x00, 0x04, 0x28, 0x00, 0x28, 0x04, 0x00,
  0x00, 0x00, 0x04, 0x28, 0x00, 0x28, 0x00, 0x00, 0x00, 0x80, 0x44, 0x28,
  0x00, 0x28, 0x44, 0x00, 0x00, 0x80, 0x44, 0x28, 0x00, 0x28, 0x40, 0x00,
  0x00, 0x00, 0x04, 0x28, 0x00, 0x28, 0x44, 0x00, 0x00, 0x00, 0x04, 0x28,
  0x00, 0x28, 0x40, 0x00, 0x00, 0x80, 0x44, 0x28, 0x00, 0x28, 0x04, 0x00,
  0x00, 0x80, 0x44, 0x28, 0x00, 0x28, 0x00, 0x00, 0x00, 0x00, 0x04, 0x28,
  0x00, 0x28, 0x04, 0x00, 0x00, 0x00, 0x04, 0x28, 0x00, 0x28, 0x00, 0x00,
  0x01, 0x02, 0x04, 0x28, 0x00, 0x28, 0x44, 0x82, 0x01, 0x02, 0x04, 0x28,
  0x00, 0x28, 0x40, 0x80, 0x01, 0x02, 0x44, 0x28, 0x00, 0x28, 0x44, 0x82,
  0x01, 0x02, 0x44, 0x28, 0x00, 0x28, 0x40, 0x80, 0x01, 0x02, 0x04, 0x28,
  0x00, 0x28, 0x04, 0x02, 0x01, 0x02, 0x04, 0x28, 0x00, 0x28, 0x00, 0x00,
  0x01, 0x02, 0x44, 0x28, 0x00, 0x28, 0x04, 0x02, 0x01, 0x02, 0x44, 0x28,
  0x00, 0x28, 0x00, 0x00, 0x01, 0x02, 0x04, 0x28, 0x00, 0x28, 0x44, 0x02,
  0x01, 0x02, 0x04, 0x28, 0x00, 0x28, 0x40, 0x00, 0x01, 0x02, 0x44, 0x28,
  0x00, 0x28, 0x44, 0x02, 0x01, 0x02, 0x44, 0x28, 0x00, 0x28, 0x40, 0x00,
  0x01, 0x02, 0x04, 0x28, 0x00, 0x28, 0x04, 0x02, 0x01, 0x02, 0x04, 0x28,
  0x00, 0x28, 0x00, 0x00, 0x01, 0x02, 0x44, 0x28, 0x00, 0x28, 0x04, 0x02,
  0x01, 0x02, 0x44, 0x28, 0x00, 0x28, 0x00, 0x00, 0x00, 0x80, 0x40, 0x28,
  0x00, 0x28, 0x44, 0x80, 0x00, 0x80, 0x40, 0x28, 0x00, 0x28, 0x40, 0x80,
  0x00, 0x00, 0x00, 0x28, 0x00, 0x28, 0x44, 0x80, 0x00, 0x00, 0x00, 0x28,
  0x00, 0x28, 0x40, 0x80, 0x00, 0x80, 0x40, 0x28, 0x00, 0x28, 0x04, 0x00,
  0x00, 0x80, 0x40, 0x28, 0x00, 0x28, 0x00, 0x00, 0x00, 0x00, 0x00, 0x28,
  0x00, 0x28, 0x04, 0x00, 0x00, 0x00, 0x00, 0x28, 0x00, 0x28, 0x00, 0x00,
  0x00, 0x80, 0x40, 0x28, 0x00, 0x28, 0x44, 0x00, 0x00, 0x80, 0x40, 0x28,
  0x00, 0x28, 0x40, 0x00, 0x00, 0x00, 0x00, 0x28, 0x00, 0x28, 0x44, 0x00,
  0x00, 0x00, 0x00, 0x28, 0x00, 0x28, 0x40, 0x00, 0x00, 0x80, 0x40, 0x28,
  0x00, 0x28, 0x04, 0x00, 0x00, 0x80, 0x40, 0x28, 0x00, 0x28, 0x00, 0x00,
  0x00, 0x00, 0x00, 0x28, 0x00, 0x28, 0x04, 0x00, 0x00, 0x00, 0x00, 0x28,
  0x00, 0x28, 0x00, 0x00, 0x00, 0x02, 0x04, 0x28, 0x00, 0x28, 0x44, 0x82,
  0x00, 0x02, 0x04, 0x28, 0x00, 0x28, 0x40, 0x80, 0x00, 0x02, 0x44, 0x28,
  0x00, 0x28, 0x44, 0x82, 0x00, 0x02, 0x44, 0x28, 0x00, 0x28, 0x40, 0x80,
  0x00, 0x02, 0x04, 0x28, 0x00, 0x28, 0x04, 0x02, 0x00, 0x02, 0x04, 0x28,
  0x00, 0x28, 0x00, 0x00, 0x00, 0x02, 0x44, 0x28, 0x00, 0x28, 0x04, 0x02,
  0x00, 0x02, 0x44, 0x28, 0x00, 0x28, 0x00, 0x00, 0x00, 0x02, 0x04, 0x28,
  0x00, 0x28, 0x44, 0x02, 0x00, 0x02, 0x04, 0x28, 0x00, 0x28, 0x40, 0x00,
  0x00, 0x02, 0x44, 0x28, 0x00, 0x28, 0x44, 0x02, 0x00, 0x02, 0x44, 0x28,
  0x00, 0x28, 0x40, 0x00, 0x00, 0x02, 0x04, 0x28, 0x00, 0x28, 0x04, 0x02,
  0x00, 0x02, 0x04, 0x28, 0x00, 0x28, 0x00, 0x00, 0x00, 0x02, 0x44, 0x28,
  0x00, 0x28, 0x04, 0x02, 0x00, 0x02, 0x44, 0x28, 0x00, 0x28, 0x00, 0x00,
  0x00, 0x80, 0x40, 0x28, 0x00, 0x28, 0x44, 0x80, 0x00, 0x80, 0x40, 0x28,
  0x00, 0x28, 0x40, 0x80, 0x00, 0x00, 0x00, 0x28, 0x00, 0x28, 0x44, 0x80,
  0x00, 0x00, 0x00, 0x28, 0x00, 0x28, 0x40, 0x80, 0x00, 0x80, 0x40, 0x28,
  0x00, 0x28, 0x04, 0x00, 0x00, 0x80, 0x40, 0x28, 0x00, 0x28, 0x00, 0x00,
  0x00, 0x00, 0x00, 0x28, 0x00, 0x28, 0x04, 0x00, 0x00, 0x00, 0x00, 0x28,
  0x00, 0x28, 0x00, 0x00, 0x00, 0x80, 0x40, 0x28, 0x00, 0x28, 0x44, 0x00,
  0x00, 0x80, 0x40, 0x28, 0x00, 0x28, 0x40, 0x00, 0x00, 0x00, 0x00, 0x28,
  0x00, 0x28, 0x44, 0x00, 0x00, 0x00, 0x00, 0x28, 0x00, 0x28, 0x40, 0x00,
  0x00, 0x80, 0x40, 0x28, 0x00, 0x28, 0x04, 0x00, 0x00, 0x80, 0x40, 0x28,
  0x00, 0x28, 0x00, 0x00, 0x00, 0x00, 0x00, 0x28, 0x00, 0x28, 0x04, 0x00,
  0x00, 0x00, 0x00, 0x28, 0x00, 0x28, 0x00, 0x00, 0x00, 0x00, 0x00, 0x28,
  0x00, 0x28, 0x44, 0x82, 0x00, 0x00, 0x00, 0x28, 0x00, 0x28, 0x40, 0x80,
  0x00, 0x00, 0x40, 0x28, 0x00, 0x28, 0x44, 0x82, 0x00, 0x00, 0x40, 0x28,
  0x00, 0x28, 0x40, 0x80, 0x00, 0x00, 0x00, 0x28, 0x00, 0x28, 0x04, 0x02,
  0x00, 0x00, 0x00, 0x28, 0x00, 0x28, 0x00, 0x00, 0x00, 0x00, 0x40, 0x28,
  0x00, 0x28, 0x04, 0x02, 0x00, 0x00, 0x40, 0x28, 0x00, 0x28, 0x00, 0x00,
  0x00, 0x00, 0x00, 0x28, 0x00, 0x28, 0x44, 0x02, 0x00, 0x00, 0x00, 0x28,
  0x00, 0x28, 0x40, 0x00, 0x00, 0x00, 0x40, 0x28, 0x00, 0x28, 0x44, 0x02,
  0x00, 0x00, 0x40, 0x28, 0x00, 0x28, 0x40, 0x00, 0x00, 0x00, 0x00, 0x28,
  0x00, 0x28, 0x04, 0x02, 0x00, 0x00, 0x00, 0x28, 0x00, 0x28, 0x00, 0x00,
  0x00, 0x00, 0x40, 0x28, 0x00, 0x28, 0x04, 0x02, 0x00, 0x00, 0x40, 0x28,
  0x00, 0x28, 0x00, 0x00, 0x00, 0x00, 0x04, 0x28, 0x00, 0x28, 0x44, 0x82,
  0x00, 0x00, 0x04, 0x28, 0x00, 0x28, 0x40, 0x80, 0x00, 0x00, 0x44, 0x28,
  0x00, 0x28, 0x44, 0x82, 0x00, 0x00, 0x44, 0x28, 0x00, 0x28, 0x40, 0x80,
  0x00, 0x00, 0x04, 0x28, 0x00, 0x28, 0x04, 0x02, 0x00, 0x00, 0x04, 0x28,
  0x00, 0x28, 0x00, 0x00, 0x00, 0x00, 0x44, 0x28, 0x00, 0x28, 0x04, 0x02,
  0x00, 0x00, 0x44, 0x28, 0x00, 0x28, 0x00, 0x00, 0x00, 0x00, 0x04, 0x28,
  0x00, 0x28, 0x44, 0x02, 0x00, 0x00, 0x04, 0x28, 0x00, 0x28, 0x40, 0x00,
  0x00, 0x00, 0x44, 0x28, 0x00, 0x28, 0x44, 0x02, 0x00, 0x00, 0x44, 0x28,
  0x00, 0x28, 0x40, 0x00, 0x00, 0x00, 0x04, 0x28, 0x00, 0x28, 0x04, 0x02,
  0x00, 0x00, 0x04, 0x28, 0x00, 0x28, 0x00, 0x00, 0x00, 0x00, 0x44, 0x28,
  0x00, 0x28, 0x04, 0x02, 0x00, 0x00, 0x44, 0x28, 0x00, 0x28, 0x00, 0x00,
  0x00, 0x00, 0x00, 0x28, 0x00, 0x28, 0x44, 0x82, 0x00, 0x00, 0x00, 0x28,
  0x00, 0x28, 0x40, 0x80, 0x00, 0x00, 0x40, 0x28, 0x00, 0x28, 0x44, 0x82,
  0x00, 0x00, 0x40, 0x28, 0x00, 0x28, 0x40, 0x80, 0x00, 0x00, 0x00, 0x28,
  0x00, 0x28, 0x04, 0x02, 0x00, 0x00, 0x00, 0x28, 0x00, 0x28, 0x00, 0x00,
  0x00, 0x00, 0x40, 0x28, 0x00, 0x28, 0x04, 0x02, 0x00, 0x00, 0x40, 0x28,
  0x00, 0x28, 0x00, 0x00, 0x00, 0x00, 0x00, 0x28, 0x00, 0x28, 0x44, 0x02,
  0x00, 0x00, 0x00, 0x28, 0x00, 0x28, 0x40, 0x00, 0x00, 0x00, 0x40, 0x28,
  0x00, 0x28, 0x44, 0x02, 0x00, 0x00, 0x40, 0x28, 0x00, 0x28, 0x40, 0x00,
  0x00, 0x00, 0x00, 0x28, 0x00, 0x28, 0x04, 0x02, 0x00, 0x00, 0x00, 0x28,
  0x00, 0x28, 0x00, 0x00, 0x00, 0x00, 0x40, 0x28, 0x00, 0x28, 0x04, 0x02,
  0x00, 0x00, 0x40, 0x28, 0x00, 0x28, 0x00, 0x00, 0x00, 0x00, 0x04, 0x28,
  0x00, 0x28, 0x44, 0x82, 0x00, 0x00, 0x04, 0x28, 0x00, 0x28, 0x40, 0x80,
  0x00, 0x00, 0x44, 0x28, 0x00, 0x28, 0x44, 0x82, 0x00, 0x00, 0x44, 0x28,
  0x00, 0x28, 0x40, 0x80, 0x00, 0x00, 0x04, 0x28, 0x00, 0x28, 0x04, 0x02,
  0x00, 0x00, 0x04, 0x28, 0x00, 0x28, 0x00, 0x00, 0x00, 0x00, 0x44, 0x28,
  0x00, 0x28, 0x04, 0x02, 0x00, 0x00, 0x44, 0x28, 0x00, 0x28, 0x00, 0x00,
  0x00, 0x00, 0x04, 0x28, 0x00, 0x28, 0x44, 0x02, 0x00, 0x00, 0x04, 0x28,
  0x00, 0x28, 0x40, 0x00, 0x00, 0x00, 0x44, 0x28, 0x00, 0x28, 0x44, 0x02,
  0x00, 0x00, 0x44, 0x28, 0x00, 0x28, 0x40, 0x00, 0x00, 0x00, 0x04, 0x28,
  0x00, 0x28, 0x04, 0x02, 0x00, 0x00, 0x04, 0x28, 0x00, 0x28, 0x00, 0x00,
  0x00, 0x00, 0x44, 0x28, 0x00, 0x28, 0x04, 0x02, 0x00, 0x00, 0x44, 0x28,
  0x00, 0x28, 0x00, 0x00, 0x01, 0x02, 0x04, 0x28, 0x00, 0x28, 0x44, 0x80,
  0x01, 0x02, 0x04, 0x28, 0x00, 0x28, 0x40, 0x80, 0x01, 0x02, 0x44, 0x28,
  0x00, 0x28, 0x44, 0x80, 0x01, 0x02, 0x44, 0x28, 0x00, 0x28, 0x40, 0x80,
  0x01, 0x02, 0x04, 0x28, 0x00, 0x28, 0x04, 0x00, 0x01, 0x02, 0x04, 0x28,
  0x00, 0x28, 0x00, 0x00, 0x01, 0x02, 0x44, 0x28, 0x00, 0x28, 0x04, 0x00,
  0x01, 0x02, 0x44, 0x28, 0x00, 0x28, 0x00, 0x00, 0x01, 0x02, 0x04, 0x28,
  0x00, 0x28, 0x44, 0x00, 0x01, 0x02, 0x04, 0x28, 0x00, 0x28, 0x40, 0x00,
  0x01, 0x02, 0x44, 0x28, 0x00, 0x28, 0x44, 0x00, 0x01, 0x02, 0x44, 0x28,
  0x00, 0x28, 0x40, 0x00, 0x01, 0x02, 0x04, 0x28, 0x00, 0x28, 0x04, 0x00,
  0x01, 0x02, 0x04, 0x28, 0x00, 0x28, 0x00, 0x00, 0x01, 0x02, 0x44, 0x28,
  0x00, 0x28, 0x04, 0x00, 0x01, 0x02, 0x44, 0x28, 0x00, 0x28, 0x00, 0x00,
  0x00, 0x00, 0x00, 0x28, 0x00, 0x28, 0x44, 0x82, 0x00, 0x00, 0x00, 0x28,
  0x00, 0x28, 0x40, 0x80, 0x00, 0x00, 0x40, 0x28, 0x00, 0x28, 0x44, 0x82,
  0x00, 0x00, 0x40, 0x28, 0x00, 0x28, 0x40, 0x80, 0x00, 0x00, 0x00, 0x28,
  0x00, 0x28, 0x04, 0x02, 0x00, 0x00, 0x00, 0x28, 0x00, 0x28, 0x00, 0x00,
  0x00, 0x00, 0x40, 0x28, 0x00, 0x28, 0x04, 0x02, 0x00, 0x00, 0x40, 0x28,
  0x00, 0x28, 0x00, 0x00, 0x00, 0x00, 0x00, 0x28, 0x00, 0x28, 0x44, 0x02,
  0x00, 0x00, 0x00, 0x28, 0x00, 0x28, 0x40, 0x00, 0x00, 0x00, 0x40, 0x28,
  0x00, 0x28, 0x44, 0x02, 0x00, 0x00, 0x40, 0x28, 0x00, 0x28, 0x40, 0x00,
  0x00, 0x00, 0x00, 0x28, 0x00, 0x28, 0x04, 0x02, 0x00, 0x00, 0x00, 0x28,
  0x00, 0x28, 0x00, 0x00, 0x00, 0x00, 0x40, 0x28, 0x00, 0x28, 0x04, 0x02,
  0x00, 0x00, 0x40, 0x28, 0x00, 0x28, 0x00, 0x00, 0x00, 0x02, 0x04, 0x28,
  0x00, 0x28, 0x44, 0x80, 0x00, 0x02, 0x04, 0x28, 0x00, 0x28, 0x40, 0x80,
  0x00, 0x02, 0x44, 0x28, 0x00, 0x28, 0x44, 0x80, 0x00, 0x02, 0x44, 0x28,
  0x00, 0x28, 0x40, 0x80, 0x00, 0x02, 0x04, 0x28, 0x00, 0x28, 0x04, 0x00,
  0x00, 0x02, 0x04, 0x28, 0x00, 0x28, 0x00, 0x00, 0x00, 0x02, 0x44, 0x28,
  0x00, 0x28, 0x04, 0x00, 0x00, 0x02, 0x44, 0x28, 0x00, 0x28, 0x00, 0x00,
  0x00, 0x02, 0x04, 0x28, 0x00, 0x28, 0x44, 0x00, 0x00, 0x02, 0x04, 0x28,
  0x00, 0x28, 0x40, 0x00, 0x00, 0x02, 0x44, 0x28, 0x00, 0x28, 0x44, 0x00,
  0x00, 0x02, 0x44, 0x28, 0x00, 0x28, 0x40, 0x00, 0x00, 0x02, 0x04, 0x28,
  0x00, 0x28, 0x04, 0x00, 0x00, 0x02, 0x04, 0x28, 0x00, 0x28, 0x00, 0x00,
  0x00, 0x02, 0x44, 0x28, 0x00, 0x28, 0x04, 0x00, 0x00, 0x02, 0x44, 0x28,
  0x00, 0x28, 0x00, 0x00, 0x00, 0x00, 0x00, 0x28, 0x00, 0x28, 0x44, 0x82,
  0x00, 0x00, 0x00, 0x28, 0x00, 0x28, 0x40, 0x80, 0x00, 0x00, 0x40, 0x28,
  0x00, 0x28, 0x44, 0x82, 0x00, 0x00, 0x40, 0x28, 0x00, 0x28, 0x40, 0x80,
  0x00, 0x00, 0x00, 0x28, 0x00, 0x28, 0x04, 0x02, 0x00, 0x00, 0x00, 0x28,
  0x00, 0x28, 0x00, 0x00, 0x00, 0x00, 0x40, 0x28, 0x00, 0x28, 0x04, 0x02,
  0x00, 0x00, 0x40, 0x28, 0x00, 0x28, 0x00, 0x00, 0x00, 0x00, 0x00, 0x28,
  0x00, 0x28, 0x44, 0x02, 0x00, 0x00, 0x00, 0x28, 0x00, 0x28, 0x40, 0x00,
  0x00, 0x00, 0x40, 0x28, 0x00, 0x28, 0x44, 0x02, 0x00, 0x00, 0x40, 0x28,
  0x00, 0x28, 0x40, 0x00, 0x00, 0x00, 0x00, 0x28, 0x00, 0x28, 0x04, 0x02,
  0x00, 0x00, 0x00, 0x28, 0x00, 0x28, 0x00, 0x00, 0x00, 0x00, 0x40, 0x28,
  0x00, 0x28, 0x04, 0x02, 0x00, 0x00, 0x40, 0x28, 0x00, 0x28, 0x00, 0x00,
  0x00, 0x00, 0x00, 0x28, 0x00, 0x28, 0x44, 0x80, 0x00, 0x00, 0x00, 0x28,
  0x00, 0x28, 0x40, 0x80, 0x00, 0x00, 0x40, 0x28, 0x00, 0x28, 0x44, 0x80,
  0x00, 0x00, 0x40, 0x28, 0x00, 0x28, 0x40, 0x80, 0x00, 0x00, 0x00, 0x28,
  0x00, 0x28, 0x04, 0x00, 0x00, 0x00, 0x00, 0x28, 0x00, 0x28, 0x00, 0x00,
  0x00, 0x00, 0x40, 0x28, 0x00, 0x28, 0x04, 0x00, 0x00, 0x00, 0x40, 0x28,
  0x00, 0x28, 0x00, 0x00, 0x00, 0x00, 0x00, 0x28, 0x00, 0x28, 0x44, 0x00,
  0x00, 0x00, 0x00, 0x28, 0x00, 0x28, 0x40, 0x00, 0x00, 0x00, 0x40, 0x28,
  0x00, 0x28, 0x44, 0x00, 0x00, 0x00, 0x40, 0x28, 0x00, 0x28, 0x40, 0x00,
  0x00, 0x00, 0x00, 0x28, 0x00, 0x28, 0x04, 0x00, 0x00, 0x00, 0x00, 0x28,
  0x00, 0x28, 0x00, 0x00, 0x00, 0x00, 0x40, 0x28, 0x00, 0x28, 0x04, 0x00,
  0x00, 0x00, 0x40, 0x28, 0x00, 0x28, 0x00, 0x00, 0x00, 0x00, 0x04, 0x28,
  0x00, 0x28, 0x44, 0x80, 0x00, 0x00, 0x04, 0x28, 0x00, 0x28, 0x40, 0x80,
  0x00, 0x00, 0x44, 0x28, 0x00, 0x28, 0x44, 0x80, 0x00, 0x00, 0x44, 0x28,
  0x00, 0x28, 0x40, 0x80, 0x00, 0x00, 0x04, 0x28, 0x00, 0x28, 0x04, 0x00,
  0x00, 0x00, 0x04, 0x28, 0x00, 0x28, 0x00, 0x00, 0x00, 0x00, 0x44, 0x28,
  0x00, 0x28, 0x04, 0x00, 0x00, 0x00, 0x44, 0x28, 0x00, 0x28, 0x00, 0x00,
  0x00, 0x00, 0x04, 0x28, 0x00, 0x28, 0x44, 0x00, 0x00, 0x00, 0x04, 0x28,
  0x00, 0x28, 0x40, 0x00, 0x00, 0x00, 0x44, 0x28, 0x00, 0x28, 0x44, 0x00,
  0x00, 0x00, 0x44, 0x28, 0x00, 0x28, 0x40, 0x00, 0x00, 0x00, 0x04, 0x28,
  0x00, 0x28, 0x04, 0x00, 0x00, 0x00, 0x04, 0x28, 0x00, 0x28, 0x00, 0x00,
  0x00, 0x00, 0x44, 0x28, 0x00, 0x28, 0x04, 0x00, 0x00, 0x00, 0x44, 0x28,
  0x00, 0x28, 0x00, 0x00, 0x00, 0x00, 0x00, 0x28, 0x00, 0x28, 0x44, 0x80,
  0x00, 0x00, 0x00, 0x28, 0x00, 0x28, 0x40, 0x80, 0x00, 0x00, 0x40, 0x28,
  0x00, 0x28, 0x44, 0x80, 0x00, 0x00, 0x40, 0x28, 0x00, 0x28, 0x40, 0x80,
  0x00, 0x00, 0x00, 0x28, 0x00, 0x28, 0x04, 0x00, 0x00, 0x00, 0x00, 0x28,
  0x00, 0x28, 0x00, 0x00, 0x00, 0x00, 0x40, 0x28, 0x00, 0x28, 0x04, 0x00,
  0x00, 0x00, 0x40, 0x28, 0x00, 0x28, 0x00, 0x00, 0x00, 0x00, 0x00, 0x28,
  0x00, 0x28, 0x44, 0x00, 0x00, 0x00, 0x00, 0x28, 0x00, 0x28, 0x40, 0x00,
  0x00, 0x00, 0x40, 0x28, 0x00, 0x28, 0x44, 0x00, 0x00, 0x00, 0x40, 0x28,
  0x00, 0x28, 0x40, 0x00, 0x00, 0x00, 0x00, 0x28, 0x00, 0x28, 0x04, 0x00,
  0x00, 0x00, 0x00, 0x28, 0x00, 0x28, 0x00, 0x00, 0x00, 0x00, 0x40, 0x28,
  0x00, 0x28, 0x04, 0x00, 0x00, 0x00, 0x40, 0x28, 0x00, 0x28, 0x00, 0x00,
  0x00, 0x00, 0x04, 0x28, 0x00, 0x28, 0x44, 0x80, 0x00, 0x00, 0x04, 0x28,
  0x00, 0x28, 0x40, 0x80, 0x00, 0x00, 0x44, 0x28, 0x00, 0x28, 0x44, 0x80,
  0x00, 0x00, 0x44, 0x28, 0x00, 0x28, 0x40, 0x80, 0x00, 0x00, 0x04, 0x28,
  0x00, 0x28, 0x04, 0x00, 0x00, 0x00, 0x04, 0x28, 0x00, 0x28, 0x00, 0x00,
  0x00, 0x00, 0x44, 0x28, 0x00, 0x28, 0x04, 0x00, 0x00, 0x00, 0x44, 0x28,
  0x00, 0x28, 0x00, 0x00, 0x00, 0x00, 0x04, 0x28, 0x00, 0x28, 0x44, 0x00,
  0x00, 0x00, 0x04, 0x28, 0x00, 0x28, 0x40, 0x00, 0x00, 0x00, 0x44, 0x28,
  0x00, 0x28, 0x44, 0x00, 0x00, 0x00, 0x44, 0x28, 0x00, 0x28, 0x40, 0x00,
  0x00, 0x00, 0x04, 0x28, 0x00, 0x28, 0x04, 0x00, 0x00, 0x00, 0x04, 0x28,
  0x00, 0x28, 0x00, 0x00, 0x00, 0x00, 0x44, 0x28, 0x00, 0x28, 0x04, 0x00,
  0x00, 0x00, 0x44, 0x28, 0x00, 0x28, 0x00, 0x00, 0x02, 0x04, 0x88, 0x50,
  0x00, 0x50, 0x88, 0x04, 0x02, 0x04, 0x88, 0x50, 0x00, 0x50, 0x88, 0x00,
  0x00, 0x00, 0x00, 0x50, 0x00, 0x50, 0x08, 0x04, 0x00, 0x00, 0x00, 0x50,
  0x00, 0x50, 0x08, 0x00, 0x00, 0x04, 0x88, 0x50, 0x00, 0x50, 0x00, 0x00,
  0x00, 0x04, 0x88, 0x50, 0x00, 0x50, 0x00, 0x00, 0x00, 0x00, 0x00, 0x50,
  0x00, 0x50, 0x80, 0x00, 0x00, 0x00, 0x00, 0x50, 0x00, 0x50, 0x80, 0x00,
  0x00, 0x00, 0x08, 0x50, 0x00, 0x50, 0x88, 0x04, 0x00, 0x00, 0x08, 0x50,
  0x00, 0x50, 0x88, 0x00, 0x00, 0x00, 0x80, 0x50, 0x00, 0x50, 0x88, 0x04,
  0x00, 0x00, 0x80, 0x50, 0x00, 0x50, 0x88, 0x00, 0x02, 0x04, 0x08, 0x50,
  0x00, 0x50, 0x00, 0x00, 0x02, 0x04, 0x08, 0x50, 0x00, 0x50, 0x00, 0x00,
  0x00, 0x00, 0x80, 0x50, 0x00, 0x50, 0x00, 0x00, 0x00, 0x00, 0x80, 0x50,
  0x00, 0x50, 0x00, 0x00, 0x00, 0x00, 0x88, 0x50, 0x00, 0x50, 0x08, 0x04,
  0x00, 0x00, 0x88, 0x50, 0x00, 0x50, 0x08, 0x00, 0x00, 0x00, 0x00, 0x50,
  0x00, 0x50, 0x88, 0x04, 0x00, 0x00, 0x00, 0x50, 0x00, 0x50, 0x88, 0x00,
  0x02, 0x04, 0x88, 0x50, 0x00, 0x50, 0x80, 0x00, 0x02, 0x04, 0x88, 0x50,
  0x00, 0x50, 0x80, 0x00, 0x00, 0x00, 0x00, 0x50, 0x00, 0x50, 0x00, 0x00,
  0x00, 0x00, 0x00, 0x50, 0x00, 0x50, 0x00, 0x00, 0x00, 0x04, 0x08, 0x50,
  0x00, 0x50, 0x08, 0x04, 0x00, 0x04, 0x08, 0x50, 0x00, 0x50, 0x08, 0x00,
  0x00, 0x00, 0x80, 0x50, 0x00, 0x50, 0x08, 0x04, 0x00, 0x00, 0x80, 0x50,
  0x00, 0x50, 0x08, 0x00, 0x00, 0x00, 0x08, 0x50, 0x00, 0x50, 0x80, 0x00,
  0x00, 0x00, 0x08, 0x50, 0x00, 0x50, 0x80, 0x00, 0x00, 0x00, 0x80, 0x50,
  0x00, 0x50, 0x80, 0x00, 0x00, 0x00, 0x80, 0x50, 0x00, 0x50, 0x80, 0x00,
  0x00, 0x04, 0x88, 0x50, 0x00, 0x50, 0x88, 0x04, 0x00, 0x04, 0x88, 0x50,
  0x00, 0x50, 0x88, 0x00, 0x00, 0x00, 0x00, 0x50, 0x00, 0x50, 0x08, 0x04,
  0x00, 0x00, 0x00, 0x50, 0x00, 0x50, 0x08, 0x00, 0x00, 0x00, 0x88, 0x50,
  0x00, 0x50, 0x00, 0x00, 0x00, 0x00, 0x88, 0x50, 0x00, 0x50, 0x00, 0x00,
  0x00, 0x00, 0x00, 0x50, 0x00, 0x50, 0x80, 0x00, 0x00, 0x00, 0x00, 0x50,
  0x00, 0x50, 0x80, 0x00, 0x02, 0x04, 0x08, 0x50, 0x00, 0x50, 0x88, 0x04,
  0x02, 0x04, 0x08, 0x50, 0x00, 0x50, 0x88, 0x00, 0x00, 0x00, 0x80, 0x50,
  0x00, 0x50, 0x88, 0x04, 0x00, 0x00, 0x80, 0x50, 0x00, 0x50, 0x88, 0x00,
  0x00, 0x04, 0x08, 0x50, 0x00, 0x50, 0x00, 0x00, 0x00, 0x04, 0x08, 0x50,
  0x00, 0x50, 0x00, 0x00, 0x00, 0x00, 0x80, 0x50, 0x00, 0x50, 0x00, 0x00,
  0x00, 0x00, 0x80, 0x50, 0x00, 0x50, 0x00, 0x00, 0x00, 0x00, 0x88, 0x50,
  0x00, 0x50, 0x08, 0x04, 0x00, 0x00, 0x88, 0x50, 0x00, 0x50, 0x08, 0x00,
  0x00, 0x00, 0x00, 0x50, 0x00, 0x50, 0x88, 0x04, 0x00, 0x00, 0x00, 0x50,
  0x00, 0x50, 0x88, 0x00, 0x00, 0x04, 0x88, 0x50, 0x00, 0x50, 0x80, 0x00,
  0x00, 0x04, 0x88, 0x50, 0x00, 0x50, 0x80, 0x00, 0x00, 0x00, 0x00, 0x50,
  0x00, 0x50, 0x00, 0x00, 0x00, 0x00, 0x00, 0x50, 0x00, 0x50, 0x00, 0x00,
  0x00, 0x00, 0x08, 0x50, 0x00, 0x50, 0x08, 0x04, 0x00, 0x00, 0x08, 0x50,
  0x00, 0x50, 0x08, 0x00, 0x00, 0x00, 0x80, 0x50, 0x00, 0x50, 0x08, 0x04,
  0x00, 0x00, 0x80, 0x50, 0x00, 0x50, 0x08, 0x00, 0x02, 0x04, 0x08, 0x50,
  0x00, 0x50, 0x80, 0x00, 0x02, 0x04, 0x08, 0x50, 0x00, 0x50, 0x80, 0x00,
  0x00, 0x00, 0x80, 0x50, 0x00, 0x50, 0x80, 0x00, 0x00, 0x00, 0x80, 0x50,
  0x00, 0x50, 0x80, 0x00, 0x00, 0x00, 0x88, 0x50, 0x00, 0x50, 0x88, 0x04,
  0x00, 0x00, 0x88, 0x50, 0x00, 0x50, 0x88, 0x00, 0x00, 0x00, 0x00, 0x50,
  0x00, 0x50, 0x08, 0x04, 0x00, 0x00, 0x00, 0x50, 0x00, 0x50, 0x08, 0x00,
  0x00, 0x00, 0x88, 0x50, 0x00, 0x50, 0x00, 0x00, 0x00, 0x00, 0x88, 0x50,
  0x00, 0x50, 0x00, 0x00, 0x00, 0x00, 0x00, 0x50, 0x00, 0x50, 0x80, 0x00,
  0x00, 0x00, 0x00, 0x50, 0x00, 0x50, 0x80, 0x00, 0x00, 0x04, 0x08, 0x50,
  0x00, 0x50, 0x88, 0x04, 0x00, 0x04, 0x08, 0x50, 0x00, 0x50, 0x88, 0x00,
  0x00, 0x00, 0x80, 0x50, 0x00, 0x50, 0x88, 0x04, 0x00, 0x00, 0x80, 0x50,
  0x00, 0x50, 0x88, 0x00, 0x00, 0x00, 0x08, 0x50, 0x00, 0x50, 0x00, 0x00,
  0x00, 0x00, 0x08, 0x50, 0x00, 0x50, 0x00, 0x00, 0x00, 0x00, 0x80, 0x50,
  0x00, 0x50, 0x00, 0x00, 0x00, 0x00, 0x80, 0x50, 0x00, 0x50, 0x00, 0x00,
  0x02, 0x04, 0x88, 0x50, 0x00, 0x50, 0x08, 0x04, 0x02, 0x04, 0x88, 0x50,
  0x00, 0x50, 0x08, 0x00, 0x00, 0x00, 0x00, 0x50, 0x00, 0x50, 0x88, 0x04,
  0x00, 0x00, 0x00, 0x50, 0x00, 0x50, 0x88, 0x00, 0x00, 0x00, 0x88, 0x50,
  0x00, 0x50, 0x80, 0x00, 0x00, 0x00, 0x88, 0x50, 0x00, 0x50, 0x80, 0x00,
  0x00, 0x00, 0x00, 0x50, 0x00, 0x50, 0x00, 0x00, 0x00, 0x00, 0x00, 0x50,
  0x00, 0x50, 0x00, 0x00, 0x00, 0x00, 0x08, 0x50, 0x00, 0x50, 0x08, 0x04,
  0x00, 0x00, 0x08, 0x50, 0x00, 0x50, 0x08, 0x00, 0x00, 0x00, 0x80, 0x50,
  0x00, 0x50, 0x08, 0x04, 0x00, 0x00, 0x80, 0x50, 0x00, 0x50, 0x08, 0x00,
  0x00, 0x04, 0x08, 0x50, 0x00, 0x50, 0x80, 0x00, 0x00, 0x04, 0x08, 0x50,
  0x00, 0x50, 0x80, 0x00, 0x00, 0x00, 0x80, 0x50, 0x00, 0x50, 0x80, 0x00,
  0x00, 0x00, 0x80, 0x50, 0x00, 0x50, 0x80, 0x00, 0x00, 0x00, 0x88, 0x50,
  0x00, 0x50, 0x88, 0x04, 0x00, 0x00, 0x88, 0x50, 0x00, 0x50, 0x88, 0x00,
  0x00, 0x00, 0x00, 0x50, 0x00, 0x50, 0x08, 0x04, 0x00, 0x00, 0x00, 0x50,
  0x00, 0x50, 0x08, 0x00, 0x02, 0x04, 0x88, 0x50, 0x00, 0x50, 0x00, 0x00,
  0x02, 0x04, 0x88, 0x50, 0x00, 0x50, 0x00, 0x00, 0x00, 0x00, 0x00, 0x50,
  0x00, 0x50, 0x80, 0x00, 0x00, 0x00, 0x00, 0x50, 0x00, 0x50, 0x80, 0x00,
  0x00, 0x00, 0x08, 0x50, 0x00, 0x50, 0x88, 0x04, 0x00, 0x00, 0x08, 0x50,
  0x00, 0x50, 0x88, 0x00, 0x00, 0x00, 0x80, 0x50, 0x00, 0x50, 0x88, 0x04,
  0x00, 0x00, 0x80, 0x50, 0x00, 0x50, 0x88, 0x00, 0x00, 0x00, 0x08, 0x50,
  0x00, 0x50, 0x00, 0x00, 0x00, 0x00, 0x08, 0x50, 0x00, 0x50, 0x00, 0x00,
  0x00, 0x00, 0x80, 0x50, 0x00, 0x50, 0x00, 0x00, 0x00, 0x00, 0x80, 0x50,
  0x00, 0x50, 0x00, 0x00, 0x00, 0x04, 0x88, 0x50, 0x00, 0x50, 0x08, 0x04,
  0x00, 0x04, 0x88, 0x50, 0x00, 0x50, 0x08, 0x00, 0x00, 0x00, 0x00, 0x50,
  0x00, 0x50, 0x88, 0x04, 0x00, 0x00, 0x00, 0x50, 0x00, 0x50, 0x88, 0x00,
  0x00, 0x00, 0x88, 0x50, 0x00, 0x50, 0x80, 0x00, 0x00, 0x00, 0x88, 0x50,
  0x00, 0x50, 0x80, 0x00, 0x00, 0x00, 0x00, 0x50, 0x00, 0x50, 0x00, 0x00,
  0x00, 0x00, 0x00, 0x50, 0x00, 0x50, 0x00, 0x00, 0x02, 0x04, 0x08, 0x50,
  0x00, 0x50, 0x08, 0x04, 0x02, 0x04, 0x08, 0x50, 0x00, 0x50, 0x08, 0x00,
  0x00, 0x00, 0x80, 0x50, 0x00, 0x50, 0x08, 0x04, 0x00, 0x00, 0x80, 0x50,
  0x00, 0x50, 0x08, 0x00, 0x00, 0x00, 0x08, 0x50, 0x00, 0x50, 0x80, 0x00,
  0x00, 0x00, 0x08, 0x50, 0x00, 0x50, 0x80, 0x00, 0x00, 0x00, 0x80, 0x50,
  0x00, 0x50, 0x80, 0x00, 0x00, 0x00, 0x80, 0x50, 0x00, 0x50, 0x80, 0x00,
  0x04, 0x08, 0x10, 0xa0, 0x00, 0xa0, 0x10, 0x08, 0x00, 0x00, 0x00, 0xa0,
  0x00, 0xa0, 0x00, 0x00, 0x04, 0x08, 0x10, 0xa0, 0x00, 0xa0, 0x10, 0x00,
  0x00, 0x00, 0x10, 0xa0, 0x00, 0xa0, 0x00, 0x00, 0x00, 0x00, 0x00, 0xa0,
  0x00, 0xa0, 0x10, 0x08, 0x00, 0x00, 0x10, 0xa0, 0x00, 0xa0, 0x00, 0x00,
  0x00, 0x00, 0x00, 0xa0, 0x00, 0xa0, 0x10, 0x00, 0x00, 0x00, 0x00, 0xa0,
  0x00, 0xa0, 0x00, 0x00, 0x00, 0x00, 0x10, 0xa0, 0x00, 0xa0, 0x10, 0x08,
  0x00, 0x00, 0x00, 0xa0, 0x00, 0xa0, 0x00, 0x00, 0x00, 0x00, 0x10, 0xa0,
  0x00, 0xa0, 0x10, 0x00, 0x00, 0x00, 0x10, 0xa0, 0x00, 0xa0, 0x00, 0x00,
  0x00, 0x00, 0x00, 0xa0, 0x00, 0xa0, 0x10, 0x08, 0x00, 0x00, 0x10, 0xa0,
  0x00, 0xa0, 0x00, 0x00, 0x00, 0x00, 0x00, 0xa0, 0x00, 0xa0, 0x10, 0x00,
  0x00, 0x00, 0x00, 0xa0, 0x00, 0xa0, 0x00, 0x00, 0x00, 0x00, 0x10, 0xa0,
  0x00, 0xa0, 0x10, 0x08, 0x00, 0x00, 0x00, 0xa0, 0x00, 0xa0, 0x00, 0x00,
  0x00, 0x00, 0x10, 0xa0, 0x00, 0xa0, 0x10, 0x00, 0x00, 0x08, 0x10, 0xa0,
  0x00, 0xa0, 0x00, 0x00, 0x00, 0x00, 0x00, 0xa0, 0x00, 0xa0, 0x10, 0x08,
  0x00, 0x08, 0x10, 0xa0, 0x00, 0xa0, 0x00, 0x00, 0x00, 0x00, 0x00, 0xa0,
  0x00, 0xa0, 0x10, 0x00, 0x00, 0x00, 0x00, 0xa0, 0x00, 0xa0, 0x00, 0x00,
  0x00, 0x08, 0x10, 0xa0, 0x00, 0xa0, 0x10, 0x08, 0x00, 0x00, 0x00, 0xa0,
  0x00, 0xa0, 0x00, 0x00, 0x00, 0x08, 0x10, 0xa0, 0x00, 0xa0, 0x10, 0x00,
  0x04, 0x08, 0x10, 0xa0, 0x00, 0xa0, 0x00, 0x00, 0x00, 0x00, 0x00, 0xa0,
  0x00, 0xa0, 0x10, 0x08, 0x04, 0x08, 0x10, 0xa0, 0x00, 0xa0, 0x00, 0x00,
  0x00, 0x00, 0x00, 0xa0, 0x00, 0xa0, 0x10, 0x00, 0x00, 0x00, 0x00, 0xa0,
  0x00, 0xa0, 0x00, 0x00, 0x08, 0x10, 0x20, 0x40, 0x00, 0x40, 0x20, 0x10,
  0x08, 0x10, 0x20, 0x40, 0x00, 0x40, 0x00, 0x00, 0x08, 0x10, 0x20, 0x40,
  0x00, 0x40, 0x20, 0x00, 0x08, 0x10, 0x20, 0x40, 0x00, 0x40, 0x00, 0x00,
  0x00, 0x00, 0x00, 0x40, 0x00, 0x40, 0x20, 0x10, 0x00, 0x00, 0x00, 0x40,
  0x00, 0x40, 0x00, 0x00, 0x00, 0x00, 0x00, 0x40, 0x00, 0x40, 0x20, 0x00,
  0x00, 0x00, 0x00, 0x40, 0x00, 0x40, 0x00, 0x00, 0x00, 0x00, 0x20, 0x40,
  0x00, 0x40, 0x20, 0x10, 0x00, 0x00, 0x20, 0x40, 0x00, 0x40, 0x00, 0x00,
  0x00, 0x00, 0x20, 0x40, 0x00, 0x40, 0x20, 0x00, 0x00, 0x00, 0x20, 0x40,
  0x00, 0x40, 0x00, 0x00, 0x00, 0x00, 0x00, 0x40, 0x00, 0x40, 0x20, 0x10,
  0x00, 0x00, 0x00, 0x40, 0x00, 0x40, 0x00, 0x00, 0x00, 0x00, 0x00, 0x40,
  0x00, 0x40, 0x20, 0x00, 0x00, 0x00, 0x00, 0x40, 0x00, 0x40, 0x00, 0x00,
  0x00, 0x10, 0x20, 0x40, 0x00, 0x40, 0x20, 0x10, 0x00, 0x10, 0x20, 0x40,
  0x00, 0x40, 0x00, 0x00, 0x00, 0x10, 0x20, 0x40, 0x00, 0x40, 0x20, 0x00,
  0x00, 0x10, 0x20, 0x40, 0x00, 0x40, 0x00, 0x00, 0x00, 0x00, 0x00, 0x40,
  0x00, 0x40, 0x20, 0x10, 0x00, 0x00, 0x00, 0x40, 0x00, 0x40, 0x00, 0x00,
  0x00, 0x00, 0x00, 0x40, 0x00, 0x40, 0x20, 0x00, 0x00, 0x00, 0x00, 0x40,
  0x00, 0x40, 0x00, 0x00, 0x00, 0x00, 0x20, 0x40, 0x00, 0x40, 0x20, 0x10,
  0x00, 0x00, 0x20, 0x40, 0x00, 0x40, 0x00, 0x00, 0x00, 0x00, 0x20, 0x40,
  0x00, 0x40, 0x20, 0x00, 0x00, 0x00, 0x20, 0x40, 0x00, 0x40, 0x00, 0x00,
  0x00, 0x00, 0x00, 0x40, 0x00, 0x40, 0x20, 0x10, 0x00, 0x00, 0x00, 0x40,
  0x00, 0x40, 0x00, 0x00, 0x00, 0x00, 0x00, 0x40, 0x00, 0x40, 0x20, 0x00,
  0x00, 0x00, 0x00, 0x40, 0x00, 0x40, 0x00, 0x00, 0x20, 0x10, 0x08, 0x04,
  0x02, 0x00, 0x02, 0x04, 0x00, 0x10, 0x08, 0x04, 0x02, 0x00, 0x02, 0x04,
  0x00, 0x00, 0x00, 0x00, 0x02, 0x00, 0x02, 0x04, 0x00, 0x00, 0x00, 0x00,
  0x02, 0x00, 0x02, 0x04, 0x00, 0x00, 0x00, 0x04, 0x02, 0x00, 0x02, 0x04,
  0x00, 0x00, 0x00, 0x04, 0x02, 0x00, 0x02, 0x04, 0x00, 0x00, 0x00, 0x00,
  0x02, 0x00, 0x02, 0x04, 0x00, 0x00, 0x00, 0x00, 0x02, 0x00, 0x02, 0x04,
  0x20, 0x10, 0x08, 0x04, 0x02, 0x00, 0x02, 0x00, 0x00, 0x10, 0x08, 0x04,
  0x02, 0x00, 0x02, 0x00, 0x00, 0x00, 0x00, 0x00, 0x02, 0x00, 0x02, 0x00,
  0x00, 0x00, 0x00, 0x00, 0x02, 0x00, 0x02, 0x00, 0x00, 0x00, 0x00, 0x04,
  0x02, 0x00, 0x02, 0x00, 0x00, 0x00, 0x00, 0x04, 0x02, 0x00, 0x02, 0x00,
  0x00, 0x00, 0x00, 0x00, 0x02, 0x00, 0x02, 0x00, 0x00, 0x00, 0x00, 0x00,
  0x02, 0x00, 0x02, 0x00, 0x00, 0x00, 0x08, 0x04, 0x02, 0x00, 0x02, 0x04,
  0x00, 0x00, 0x08, 0x04, 0x02, 0x00, 0x02, 0x04, 0x00, 0x00, 0x00, 0x00,
  0x02, 0x00, 0x02, 0x04, 0x00, 0x00, 0x00, 0x00, 0x02, 0x00, 0x02, 0x04,
  0x00, 0x00, 0x00, 0x04, 0x02, 0x00, 0x02, 0x04, 0x00, 0x00, 0x00, 0x04,
  0x02, 0x00, 0x02, 0x04, 0x00, 0x00, 0x00, 0x00, 0x02, 0x00, 0x02, 0x04,
  0x00, 0x00, 0x00, 0x00, 0x02, 0x00, 0x02, 0x04, 0x00, 0x00, 0x08, 0x04,
  0x02, 0x00, 0x02, 0x00, 0x00, 0x00, 0x08, 0x04, 0x02, 0x00, 0x02, 0x00,
  0x00, 0x00, 0x00, 0x00, 0x02, 0x00, 0x02, 0x00, 0x00, 0x00, 0x00, 0x00,
  0x02, 0x00, 0x02, 0x00, 0x00, 0x00, 0x00, 0x04, 0x02, 0x00, 0x02, 0x00,
  0x00, 0x00, 0x00, 0x04, 0x02, 0x00, 0x02, 0x00, 0x00, 0x00, 0x00, 0x00,
  0x02, 0x00, 0x02, 0x00, 0x00, 0x00, 0x00, 0x00, 0x02, 0x00, 0x02, 0x00,
  0x40, 0x20, 0x10, 0x08, 0x05, 0x00, 0x05, 0x08, 0x00, 0x00, 0x00, 0x00,
  0x05, 0x00, 0x05, 0x00, 0x00, 0x00, 0x00, 0x08, 0x05, 0x00, 0x05, 0x08,
  0x00, 0x00, 0x00, 0x00, 0x05, 0x00, 0x05, 0x00, 0x00, 0x20, 0x10, 0x08,
  0x05, 0x00, 0x05, 0x00, 0x00, 0x00, 0x00, 0x00, 0x05, 0x00, 0x05, 0x08,
  0x00, 0x00, 0x00, 0x08, 0x05, 0x00, 0x05, 0x00, 0x00, 0x00, 0x00, 0x00,
  0x05, 0x00, 0x05, 0x08, 0x00, 0x00, 0x10, 0x08, 0x05, 0x00, 0x05, 0x00,
  0x00, 0x00, 0x00, 0x00, 0x05, 0x00, 0x05, 0x08, 0x00, 0x00, 0x00, 0x08,
  0x05, 0x00, 0x05, 0x00, 0x00, 0x00, 0x00, 0x00, 0x05, 0x00, 0x05, 0x08,
  0x00, 0x00, 0x10, 0x08, 0x05, 0x00, 0x05, 0x08, 0x00, 0x00, 0x00, 0x00,
  0x05, 0x00, 0x05, 0x00, 0x00, 0x00, 0x00, 0x08, 0x05, 0x00, 0x05, 0x08,
  0x00, 0x00, 0x00, 0x00, 0x05, 0x00, 0x05, 0x00, 0x40, 0x20, 0x10, 0x08,
  0x05, 0x00, 0x05, 0x00, 0x00, 0x00, 0x00, 0x00, 0x05, 0x00, 0x05, 0x08,
  0x00, 0x00, 0x00, 0x08, 0x05, 0x00, 0x05, 0x00, 0x00, 0x00, 0x00, 0x00,
  0x05, 0x00, 0x05, 0x08, 0x00, 0x20, 0x10, 0x08, 0x05, 0x00, 0x05, 0x08,
  0x00, 0x00, 0x00, 0x00, 0x05, 0x00, 0x05, 0x00, 0x00, 0x00, 0x00, 0x08,
  0x05, 0x00, 0x05, 0x08, 0x00, 0x00, 0x00, 0x00, 0x05, 0x00, 0x05, 0x00,
  0x00, 0x00, 0x10, 0x08, 0x05, 0x00, 0x05, 0x08, 0x00, 0x00, 0x00, 0x00,
  0x05, 0x00, 0x05, 0x00, 0x00, 0x00, 0x00, 0x08, 0x05, 0x00, 0x05, 0x08,
  0x00, 0x00, 0x00, 0x00, 0x05, 0x00, 0x05, 0x00, 0x00, 0x00, 0x10, 0x08,
  0x05, 0x00, 0x05, 0x00, 0x00, 0x00, 0x00, 0x00, 0x05, 0x00, 0x05, 0x08,
  0x00, 0x00, 0x00, 0x08, 0x05, 0x00, 0x05, 0x00, 0x00, 0x00, 0x00, 0x00,
  0x05, 0x00, 0x05, 0x08, 0x80, 0x40, 0x20, 0x11, 0x0a, 0x00, 0x0a, 0x11,
  0x80, 0x40, 0x20, 0x10, 0x0a, 0x00, 0x0a, 0x11, 0x00, 0x00, 0x20, 0x11,
  0x0a, 0x00, 0x0a, 0x11, 0x00, 0x00, 0x20, 0x10, 0x0a, 0x00, 0x0a, 0x11,
  0x00, 0x00, 0x00, 0x01, 0x0a, 0x00, 0x0a, 0x11, 0x00, 0x00, 0x00, 0x00,
  0x0a, 0x00, 0x0a, 0x11, 0x00, 0x00, 0x00, 0x01, 0x0a, 0x00, 0x0a, 0x11,
  0x00, 0x00, 0x00, 0x00, 0x0a, 0x00, 0x0a, 0x11, 0x80, 0x40, 0x20, 0x11,
  0x0a, 0x00, 0x0a, 0x10, 0x80, 0x40, 0x20, 0x10, 0x0a, 0x00, 0x0a, 0x10,
  0x00, 0x00, 0x20, 0x11, 0x0a, 0x00, 0x0a, 0x10, 0x00, 0x00, 0x20, 0x10,
  0x0a, 0x00, 0x0a, 0x10, 0x00, 0x00, 0x00, 0x01, 0x0a, 0x00, 0x0a, 0x10,
  0x00, 0x00, 0x00, 0x00, 0x0a, 0x00, 0x0a, 0x10, 0x00, 0x00, 0x00, 0x01,
  0x0a, 0x00, 0x0a, 0x10, 0x00, 0x00, 0x00, 0x00, 0x0a, 0x00, 0x0a, 0x10,
  0x00, 0x00, 0x00, 0x11, 0x0a, 0x00, 0x0a, 0x11, 0x00, 0x00, 0x00, 0x10,
  0x0a, 0x00, 0x0a, 0x11, 0x00, 0x00, 0x00, 0x11, 0x0a, 0x00, 0x0a, 0x11,
  0x00, 0x00, 0x00, 0x10, 0x0a, 0x00, 0x0a, 0x11, 0x00, 0x00, 0x00, 0x01,
  0x0a, 0x00, 0x0a, 0x11, 0x00, 0x00, 0x00, 0x00, 0x0a, 0x00, 0x0a, 0x11,
  0x00, 0x00, 0x00, 0x01, 0x0a, 0x00, 0x0a, 0x11, 0x00, 0x00, 0x00, 0x00,
  0x0a, 0x00, 0x0a, 0x11, 0x00, 0x00, 0x00, 0x11, 0x0a, 0x00, 0x0a, 0x10,
  0x00, 0x00, 0x00, 0x10, 0x0a, 0x00, 0x0a, 0x10, 0x00, 0x00, 0x00, 0x11,
  0x0a, 0x00, 0x0a, 0x10, 0x00, 0x00, 0x00, 0x10, 0x0a, 0x00, 0x0a, 0x10,
  0x00, 0x00, 0x00, 0x01, 0x0a, 0x00, 0x0a, 0x10, 0x00, 0x00, 0x00, 0x00,
  0x0a, 0x00, 0x0a, 0x10, 0x00, 0x00, 0x00, 0x01, 0x0a, 0x00, 0x0a, 0x10,
  0x00, 0x00, 0x00, 0x00, 0x0a, 0x00, 0x0a, 0x10, 0x80, 0x40, 0x20, 0x11,
  0x0a, 0x00, 0x0a, 0x01, 0x80, 0x40, 0x20, 0x10, 0x0a, 0x00, 0x0a, 0x01,
  0x00, 0x00, 0x20, 0x11, 0x0a, 0x00, 0x0a, 0x01, 0x00, 0x00, 0x20, 0x10,
  0x0a, 0x00, 0x0a, 0x01, 0x00, 0x00, 0x00, 0x01, 0x0a, 0x00, 0x0a, 0x01,
  0x00, 0x00, 0x00, 0x00, 0x0a, 0x00, 0x0a, 0x01, 0x00, 0x00, 0x00, 0x01,
  0x0a, 0x00, 0x0a, 0x01, 0x00, 0x00, 0x00, 0x00, 0x0a, 0x00, 0x0a, 0x01,
  0x80, 0x40, 0x20, 0x11, 0x0a, 0x00, 0x0a, 0x00, 0x80, 0x40, 0x20, 0x10,
  0x0a, 0x00, 0x0a, 0x00, 0x00, 0x00, 0x20, 0x11, 0x0a, 0x00, 0x0a, 0x00,
  0x00, 0x00, 0x20, 0x10, 0x0a, 0x00, 0x0a, 0x00, 0x00, 0x00, 0x00, 0x01,
  0x0a, 0x00, 0x0a, 0x00, 0x00, 0x00, 0x00, 0x00, 0x0a, 0x00, 0x0a, 0x00,
  0x00, 0x00, 0x00, 0x01, 0x0a, 0x00, 0x0a, 0x00, 0x00, 0x00, 0x00, 0x00,
  0x0a, 0x00, 0x0a, 0x00, 0x00, 0x00, 0x00, 0x11, 0x0a, 0x00, 0x0a, 0x01,
  0x00, 0x00, 0x00, 0x10, 0x0a, 0x00, 0x0a, 0x01, 0x00, 0x00, 0x00, 0x11,
  0x0a, 0x00, 0x0a, 0x01, 0x00, 0x00, 0x00, 0x10, 0x0a, 0x00, 0x0a, 0x01,
  0x00, 0x00, 0x00, 0x01, 0x0a, 0x00, 0x0a, 0x01, 0x00, 0x00, 0x00, 0x00,
  0x0a, 0x00, 0x0a, 0x01, 0x00, 0x00, 0x00, 0x01, 0x0a, 0x00, 0x0a, 0x01,
  0x00, 0x00, 0x00, 0x00, 0x0a, 0x00, 0x0a, 0x01, 0x00, 0x00, 0x00, 0x11,
  0x0a, 0x00, 0x0a, 0x00, 0x00, 0x00, 0x00, 0x10, 0x0a, 0x00, 0x0a, 0x00,
  0x00, 0x00, 0x00, 0x11, 0x0a, 0x00, 0x0a, 0x00, 0x00, 0x00, 0x00, 0x10,
  0x0a, 0x00, 0x0a, 0x00, 0x00, 0x00, 0x00, 0x01, 0x0a, 0x00, 0x0a, 0x00,
  0x00, 0x00, 0x00, 0x00, 0x0a, 0x00, 0x0a, 0x00, 0x00, 0x00, 0x00, 0x01,
  0x0a, 0x00, 0x0a, 0x00, 0x00, 0x00, 0x00, 0x00, 0x0a, 0x00, 0x0a, 0x00,
  0x00, 0x40, 0x20, 0x11, 0x0a, 0x00, 0x0a, 0x11, 0x00, 0x40, 0x20, 0x10,
  0x0a, 0x00, 0x0a, 0x11, 0x00, 0x00, 0x20, 0x11, 0x0a, 0x00, 0x0a, 0x11,
  0x00, 0x00, 0x20, 0x10, 0x0a, 0x00, 0x0a, 0x11, 0x00, 0x00, 0x00, 0x01,
  0x0a, 0x00, 0x0a, 0x11, 0x00, 0x00, 0x00, 0x00, 0x0a, 0x00, 0x0a, 0x11,
  0x00, 0x00, 0x00, 0x01, 0x0a, 0x00, 0x0a, 0x11, 0x00, 0x00, 0x00, 0x00,
  0x0a, 0x00, 0x0a, 0x11, 0x00, 0x40, 0x20, 0x11, 0x0a, 0x00, 0x0a, 0x10,
  0x00, 0x40, 0x20, 0x10, 0x0a, 0x00, 0x0a, 0x10, 0x00, 0x00, 0x20, 0x11,
  0x0a, 0x00, 0x0a, 0x10, 0x00, 0x00, 0x20, 0x10, 0x0a, 0x00, 0x0a, 0x10,
  0x00, 0x00, 0x00, 0x01, 0x0a, 0x00, 0x0a, 0x10, 0x00, 0x00, 0x00, 0x00,
  0x0a, 0x00, 0x0a, 0x10, 0x00, 0x00, 0x00, 0x01, 0x0a, 0x00, 0x0a, 0x10,
  0x00, 0x00, 0x00, 0x00, 0x0a, 0x00, 0x0a, 0x10, 0x00, 0x00, 0x00, 0x11,
  0x0a, 0x00, 0x0a, 0x11, 0x00, 0x00, 0x00, 0x10, 0x0a, 0x00, 0x0a, 0x11,
  0x00, 0x00, 0x00, 0x11, 0x0a, 0x00, 0x0a, 0x11, 0x00, 0x00, 0x00, 0x10,
  0x0a, 0x00, 0x0a, 0x11, 0x00, 0x00, 0x00, 0x01, 0x0a, 0x00, 0x0a, 0x11,
  0x00, 0x00, 0x00, 0x00, 0x0a, 0x00, 0x0a, 0x11, 0x00, 0x00, 0x00, 0x01,
  0x0a, 0x00, 0x0a, 0x11, 0x00, 0x00, 0x00, 0x00, 0x0a, 0x00, 0x0a, 0x11,
  0x00, 0x00, 0x00, 0x11, 0x0a, 0x00, 0x0a, 0x10, 0x00, 0x00, 0x00, 0x10,
  0x0a, 0x00, 0x0a, 0x10, 0x00, 0x00, 0x00, 0x11, 0x0a, 0x00, 0x0a, 0x10,
  0x00, 0x00, 0x00, 0x10, 0x0a, 0x00, 0x0a, 0x10, 0x00, 0x00, 0x00, 0x01,
  0x0a, 0x00, 0x0a, 0x10, 0x00, 0x00, 0x00, 0x00, 0x0a, 0x00, 0x0a, 0x10,
  0x00, 0x00, 0x00, 0x01, 0x0a, 0x00, 0x0a, 0x10, 0x00, 0x00, 0x00, 0x00,
  0x0a, 0x00, 0x0a, 0x10, 0x00, 0x40, 0x20, 0x11, 0x0a, 0x00, 0x0a, 0x01,
  0x00, 0x40, 0x20, 0x10, 0x0a, 0x00, 0x0a, 0x01, 0x00, 0x00, 0x20, 0x11,
  0x0a, 0x00, 0x0a, 0x01, 0x00, 0x00, 0x20, 0x10, 0x0a, 0x00, 0x0a, 0x01,
  0x00, 0x00, 0x00, 0x01, 0x0a, 0x00, 0x0a, 0x01, 0x00, 0x00, 0x00, 0x00,
  0x0a, 0x00, 0x0a, 0x01, 0x00, 0x00, 0x00, 0x01, 0x0a, 0x00, 0x0a, 0x01,
  0x00, 0x00, 0x00, 0x00, 0x0a, 0x00, 0x0a, 0x01, 0x00, 0x40, 0x20, 0x11,
  0x0a, 0x00, 0x0a, 0x00, 0x00, 0x40, 0x20, 0x10, 0x0a, 0x00, 0x0a, 0x00,
  0x00, 0x00, 0x20, 0x11, 0x0a, 0x00, 0x0a, 0x00, 0x00, 0x00, 0x20, 0x10,
  0x0a, 0x00, 0x0a, 0x00, 0x00, 0x00, 0x00, 0x01, 0x0a, 0x00, 0x0a, 0x00,
  0x00, 0x00, 0x00, 0x00, 0x0a, 0x00, 0x0a, 0x00, 0x00, 0x00, 0x00, 0x01,
  0x0a, 0x00, 0x0a, 0x00, 0x00, 0x00, 0x00, 0x00, 0x0a, 0x00, 0x0a, 0x00,
  0x00, 0x00, 0x00, 0x11, 0x0a, 0x00, 0x0a, 0x01, 0x00, 0x00, 0x00, 0x10,
  0x0a, 0x00, 0x0a, 0x01, 0x00, 0x00, 0x00, 0x11, 0x0a, 0x00, 0x0a, 0x01,
  0x00, 0x00, 0x00, 0x10, 0x0a, 0x00, 0x0a, 0x01, 0x00, 0x00, 0x00, 0x01,
  0x0a, 0x00, 0x0a, 0x01, 0x00, 0x00, 0x00, 0x00, 0x0a, 0x00, 0x0a, 0x01,
  0x00, 0x00, 0x00, 0x01, 0x0a, 0x00, 0x0a, 0x01, 0x00, 0x00, 0x00, 0x00,
  0x0a, 0x00, 0x0a, 0x01, 0x00, 0x00, 0x00, 0x11, 0x0a, 0x00, 0x0a, 0x00,
  0x00, 0x00, 0x00, 0x10, 0x0a, 0x00, 0x0a, 0x00, 0x00, 0x00, 0x00, 0x11,
  0x0a, 0x00, 0x0a, 0x00, 0x00, 0x00, 0x00, 0x10, 0x0a, 0x00, 0x0a, 0x00,
  0x00, 0x00, 0x00, 0x01, 0x0a, 0x00, 0x0a, 0x00, 0x00, 0x00, 0x00, 0x00,
  0x0a, 0x00, 0x0a, 0x00, 0x00, 0x00, 0x00, 0x01, 0x0a, 0x00, 0x0a, 0x00,
  0x00, 0x00, 0x00, 0x00, 0x0a, 0x00, 0x0a, 0x00, 0x00, 0x80, 0x41, 0x22,
  0x14, 0x00, 0x14, 0x22, 0x00, 0x00, 0x00, 0x02, 0x14, 0x00, 0x14, 0x02,
  0x00, 0x00, 0x01, 0x02, 0x14, 0x00, 0x14, 0x00, 0x00, 0x00, 0x00, 0x22,
  0x14, 0x00, 0x14, 0x00, 0x00, 0x00, 0x41, 0x22, 0x14, 0x00, 0x14, 0x22,
  0x00, 0x00, 0x00, 0x02, 0x14, 0x00, 0x14, 0x02, 0x00, 0x00, 0x01, 0x02,
  0x14, 0x00, 0x14, 0x00, 0x00, 0x00, 0x00, 0x22, 0x14, 0x00, 0x14, 0x00,
  0x00, 0x80, 0x40, 0x20, 0x14, 0x00, 0x14, 0x02, 0x00, 0x00, 0x00, 0x00,
  0x14, 0x00, 0x14, 0x22, 0x00, 0x00, 0x00, 0x00, 0x14, 0x00, 0x14, 0x20,
  0x00, 0x00, 0x00, 0x20, 0x14, 0x00, 0x14, 0x20, 0x00, 0x00, 0x40, 0x20,
  0x14, 0x00, 0x14, 0x02, 0x00, 0x00, 0x00, 0x00, 0x14, 0x00, 0x14, 0x22,
  0x00, 0x00, 0x00, 0x00, 0x14, 0x00, 0x14, 0x20, 0x00, 0x00, 0x00, 0x20,
  0x14, 0x00, 0x14, 0x20, 0x00, 0x80, 0x41, 0x22, 0x14, 0x00, 0x14, 0x20,
  0x00, 0x00, 0x00, 0x02, 0x14, 0x00, 0x14, 0x00, 0x00, 0x00, 0x01, 0x22,
  0x14, 0x00, 0x14, 0x22, 0x00, 0x00, 0x00, 0x02, 0x14, 0x00, 0x14, 0x02,
  0x00, 0x00, 0x41, 0x22, 0x14, 0x00, 0x14, 0x20, 0x00, 0x00, 0x00, 0x02,
  0x14, 0x00, 0x14, 0x00, 0x00, 0x00, 0x01, 0x22, 0x14, 0x00, 0x14, 0x22,
  0x00, 0x00, 0x00, 0x02, 0x14, 0x00, 0x14, 0x02, 0x00, 0x80, 0x40, 0x20,
  0x14, 0x00, 0x14, 0x00, 0x00, 0x00, 0x00, 0x00, 0x14, 0x00, 0x14, 0x20,
  0x00, 0x00, 0x00, 0x20, 0x14, 0x00, 0x14, 0x02, 0x00, 0x00, 0x00, 0x00,
  0x14, 0x00, 0x14, 0x22, 0x00, 0x00, 0x40, 0x20, 0x14, 0x00, 0x14, 0x00,
  0x00, 0x00, 0x00, 0x00, 0x14, 0x00, 0x14, 0x20, 0x00, 0x00, 0x00, 0x20,
  0x14, 0x00, 0x14, 0x02, 0x00, 0x00, 0x00, 0x00, 0x14, 0x00, 0x14, 0x22,
  0x00, 0x00, 0x01, 0x02, 0x14, 0x00, 0x14, 0x22, 0x00, 0x80, 0x40, 0x22,
  0x14, 0x00, 0x14, 0x22, 0x00, 0x00, 0x01, 0x22, 0x14, 0x00, 0x14, 0x20,
  0x00, 0x00, 0x00, 0x02, 0x14, 0x00, 0x14, 0x00, 0x00, 0x00, 0x01, 0x02,
  0x14, 0x00, 0x14, 0x22, 0x00, 0x00, 0x40, 0x22, 0x14, 0x00, 0x14, 0x22,
  0x00, 0x00, 0x01, 0x22, 0x14, 0x00, 0x14, 0x20, 0x00, 0x00, 0x00, 0x02,
  0x14, 0x00, 0x14, 0x00, 0x00, 0x00, 0x00, 0x00, 0x14, 0x00, 0x14, 0x02,
  0x00, 0x80, 0x40, 0x20, 0x14, 0x00, 0x14, 0x02, 0x00, 0x00, 0x00, 0x20,
  0x14, 0x00, 0x14, 0x00, 0x00, 0x00, 0x00, 0x00, 0x14, 0x00, 0x14, 0x20,
  0x00, 0x00, 0x00, 0x00, 0x14, 0x00, 0x14, 0x02, 0x00, 0x00, 0x40, 0x20,
  0x14, 0x00, 0x14, 0x02, 0x00, 0x00, 0x00, 0x20, 0x14, 0x00, 0x14, 0x00,
  0x00, 0x00, 0x00, 0x00, 0x14, 0x00, 0x14, 0x20, 0x00, 0x00, 0x01, 0x02,
  0x14, 0x00, 0x14, 0x20, 0x00, 0x80, 0x40, 0x22, 0x14, 0x00, 0x14, 0x20,
  0x00, 0x00, 0x01, 0x02, 0x14, 0x00, 0x14, 0x22, 0x00, 0x00, 0x00, 0x22,
  0x14, 0x00, 0x14, 0x22, 0x00, 0x00, 0x01, 0x02, 0x14, 0x00, 0x14, 0x20,
  0x00, 0x00, 0x40, 0x22, 0x14, 0x00, 0x14, 0x20, 0x00, 0x00, 0x01, 0x02,
  0x14, 0x00, 0x14, 0x22, 0x00, 0x00, 0x00, 0x22, 0x14, 0x00, 0x14, 0x22,
  0x00, 0x00, 0x00, 0x00, 0x14, 0x00, 0x14, 0x00, 0x00, 0x80, 0x40, 0x20,
  0x14, 0x00, 0x14, 0x00, 0x00, 0x00, 0x00, 0x00, 0x14, 0x00, 0x14, 0x02,
  0x00, 0x00, 0x00, 0x20, 0x14, 0x00, 0x14, 0x02, 0x00, 0x00, 0x00, 0x00,
  0x14, 0x00, 0x14, 0x00, 0x00, 0x00, 0x40, 0x20, 0x14, 0x00, 0x14, 0x00,
  0x00, 0x00, 0x00, 0x00, 0x14, 0x00, 0x14, 0x02, 0x00, 0x00, 0x00, 0x20,
  0x14, 0x00, 0x14, 0x02, 0x00, 0x80, 0x41, 0x22, 0x14, 0x00, 0x14, 0x02,
  0x00, 0x00, 0x00, 0x02, 0x14, 0x00, 0x14, 0x22, 0x00, 0x00, 0x01, 0x02,
  0x14, 0x00, 0x14, 0x20, 0x00, 0x00, 0x00, 0x22, 0x14, 0x00, 0x14, 0x20,
  0x00, 0x00, 0x41, 0x22, 0x14, 0x00, 0x14, 0x02, 0x00, 0x00, 0x00, 0x02,
  0x14, 0x00, 0x14, 0x22, 0x00, 0x00, 0x01, 0x02, 0x14, 0x00, 0x14, 0x20,
  0x00, 0x00, 0x00, 0x22, 0x14, 0x00, 0x14, 0x20, 0x00, 0x80, 0x40, 0x20,
  0x14, 0x00, 0x14, 0x22, 0x00, 0x00, 0x00, 0x00, 0x14, 0x00, 0x14, 0x02,
  0x00, 0x00, 0x00, 0x00, 0x14, 0x00, 0x14, 0x00, 0x00, 0x00, 0x00, 0x20,
  0x14, 0x00, 0x14, 0x00, 0x00, 0x00, 0x40, 0x20, 0x14, 0x00, 0x14, 0x22,
  0x00, 0x00, 0x00, 0x00, 0x14, 0x00, 0x14, 0x02, 0x00, 0x00, 0x00, 0x00,
  0x14, 0x00, 0x14, 0x00, 0x00, 0x00, 0x00, 0x20, 0x14, 0x00, 0x14, 0x00,
  0x00, 0x80, 0x41, 0x22, 0x14, 0x00, 0x14, 0x00, 0x00, 0x00, 0x00, 0x02,
  0x14, 0x00, 0x14, 0x20, 0x00, 0x00, 0x01, 0x22, 0x14, 0x00, 0x14, 0x02,
  0x00, 0x00, 0x00, 0x02, 0x14, 0x00, 0x14, 0x22, 0x00, 0x00, 0x41, 0x22,
  0x14, 0x00, 0x14, 0x00, 0x00, 0x00, 0x00, 0x02, 0x14, 0x00, 0x14, 0x20,
  0x00, 0x00, 0x01, 0x22, 0x14, 0x00, 0x14, 0x02, 0x00, 0x00, 0x00, 0x02,
  0x14, 0x00, 0x14, 0x22, 0x00, 0x80, 0x40, 0x20, 0x14, 0x00, 0x14, 0x20,
  0x00, 0x00, 0x00, 0x00, 0x14, 0x00, 0x14, 0x00, 0x00, 0x00, 0x00, 0x20,
  0x14, 0x00, 0x14, 0x22, 0x00, 0x00, 0x00, 0x00, 0x14, 0x00, 0x14, 0x02,
  0x00, 0x00, 0x40, 0x20, 0x14, 0x00, 0x14, 0x20, 0x00, 0x00, 0x00, 0x00,
  0x14, 0x00, 0x14, 0x00, 0x00, 0x00, 0x00, 0x20, 0x14, 0x00, 0x14, 0x22,
  0x00, 0x00, 0x00, 0x00, 0x14, 0x00, 0x14, 0x02, 0x00, 0x00, 0x01, 0x02,
  0x14, 0x00, 0x14, 0x02, 0x00, 0x80, 0x40, 0x22, 0x14, 0x00, 0x14, 0x02,
  0x00, 0x00, 0x01, 0x22, 0x14, 0x00, 0x14, 0x00, 0x00, 0x00, 0x00, 0x02,
  0x14, 0x00, 0x14, 0x20, 0x00, 0x00, 0x01, 0x02, 0x14, 0x00, 0x14, 0x02,
  0x00, 0x00, 0x40, 0x22, 0x14, 0x00, 0x14, 0x02, 0x00, 0x00, 0x01, 0x22,
  0x14, 0x00, 0x14, 0x00, 0x00, 0x00, 0x00, 0x02, 0x14, 0x00, 0x14, 0x20,
  0x00, 0x00, 0x00, 0x00, 0x14, 0x00, 0x14, 0x22, 0x00, 0x80, 0x40, 0x20,
  0x14, 0x00, 0x14, 0x22, 0x00, 0x00, 0x00, 0x20, 0x14, 0x00, 0x14, 0x20,
  0x00, 0x00, 0x00, 0x00, 0x14, 0x00, 0x14, 0x00, 0x00, 0x00, 0x00, 0x00,
  0x14, 0x00, 0x14, 0x22, 0x00, 0x00, 0x40, 0x20, 0x14, 0x00, 0x14, 0x22,
  0x00, 0x00, 0x00, 0x20, 0x14, 0x00, 0x14, 0x20, 0x00, 0x00, 0x00, 0x00,
  0x14, 0x00, 0x14, 0x00, 0x00, 0x00, 0x01, 0x02, 0x14, 0x00, 0x14, 0x00,
  0x00, 0x80, 0x40, 0x22, 0x14, 0x00, 0x14, 0x00, 0x00, 0x00, 0x01, 0x02,
  0x14, 0x00, 0x14, 0x02, 0x00, 0x00, 0x00, 0x22, 0x14, 0x00, 0x14, 0x02,
  0x00, 0x00, 0x01, 0x02, 0x14, 0x00, 0x14, 0x00, 0x00, 0x00, 0x40, 0x22,
  0x14, 0x00, 0x14, 0x00, 0x00, 0x00, 0x01, 0x02, 0x14, 0x00, 0x14, 0x02,
  0x00, 0x00, 0x00, 0x22, 0x14, 0x00, 0x14, 0x02, 0x00, 0x00, 0x00, 0x00,
  0x14, 0x00, 0x14, 0x20, 0x00, 0x80, 0x40, 0x20, 0x14, 0x00, 0x14, 0x20,
  0x00, 0x00, 0x00, 0x00, 0x14, 0x00, 0x14, 0x22, 0x00, 0x00, 0x00, 0x20,
  0x14, 0x00, 0x14, 0x22, 0x00, 0x00, 0x00, 0x00, 0x14, 0x00, 0x14, 0x20,
  0x00, 0x00, 0x40, 0x20, 0x14, 0x00, 0x14, 0x20, 0x00, 0x00, 0x00, 0x00,
  0x14, 0x00, 0x14, 0x22, 0x00, 0x00, 0x00, 0x20, 0x14, 0x00, 0x14, 0x22,
  0x00, 0x01, 0x82, 0x44, 0x28, 0x00, 0x28, 0x44, 0x00, 0x00, 0x02, 0x44,
  0x28, 0x00, 0x28, 0x04, 0x00, 0x00, 0x80, 0x44, 0x28, 0x00, 0x28, 0x44,
  0x00, 0x00, 0x00, 0x44, 0x28, 0x00, 0x28, 0x04, 0x00, 0x00, 0x80, 0x40,
  0x28, 0x00, 0x28, 0x04, 0x00, 0x00, 0x00, 0x40, 0x28, 0x00, 0x28, 0x44,
  0x00, 0x00, 0x80, 0x40, 0x28, 0x00, 0x28, 0x04, 0x00, 0x00, 0x00, 0x40,
  0x28, 0x00, 0x28, 0x44, 0x00, 0x00, 0x82, 0x44, 0x28, 0x00, 0x28, 0x40,
  0x00, 0x01, 0x02, 0x44, 0x28, 0x00, 0x28, 0x00, 0x00, 0x00, 0x80, 0x44,
  0x28, 0x00, 0x28, 0x40, 0x00, 0x00, 0x00, 0x44, 0x28, 0x00, 0x28, 0x00,
  0x00, 0x00, 0x80, 0x40, 0x28, 0x00, 0x28, 0x00, 0x00, 0x00, 0x00, 0x40,
  0x28, 0x00, 0x28, 0x40, 0x00, 0x00, 0x80, 0x40, 0x28, 0x00, 0x28, 0x00,
  0x00, 0x00, 0x00, 0x40, 0x28, 0x00, 0x28, 0x40, 0x00, 0x01, 0x02, 0x04,
  0x28, 0x00, 0x28, 0x44, 0x00, 0x00, 0x02, 0x04, 0x28, 0x00, 0x28, 0x04,
  0x00, 0x00, 0x00, 0x04, 0x28, 0x00, 0x28, 0x44, 0x00, 0x00, 0x00, 0x04,
  0x28, 0x00, 0x28, 0x04, 0x00, 0x00, 0x00, 0x00, 0x28, 0x00, 0x28, 0x04,
  0x00, 0x00, 0x00, 0x00, 0x28, 0x00, 0x28, 0x44, 0x00, 0x00, 0x00, 0x00,
  0x28, 0x00, 0x28, 0x04, 0x00, 0x00, 0x00, 0x00, 0x28, 0x00, 0x28, 0x44,
  0x00, 0x00, 0x02, 0x04, 0x28, 0x00, 0x28, 0x40, 0x00, 0x01, 0x02, 0x04,
  0x28, 0x00, 0x28, 0x00, 0x00, 0x00, 0x00, 0x04, 0x28, 0x00, 0x28, 0x40,
  0x00, 0x00, 0x00, 0x04, 0x28, 0x00, 0x28, 0x00, 0x00, 0x00, 0x00, 0x00,
  0x28, 0x00, 0x28, 0x00, 0x00, 0x00, 0x00, 0x00, 0x28, 0x00, 0x28, 0x40,
  0x00, 0x00, 0x00, 0x00, 0x28, 0x00, 0x28, 0x00, 0x00, 0x00, 0x00, 0x00,
  0x28, 0x00, 0x28, 0x40, 0x00, 0x01, 0x82, 0x44, 0x28, 0x00, 0x28, 0x04,
  0x00, 0x01, 0x02, 0x44, 0x28, 0x00, 0x28, 0x44, 0x00, 0x00, 0x80, 0x44,
  0x28, 0x00, 0x28, 0x04, 0x00, 0x00, 0x00, 0x44, 0x28, 0x00, 0x28, 0x44,
  0x00, 0x00, 0x80, 0x40, 0x28, 0x00, 0x28, 0x44, 0x00, 0x00, 0x00, 0x40,
  0x28, 0x00, 0x28, 0x04, 0x00, 0x00, 0x80, 0x40, 0x28, 0x00, 0x28, 0x44,
  0x00, 0x00, 0x00, 0x40, 0x28, 0x00, 0x28, 0x04, 0x00, 0x00, 0x82, 0x44,
  0x28, 0x00, 0x28, 0x00, 0x00, 0x00, 0x02, 0x44, 0x28, 0x00, 0x28, 0x40,
  0x00, 0x00, 0x80, 0x44, 0x28, 0x00, 0x28, 0x00, 0x00, 0x00, 0x00, 0x44,
  0x28, 0x00, 0x28, 0x40, 0x00, 0x00, 0x80, 0x40, 0x28, 0x00, 0x28, 0x40,
  0x00, 0x00, 0x00, 0x40, 0x28, 0x00, 0x28, 0x00, 0x00, 0x00, 0x80, 0x40,
  0x28, 0x00, 0x28, 0x40, 0x00, 0x00, 0x00, 0x40, 0x28, 0x00, 0x28, 0x00,
  0x00, 0x01, 0x02, 0x04, 0x28, 0x00, 0x28, 0x04, 0x00, 0x01, 0x02, 0x04,
  0x28, 0x00, 0x28, 0x44, 0x00, 0x00, 0x00, 0x04, 0x28, 0x00, 0x28, 0x04,
  0x00, 0x00, 0x00, 0x04, 0x28, 0x00, 0x28, 0x44, 0x00, 0x00, 0x00, 0x00,
  0x28, 0x00, 0x28, 0x44, 0x00, 0x00, 0x00, 0x00, 0x28, 0x00, 0x28, 0x04,
  0x00, 0x00, 0x00, 0x00, 0x28, 0x00, 0x28, 0x44, 0x00, 0x00, 0x00, 0x00,
  0x28, 0x00, 0x28, 0x04, 0x00, 0x00, 0x02, 0x04, 0x28, 0x00, 0x28, 0x00,
  0x00, 0x00, 0x02, 0x04, 0x28, 0x00, 0x28, 0x40, 0x00, 0x00, 0x00, 0x04,
  0x28, 0x00, 0x28, 0x00, 0x00, 0x00, 0x00, 0x04, 0x28, 0x00, 0x28, 0x40,
  0x00, 0x00, 0x00, 0x00, 0x28, 0x00, 0x28, 0x40, 0x00, 0x00, 0x00, 0x00,
  0x28, 0x00, 0x28, 0x00, 0x00, 0x00, 0x00, 0x00, 0x28, 0x00, 0x28, 0x40,
  0x00, 0x00, 0x00, 0x00, 0x28, 0x00, 0x28, 0x00, 0x00, 0x00, 0x82, 0x44,
  0x28, 0x00, 0x28, 0x44, 0x00, 0x01, 0x02, 0x44, 0x28, 0x00, 0x28, 0x04,
  0x00, 0x00, 0x80, 0x44, 0x28, 0x00, 0x28, 0x44, 0x00, 0x00, 0x00, 0x44,
  0x28, 0x00, 0x28, 0x04, 0x00, 0x00, 0x80, 0x40, 0x28, 0x00, 0x28, 0x04,
  0x00, 0x00, 0x00, 0x40, 0x28, 0x00, 0x28, 0x44, 0x00, 0x00, 0x80, 0x40,
  0x28, 0x00, 0x28, 0x04, 0x00, 0x00, 0x00, 0x40, 0x28, 0x00, 0x28, 0x44,
  0x00, 0x01, 0x82, 0x44, 0x28, 0x00, 0x28, 0x40, 0x00, 0x00, 0x02, 0x44,
  0x28, 0x00, 0x28, 0x00, 0x00, 0x00, 0x80, 0x44, 0x28, 0x00, 0x28, 0x40,
  0x00, 0x00, 0x00, 0x44, 0x28, 0x00, 0x28, 0x00, 0x00, 0x00, 0x80, 0x40,
  0x28, 0x00, 0x28, 0x00, 0x00, 0x00, 0x00, 0x40, 0x28, 0x00, 0x28, 0x40,
  0x00, 0x00, 0x80, 0x40, 0x28, 0x00, 0x28, 0x00, 0x00, 0x00, 0x00, 0x40,
  0x28, 0x00, 0x28, 0x40, 0x00, 0x00, 0x02, 0x04, 0x28, 0x00, 0x28, 0x44,
  0x00, 0x01, 0x02, 0x04, 0x28, 0x00, 0x28, 0x04, 0x00, 0x00, 0x00, 0x04,
  0x28, 0x00, 0x28, 0x44, 0x00, 0x00, 0x00, 0x04, 0x28, 0x00, 0x28, 0x04,
  0x00, 0x00, 0x00, 0x00, 0x28, 0x00, 0x28, 0x04, 0x00, 0x00, 0x00, 0x00,
  0x28, 0x00, 0x28, 0x44, 0x00, 0x00, 0x00, 0x00, 0x28, 0x00, 0x28, 0x04,
  0x00, 0x00, 0x00, 0x00, 0x28, 0x00, 0x28, 0x44, 0x00, 0x01, 0x02, 0x04,
  0x28, 0x00, 0x28, 0x40, 0x00, 0x00, 0x02, 0x04, 0x28, 0x00, 0x28, 0x00,
  0x00, 0x00, 0x00, 0x04, 0x28, 0x00, 0x28, 0x40, 0x00, 0x00, 0x00, 0x04,
  0x28, 0x00, 0x28, 0x00, 0x00, 0x00, 0x00, 0x00, 0x28, 0x00, 0x28, 0x00,
  0x00, 0x00, 0x00, 0x00, 0x28, 0x00, 0x28, 0x40, 0x00, 0x00, 0x00, 0x00,
  0x28, 0x00, 0x28, 0x00, 0x00, 0x00, 0x00, 0x00, 0x28, 0x00, 0x28, 0x40,
  0x00, 0x00, 0x82, 0x44, 0x28, 0x00, 0x28, 0x04, 0x00, 0x00, 0x02, 0x44,
  0x28, 0x00, 0x28, 0x44, 0x00, 0x00, 0x80, 0x44, 0x28, 0x00, 0x28, 0x04,
  0x00, 0x00, 0x00, 0x44, 0x28, 0x00, 0x28, 0x44, 0x00, 0x00, 0x80, 0x40,
  0x28, 0x00, 0x28, 0x44, 0x00, 0x00, 0x00, 0x40, 0x28, 0x00, 0x28, 0x04,
  0x00, 0x00, 0x80, 0x40, 0x28, 0x00, 0x28, 0x44, 0x00, 0x00, 0x00, 0x40,
  0x28, 0x00, 0x28, 0x04, 0x00, 0x01, 0x82, 0x44, 0x28, 0x00, 0x28, 0x00,
  0x00, 0x01, 0x02, 0x44, 0x28, 0x00, 0x28, 0x40, 0x00, 0x00, 0x80, 0x44,
  0x28, 0x00, 0x28, 0x00, 0x00, 0x00, 0x00, 0x44, 0x28, 0x00, 0x28, 0x40,
  0x00, 0x00, 0x80, 0x40, 0x28, 0x00, 0x28, 0x40, 0x00, 0x00, 0x00, 0x40,
  0x28, 0x00, 0x28, 0x00, 0x00, 0x00, 0x80, 0x40, 0x28, 0x00, 0x28, 0x40,
  0x00, 0x00, 0x00, 0x40, 0x28, 0x00, 0x28, 0x00, 0x00, 0x00, 0x02, 0x04,
  0x28, 0x00, 0x28, 0x04, 0x00, 0x00, 0x02, 0x04, 0x28, 0x00, 0x28, 0x44,
  0x00, 0x00, 0x00, 0x04, 0x28, 0x00, 0x28, 0x04, 0x00, 0x00, 0x00, 0x04,
  0x28, 0x00, 0x28, 0x44, 0x00, 0x00, 0x00, 0x00, 0x28, 0x00, 0x28, 0x44,
  0x00, 0x00, 0x00, 0x00, 0x28, 0x00, 0x28, 0x04, 0x00, 0x00, 0x00, 0x00,
  0x28, 0x00, 0x28, 0x44, 0x00, 0x00, 0x00, 0x00, 0x28, 0x00, 0x28, 0x04,
  0x00, 0x01, 0x02, 0x04, 0x28, 0x00, 0x28, 0x00, 0x00, 0x01, 0x02, 0x04,
  0x28, 0x00, 0x28, 0x40, 0x00, 0x00, 0x00, 0x04, 0x28, 0x00, 0x28, 0x00,
  0x00, 0x00, 0x00, 0x04, 0x28, 0x00, 0x28, 0x40, 0x00, 0x00, 0x00, 0x00,
  0x28, 0x00, 0x28, 0x40, 0x00, 0x00, 0x00, 0x00, 0x28, 0x00, 0x28, 0x00,
  0x00, 0x00, 0x00, 0x00, 0x28, 0x00, 0x28, 0x40, 0x00, 0x00, 0x00, 0x00,
  0x28, 0x00, 0x28, 0x00, 0x01, 0x02, 0x04, 0x88, 0x50, 0x00, 0x50, 0x88,
  0x00, 0x02, 0x04, 0x88, 0x50, 0x00, 0x50, 0x88, 0x01, 0x02, 0x04, 0x08,
  0x50, 0x00, 0x50, 0x80, 0x00, 0x02, 0x04, 0x08, 0x50, 0x00, 0x50, 0x80,
  0x00, 0x00, 0x00, 0x00, 0x50, 0x00, 0x50, 0x88, 0x00, 0x00, 0x00, 0x00,
  0x50, 0x00, 0x50, 0x88, 0x00, 0x00, 0x00, 0x80, 0x50, 0x00, 0x50, 0x80,
  0x00, 0x00, 0x00, 0x80, 0x50, 0x00, 0x50, 0x80, 0x01, 0x02, 0x04, 0x88,
  0x50, 0x00, 0x50, 0x08, 0x00, 0x02, 0x04, 0x88, 0x50, 0x00, 0x50, 0x08,
  0x01, 0x02, 0x04, 0x08, 0x50, 0x00, 0x50, 0x00, 0x00, 0x02, 0x04, 0x08,
  0x50, 0x00, 0x50, 0x00, 0x00, 0x00, 0x00, 0x00, 0x50, 0x00, 0x50, 0x08,
  0x00, 0x00, 0x00, 0x00, 0x50, 0x00, 0x50, 0x08, 0x00, 0x00, 0x00, 0x80,
  0x50, 0x00, 0x50, 0x00, 0x00, 0x00, 0x00, 0x80, 0x50, 0x00, 0x50, 0x00,
  0x00, 0x00, 0x00, 0x80, 0x50, 0x00, 0x50, 0x88, 0x00, 0x00, 0x00, 0x80,
  0x50, 0x00, 0x50, 0x88, 0x00, 0x00, 0x00, 0x00, 0x50, 0x00, 0x50, 0x80,
  0x00, 0x00, 0x00, 0x00, 0x50, 0x00, 0x50, 0x80, 0x00, 0x00, 0x04, 0x88,
  0x50, 0x00, 0x50, 0x88, 0x00, 0x00, 0x04, 0x88, 0x50, 0x00, 0x50, 0x88,
  0x00, 0x00, 0x04, 0x08, 0x50, 0x00, 0x50, 0x80, 0x00, 0x00, 0x04, 0x08,
  0x50, 0x00, 0x50, 0x80, 0x00, 0x00, 0x00, 0x80, 0x50, 0x00, 0x50, 0x08,
  0x00, 0x00, 0x00, 0x80, 0x50, 0x00, 0x50, 0x08, 0x00, 0x00, 0x00, 0x00,
  0x50, 0x00, 0x50, 0x00, 0x00, 0x00, 0x00, 0x00, 0x50, 0x00, 0x50, 0x00,
  0x00, 0x00, 0x04, 0x88, 0x50, 0x00, 0x50, 0x08, 0x00, 0x00, 0x04, 0x88,
  0x50, 0x00, 0x50, 0x08, 0x00, 0x00, 0x04, 0x08, 0x50, 0x00, 0x50, 0x00,
  0x00, 0x00, 0x04, 0x08, 0x50, 0x00, 0x50, 0x00, 0x00, 0x00, 0x00, 0x88,
  0x50, 0x00, 0x50, 0x88, 0x00, 0x00, 0x00, 0x88, 0x50, 0x00, 0x50, 0x88,
  0x00, 0x00, 0x00, 0x08, 0x50, 0x00, 0x50, 0x80, 0x00, 0x00, 0x00, 0x08,
  0x50, 0x00, 0x50, 0x80, 0x00, 0x00, 0x00, 0x80, 0x50, 0x00, 0x50, 0x88,
  0x00, 0x00, 0x00, 0x80, 0x50, 0x00, 0x50, 0x88, 0x00, 0x00, 0x00, 0x00,
  0x50, 0x00, 0x50, 0x80, 0x00, 0x00, 0x00, 0x00, 0x50, 0x00, 0x50, 0x80,
  0x00, 0x00, 0x00, 0x88, 0x50, 0x00, 0x50, 0x08, 0x00, 0x00, 0x00, 0x88,
  0x50, 0x00, 0x50, 0x08, 0x00, 0x00, 0x00, 0x08, 0x50, 0x00, 0x50, 0x00,
  0x00, 0x00, 0x00, 0x08, 0x50, 0x00, 0x50, 0x00, 0x00, 0x00, 0x00, 0x80,
  0x50, 0x00, 0x50, 0x08, 0x00, 0x00, 0x00, 0x80, 0x50, 0x00, 0x50, 0x08,
  0x00, 0x00, 0x00, 0x00, 0x50, 0x00, 0x50, 0x00, 0x00, 0x00, 0x00, 0x00,
  0x50, 0x00, 0x50, 0x00, 0x00, 0x00, 0x00, 0x80, 0x50, 0x00, 0x50, 0x88,
  0x00, 0x00, 0x00, 0x80, 0x50, 0x00, 0x50, 0x88, 0x00, 0x00, 0x00, 0x00,
  0x50, 0x00, 0x50, 0x80, 0x00, 0x00, 0x00, 0x00, 0x50, 0x00, 0x50, 0x80,
  0x00, 0x00, 0x00, 0x88, 0x50, 0x00, 0x50, 0x88, 0x00, 0x00, 0x00, 0x88,
  0x50, 0x00, 0x50, 0x88, 0x00, 0x00, 0x00, 0x08, 0x50, 0x00, 0x50, 0x80,
  0x00, 0x00, 0x00, 0x08, 0x50, 0x00, 0x50, 0x80, 0x00, 0x00, 0x00, 0x80,
  0x50, 0x00, 0x50, 0x08, 0x00, 0x00, 0x00, 0x80, 0x50, 0x00, 0x50, 0x08,
  0x00, 0x00, 0x00, 0x00, 0x50, 0x00, 0x50, 0x00, 0x00, 0x00, 0x00, 0x00,
  0x50, 0x00, 0x50, 0x00, 0x00, 0x00, 0x00, 0x88, 0x50, 0x00, 0x50, 0x08,
  0x00, 0x00, 0x00, 0x88, 0x50, 0x00, 0x50, 0x08, 0x00, 0x00, 0x00, 0x08,
  0x50, 0x00, 0x50, 0x00, 0x00, 0x00, 0x00, 0x08, 0x50, 0x00, 0x50, 0x00,
  0x01, 0x02, 0x04, 0x08, 0x50, 0x00, 0x50, 0x88, 0x00, 0x02, 0x04, 0x08,
  0x50, 0x00, 0x50, 0x88, 0x01, 0x02, 0x04, 0x88, 0x50, 0x00, 0x50, 0x80,
  0x00, 0x02, 0x04, 0x88, 0x50, 0x00, 0x50, 0x80, 0x00, 0x00, 0x00, 0x80,
  0x50, 0x00, 0x50, 0x88, 0x00, 0x00, 0x00, 0x80, 0x50, 0x00, 0x50, 0x88,
  0x00, 0x00, 0x00, 0x00, 0x50, 0x00, 0x50, 0x80, 0x00, 0x00, 0x00, 0x00,
  0x50, 0x00, 0x50, 0x80, 0x01, 0x02, 0x04, 0x08, 0x50, 0x00, 0x50, 0x08,
  0x00, 0x02, 0x04, 0x08, 0x50, 0x00, 0x50, 0x08, 0x01, 0x02, 0x04, 0x88,
  0x50, 0x00, 0x50, 0x00, 0x00, 0x02, 0x04, 0x88, 0x50, 0x00, 0x50, 0x00,
  0x00, 0x00, 0x00, 0x80, 0x50, 0x00, 0x50, 0x08, 0x00, 0x00, 0x00, 0x80,
  0x50, 0x00, 0x50, 0x08, 0x00, 0x00, 0x00, 0x00, 0x50, 0x00, 0x50, 0x00,
  0x00, 0x00, 0x00, 0x00, 0x50, 0x00, 0x50, 0x00, 0x00, 0x00, 0x00, 0x00,
  0x50, 0x00, 0x50, 0x88, 0x00, 0x00, 0x00, 0x00, 0x50, 0x00, 0x50, 0x88,
  0x00, 0x00, 0x00, 0x80, 0x50, 0x00, 0x50, 0x80, 0x00, 0x00, 0x00, 0x80,
  0x50, 0x00, 0x50, 0x80, 0x00, 0x00, 0x04, 0x08, 0x50, 0x00, 0x50, 0x88,
  0x00, 0x00, 0x04, 0x08, 0x50, 0x00, 0x50, 0x88, 0x00, 0x00, 0x04, 0x88,
  0x50, 0x00, 0x50, 0x80, 0x00, 0x00, 0x04, 0x88, 0x50, 0x00, 0x50, 0x80,
  0x00, 0x00, 0x00, 0x00, 0x50, 0x00, 0x50, 0x08, 0x00, 0x00, 0x00, 0x00,
  0x50, 0x00, 0x50, 0x08, 0x00, 0x00, 0x00, 0x80, 0x50, 0x00, 0x50, 0x00,
  0x00, 0x00, 0x00, 0x80, 0x50, 0x00, 0x50, 0x00, 0x00, 0x00, 0x04, 0x08,
  0x50, 0x00, 0x50, 0x08, 0x00, 0x00, 0x04, 0x08, 0x50, 0x00, 0x50, 0x08,
  0x00, 0x00, 0x04, 0x88, 0x50, 0x00, 0x50, 0x00, 0x00, 0x00, 0x04, 0x88,
  0x50, 0x00, 0x50, 0x00, 0x00, 0x00, 0x00, 0x08, 0x50, 0x00, 0x50, 0x88,
  0x00, 0x00, 0x00, 0x08, 0x50, 0x00, 0x50, 0x88, 0x00, 0x00, 0x00, 0x88,
  0x50, 0x00, 0x50, 0x80, 0x00, 0x00, 0x00, 0x88, 0x50, 0x00, 0x50, 0x80,
  0x00, 0x00, 0x00, 0x00, 0x50, 0x00, 0x50, 0x88, 0x00, 0x00, 0x00, 0x00,
  0x50, 0x00, 0x50, 0x88, 0x00, 0x00, 0x00, 0x80, 0x50, 0x00, 0x50, 0x80,
  0x00, 0x00, 0x00, 0x80, 0x50, 0x00, 0x50, 0x80, 0x00, 0x00, 0x00, 0x08,
  0x50, 0x00, 0x50, 0x08, 0x00, 0x00, 0x00, 0x08, 0x50, 0x00, 0x50, 0x08,
  0x00, 0x00, 0x00, 0x88, 0x50, 0x00, 0x50, 0x00, 0x00, 0x00, 0x00, 0x88,
  0x50, 0x00, 0x50, 0x00, 0x00, 0x00, 0x00, 0x00, 0x50, 0x00, 0x50, 0x08,
  0x00, 0x00, 0x00, 0x00, 0x50, 0x00, 0x50, 0x08, 0x00, 0x00, 0x00, 0x80,
  0x50, 0x00, 0x50, 0x00, 0x00, 0x00, 0x00, 0x80, 0x50, 0x00, 0x50, 0x00,
  0x00, 0x00, 0x00, 0x00, 0x50, 0x00, 0x50, 0x88, 0x00, 0x00, 0x00, 0x00,
  0x50, 0x00, 0x50, 0x88, 0x00, 0x00, 0x00, 0x80, 0x50, 0x00, 0x50, 0x80,
  0x00, 0x00, 0x00, 0x80, 0x50, 0x00, 0x50, 0x80, 0x00, 0x00, 0x00, 0x08,
  0x50, 0x00, 0x50, 0x88, 0x00, 0x00, 0x00, 0x08, 0x50, 0x00, 0x50, 0x88,
  0x00, 0x00, 0x00, 0x88, 0x50, 0x00, 0x50, 0x80, 0x00, 0x00, 0x00, 0x88,
  0x50, 0x00, 0x50, 0x80, 0x00, 0x00, 0x00, 0x00, 0x50, 0x00, 0x50, 0x08,
  0x00, 0x00, 0x00, 0x00, 0x50, 0x00, 0x50, 0x08, 0x00, 0x00, 0x00, 0x80,
  0x50, 0x00, 0x50, 0x00, 0x00, 0x00, 0x00, 0x80, 0x50, 0x00, 0x50, 0x00,
  0x00, 0x00, 0x00, 0x08, 0x50, 0x00, 0x50, 0x08, 0x00, 0x00, 0x00, 0x08,
  0x50, 0x00, 0x50, 0x08, 0x00, 0x00, 0x00, 0x88, 0x50, 0x00, 0x50, 0x00,
  0x00, 0x00, 0x00, 0x88, 0x50, 0x00, 0x50, 0x00, 0x02, 0x04, 0x08, 0x10,
  0xa0, 0x00, 0xa0, 0x10, 0x00, 0x04, 0x08, 0x10, 0xa0, 0x00, 0xa0, 0x10,
  0x00, 0x00, 0x00, 0x10, 0xa0, 0x00, 0xa0, 0x00, 0x00, 0x00, 0x00, 0x10,
  0xa0, 0x00, 0xa0, 0x00, 0x00, 0x00, 0x00, 0x00, 0xa0, 0x00, 0xa0, 0x10,
  0x00, 0x00, 0x00, 0x00, 0xa0, 0x00, 0xa0, 0x10, 0x00, 0x00, 0x00, 0x00,
  0xa0, 0x00, 0xa0, 0x00, 0x00, 0x00, 0x00, 0x00, 0xa0, 0x00, 0xa0, 0x00,
  0x00, 0x00, 0x00, 0x10, 0xa0, 0x00, 0xa0, 0x10, 0x00, 0x00, 0x00, 0x10,
  0xa0, 0x00, 0xa0, 0x10, 0x00, 0x00, 0x08, 0x10, 0xa0, 0x00, 0xa0, 0x10,
  0x00, 0x00, 0x08, 0x10, 0xa0, 0x00, 0xa0, 0x10, 0x00, 0x00, 0x00, 0x00,
  0xa0, 0x00, 0xa0, 0x10, 0x00, 0x00, 0x00, 0x00, 0xa0, 0x00, 0xa0, 0x10,
  0x00, 0x00, 0x00, 0x00, 0xa0, 0x00, 0xa0, 0x10, 0x00, 0x00, 0x00, 0x00,
  0xa0, 0x00, 0xa0, 0x10, 0x02, 0x04, 0x08, 0x10, 0xa0, 0x00, 0xa0, 0x00,
  0x00, 0x04, 0x08, 0x10, 0xa0, 0x00, 0xa0, 0x00, 0x00, 0x00, 0x00, 0x10,
  0xa0, 0x00, 0xa0, 0x10, 0x00, 0x00, 0x00, 0x10, 0xa0, 0x00, 0xa0, 0x10,
  0x00, 0x00, 0x00, 0x00, 0xa0, 0x00, 0xa0, 0x00, 0x00, 0x00, 0x00, 0x00,
  0xa0, 0x00, 0xa0, 0x00, 0x00, 0x00, 0x00, 0x00, 0xa0, 0x00, 0xa0, 0x10,
  0x00, 0x00, 0x00, 0x00, 0xa0, 0x00, 0xa0, 0x10, 0x00, 0x00, 0x00, 0x10,
  0xa0, 0x00, 0xa0, 0x00, 0x00, 0x00, 0x00, 0x10, 0xa0, 0x00, 0xa0, 0x00,
  0x00, 0x00, 0x08, 0x10, 0xa0, 0x00, 0xa0, 0x00, 0x00, 0x00, 0x08, 0x10,
  0xa0, 0x00, 0xa0, 0x00, 0x00, 0x00, 0x00, 0x00, 0xa0, 0x00, 0xa0, 0x00,
  0x00, 0x00, 0x00, 0x00, 0xa0, 0x00, 0xa0, 0x00, 0x00, 0x00, 0x00, 0x00,
  0xa0, 0x00, 0xa0, 0x00, 0x00, 0x00, 0x00, 0x00, 0xa0, 0x00, 0xa0, 0x00,
  0x04, 0x08, 0x10, 0x20, 0x40, 0x00, 0x40, 0x20, 0x00, 0x08, 0x10, 0x20,
  0x40, 0x00, 0x40, 0x20, 0x00, 0x00, 0x00, 0x20, 0x40, 0x00, 0x40, 0x20,
  0x00, 0x00, 0x00, 0x20, 0x40, 0x00, 0x40, 0x20, 0x00, 0x00, 0x00, 0x00,
  0x40, 0x00, 0x40, 0x20, 0x00, 0x00, 0x00, 0x00, 0x40, 0x00, 0x40, 0x20,
  0x00, 0x00, 0x00, 0x00, 0x40, 0x00, 0x40, 0x20, 0x00, 0x00, 0x00, 0x00,
  0x40, 0x00, 0x40, 0x20, 0x04, 0x08, 0x10, 0x20, 0x40, 0x00, 0x40, 0x00,
  0x00, 0x08, 0x10, 0x20, 0x40, 0x00, 0x40, 0x00, 0x00, 0x00, 0x00, 0x20,
  0x40, 0x00, 0x40, 0x00, 0x00, 0x00, 0x00, 0x20, 0x40, 0x00, 0x40, 0x00,
  0x00, 0x00, 0x00, 0x00, 0x40, 0x00, 0x40, 0x00, 0x00, 0x00, 0x00, 0x00,
  0x40, 0x00, 0x40, 0x00, 0x00, 0x00, 0x00, 0x00, 0x40, 0x00, 0x40, 0x00,
  0x00, 0x00, 0x00, 0x00, 0x40, 0x00, 0x40, 0x00, 0x00, 0x00, 0x10, 0x20,
  0x40, 0x00, 0x40, 0x20, 0x00, 0x00, 0x10, 0x20, 0x40, 0x00, 0x40, 0x20,
  0x00, 0x00, 0x00, 0x20, 0x40, 0x00, 0x40, 0x20, 0x00, 0x00, 0x00, 0x20,
  0x40, 0x00, 0x40, 0x20, 0x00, 0x00, 0x00, 0x00, 0x40, 0x00, 0x40, 0x20,
  0x00, 0x00, 0x00, 0x00, 0x40, 0x00, 0x40, 0x20, 0x00, 0x00, 0x00, 0x00,
  0x40, 0x00, 0x40, 0x20, 0x00, 0x00, 0x00, 0x00, 0x40, 0x00, 0x40, 0x20,
  0x00, 0x00, 0x10, 0x20, 0x40, 0x00, 0x40, 0x00, 0x00, 0x00, 0x10, 0x20,
  0x40, 0x00, 0x40, 0x00, 0x00, 0x00, 0x00, 0x20, 0x40, 0x00, 0x40, 0x00,
  0x00, 0x00, 0x00, 0x20, 0x40, 0x00, 0x40, 0x00, 0x00, 0x00, 0x00, 0x00,
  0x40, 0x00, 0x40, 0x00, 0x00, 0x00, 0x00, 0x00, 0x40, 0x00, 0x40, 0x00,
  0x00, 0x00, 0x00, 0x00, 0x40, 0x00, 0x40, 0x00, 0x00, 0x00, 0x00, 0x00,
  0x40, 0x00, 0x40, 0x00, 0x40, 0x20, 0x10, 0x08, 0x04, 0x02, 0x00, 0x02,
  0x00, 0x00, 0x00, 0x08, 0x04, 0x02, 0x00, 0x02, 0x00, 0x00, 0x10, 0x08,
  0x04, 0x02, 0x00, 0x02, 0x00, 0x00, 0x00, 0x08, 0x04, 0x02, 0x00, 0x02,
  0x00, 0x00, 0x00, 0x00, 0x04, 0x02, 0x00, 0x02, 0x00, 0x00, 0x00, 0x00,
  0x04, 0x02, 0x00, 0x02, 0x00, 0x00, 0x00, 0x00, 0x04, 0x02, 0x00, 0x02,
  0x00, 0x00, 0x00, 0x00, 0x04, 0x02, 0x00, 0x02, 0x00, 0x20, 0x10, 0x08,
  0x04, 0x02, 0x00, 0x02, 0x00, 0x00, 0x00, 0x08, 0x04, 0x02, 0x00, 0x02,
  0x00, 0x00, 0x10, 0x08, 0x04, 0x02, 0x00, 0x02, 0x00, 0x00, 0x00, 0x08,
  0x04, 0x02, 0x00, 0x02, 0x00, 0x00, 0x00, 0x00, 0x04, 0x02, 0x00, 0x02,
  0x00, 0x00, 0x00, 0x00, 0x04, 0x02, 0x00, 0x02, 0x00, 0x00, 0x00, 0x00,
  0x04, 0x02, 0x00, 0x02, 0x00, 0x00, 0x00, 0x00, 0x04, 0x02, 0x00, 0x02,
  0x00, 0x00, 0x00, 0x00, 0x00, 0x02, 0x00, 0x02, 0x00, 0x00, 0x00, 0x00,
  0x00, 0x02, 0x00, 0x02, 0x00, 0x00, 0x00, 0x00, 0x00, 0x02, 0x00, 0x02,
  0x00, 0x00, 0x00, 0x00, 0x00, 0x02, 0x00, 0x02, 0x00, 0x00, 0x00, 0x00,
  0x00, 0x02, 0x00, 0x02, 0x00, 0x00, 0x00, 0x00, 0x00, 0x02, 0x00, 0x02,
  0x00, 0x00, 0x00, 0x00, 0x00, 0x02, 0x00, 0x02, 0x00, 0x00, 0x00, 0x00,
  0x00, 0x02, 0x00, 0x02, 0x00, 0x00, 0x00, 0x00, 0x00, 0x02, 0x00, 0x02,
  0x00, 0x00, 0x00, 0x00, 0x00, 0x02, 0x00, 0x02, 0x00, 0x00, 0x00, 0x00,
  0x00, 0x02, 0x00, 0x02, 0x00, 0x00, 0x00, 0x00, 0x00, 0x02, 0x00, 0x02,
  0x00, 0x00, 0x00, 0x00, 0x00, 0x02, 0x00, 0x02, 0x00, 0x00, 0x00, 0x00,
  0x00, 0x02, 0x00, 0x02, 0x00, 0x00, 0x00, 0x00, 0x00, 0x02, 0x00, 0x02,
  0x00, 0x00, 0x00, 0x00, 0x00, 0x02, 0x00, 0x02, 0x80, 0x40, 0x20, 0x10,
  0x08, 0x05, 0x00, 0x05, 0x00, 0x00, 0x00, 0x10, 0x08, 0x05, 0x00, 0x05,
  0x00, 0x00, 0x00, 0x00, 0x08, 0x05, 0x00, 0x05, 0x00, 0x00, 0x00, 0x00,
  0x08, 0x05, 0x00, 0x05, 0x00, 0x00, 0x00, 0x00, 0x00, 0x05, 0x00, 0x05,
  0x00, 0x00, 0x00, 0x00, 0x00, 0x05, 0x00, 0x05, 0x00, 0x00, 0x00, 0x00,
  0x00, 0x05, 0x00, 0x05, 0x00, 0x00, 0x00, 0x00, 0x00, 0x05, 0x00, 0x05,
  0x00, 0x40, 0x20, 0x10, 0x08, 0x05, 0x00, 0x05, 0x00, 0x00, 0x20, 0x10,
  0x08, 0x05, 0x00, 0x05, 0x00, 0x00, 0x00, 0x00, 0x08, 0x05, 0x00, 0x05,
  0x00, 0x00, 0x00, 0x00, 0x08, 0x05, 0x00, 0x05, 0x00, 0x00, 0x00, 0x00,
  0x00, 0x05, 0x00, 0x05, 0x00, 0x00, 0x00, 0x00, 0x00, 0x05, 0x00, 0x05,
  0x00, 0x00, 0x00, 0x00, 0x00, 0x05, 0x00, 0x05, 0x00, 0x00, 0x00, 0x00,
  0x00, 0x05, 0x00, 0x05, 0x00, 0x00, 0x00, 0x10, 0x08, 0x05, 0x00, 0x05,
  0x00, 0x00, 0x20, 0x10, 0x08, 0x05, 0x00, 0x05, 0x00, 0x00, 0x00, 0x00,
  0x08, 0x05, 0x00, 0x05, 0x00, 0x00, 0x00, 0x00, 0x08, 0x05, 0x00, 0x05,
  0x00, 0x00, 0x00, 0x00, 0x00, 0x05, 0x00, 0x05, 0x00, 0x00, 0x00, 0x00,
  0x00, 0x05, 0x00, 0x05, 0x00, 0x00, 0x00, 0x00, 0x00, 0x05, 0x00, 0x05,
  0x00, 0x00, 0x00, 0x00, 0x00, 0x05, 0x00, 0x05, 0x00, 0x00, 0x00, 0x10,
  0x08, 0x05, 0x00, 0x05, 0x00, 0x00, 0x00, 0x10, 0x08, 0x05, 0x00, 0x05,
  0x00, 0x00, 0x00, 0x00, 0x08, 0x05, 0x00, 0x05, 0x00, 0x00, 0x00, 0x00,
  0x08, 0x05, 0x00, 0x05, 0x00, 0x00, 0x00, 0x00, 0x00, 0x05, 0x00, 0x05,
  0x00, 0x00, 0x00, 0x00, 0x00, 0x05, 0x00, 0x05, 0x00, 0x00, 0x00, 0x00,
  0x00, 0x05, 0x00, 0x05, 0x00, 0x00, 0x00, 0x00, 0x00, 0x05, 0x00, 0x05,
  0x00, 0x80, 0x40, 0x20, 0x11, 0x0a, 0x00, 0x0a, 0x00, 0x00, 0x00, 0x00,
  0x01, 0x0a, 0x00, 0x0a, 0x00, 0x00, 0x00, 0x20, 0x11, 0x0a, 0x00, 0x0a,
  0x00, 0x00, 0x00, 0x00, 0x01, 0x0a, 0x00, 0x0a, 0x00, 0x00, 0x00, 0x00,
  0x11, 0x0a, 0x00, 0x0a, 0x00, 0x00, 0x00, 0x00, 0x01, 0x0a, 0x00, 0x0a,
  0x00, 0x00, 0x00, 0x00, 0x11, 0x0a, 0x00, 0x0a, 0x00, 0x00, 0x00, 0x00,
  0x01, 0x0a, 0x00, 0x0a, 0x00, 0x80, 0x40, 0x20, 0x10, 0x0a, 0x00, 0x0a,
  0x00, 0x00, 0x00, 0x00, 0x00, 0x0a, 0x00, 0x0a, 0x00, 0x00, 0x00, 0x20,
  0x10, 0x0a, 0x00, 0x0a, 0x00, 0x00, 0x00, 0x00, 0x00, 0x0a, 0x00, 0x0a,
  0x00, 0x00, 0x00, 0x00, 0x10, 0x0a, 0x00, 0x0a, 0x00, 0x00, 0x00, 0x00,
  0x00, 0x0a, 0x00, 0x0a, 0x00, 0x00, 0x00, 0x00, 0x10, 0x0a, 0x00, 0x0a,
  0x00, 0x00, 0x00, 0x00, 0x00, 0x0a, 0x00, 0x0a, 0x00, 0x00, 0x40, 0x20,
  0x11, 0x0a, 0x00, 0x0a, 0x00, 0x00, 0x00, 0x00, 0x01, 0x0a, 0x00, 0x0a,
  0x00, 0x00, 0x00, 0x20, 0x11, 0x0a, 0x00, 0x0a, 0x00, 0x00, 0x00, 0x00,
  0x01, 0x0a, 0x00, 0x0a, 0x00, 0x00, 0x00, 0x00, 0x11, 0x0a, 0x00, 0x0a,
  0x00, 0x00, 0x00, 0x00, 0x01, 0x0a, 0x00, 0x0a, 0x00, 0x00, 0x00, 0x00,
  0x11, 0x0a, 0x00, 0x0a, 0x00, 0x00, 0x00, 0x00, 0x01, 0x0a, 0x00, 0x0a,
  0x00, 0x00, 0x40, 0x20, 0x10, 0x0a, 0x00, 0x0a, 0x00, 0x00, 0x00, 0x00,
  0x00, 0x0a, 0x00, 0x0a, 0x00, 0x00, 0x00, 0x20, 0x10, 0x0a, 0x00, 0x0a,
  0x00, 0x00, 0x00, 0x00, 0x00, 0x0a, 0x00, 0x0a, 0x00, 0x00, 0x00, 0x00,
  0x10, 0x0a, 0x00, 0x0a, 0x00, 0x00, 0x00, 0x00, 0x00, 0x0a, 0x00, 0x0a,
  0x00, 0x00, 0x00, 0x00, 0x10, 0x0a, 0x00, 0x0a, 0x00, 0x00, 0x00, 0x00,
  0x00, 0x0a, 0x00, 0x0a, 0x00, 0x00, 0x80, 0x41, 0x22, 0x14, 0x00, 0x14,
  0x00, 0x00, 0x00, 0x00, 0x00, 0x14, 0x00, 0x14, 0x00, 0x00, 0x00, 0x41,
  0x22, 0x14, 0x00, 0x14, 0x00, 0x00, 0x80, 0x40, 0x20, 0x14, 0x00, 0x14,
  0x00, 0x00, 0x00, 0x00, 0x02, 0x14, 0x00, 0x14, 0x00, 0x00, 0x00, 0x40,
  0x20, 0x14, 0x00, 0x14, 0x00, 0x00, 0x00, 0x00, 0x02, 0x14, 0x00, 0x14,
  0x00, 0x00, 0x00, 0x00, 0x00, 0x14, 0x00, 0x14, 0x00, 0x00, 0x00, 0x01,
  0x22, 0x14, 0x00, 0x14, 0x00, 0x00, 0x00, 0x00, 0x00, 0x14, 0x00, 0x14,
  0x00, 0x00, 0x00, 0x01, 0x22, 0x14, 0x00, 0x14, 0x00, 0x00, 0x00, 0x00,
  0x20, 0x14, 0x00, 0x14, 0x00, 0x00, 0x00, 0x01, 0x02, 0x14, 0x00, 0x14,
  0x00, 0x00, 0x00, 0x00, 0x20, 0x14, 0x00, 0x14, 0x00, 0x00, 0x00, 0x01,
  0x02, 0x14, 0x00, 0x14, 0x00, 0x00, 0x00, 0x00, 0x00, 0x14, 0x00, 0x14,
  0x00, 0x00, 0x80, 0x40, 0x22, 0x14, 0x00, 0x14, 0x00, 0x00, 0x00, 0x00,
  0x00, 0x14, 0x00, 0x14, 0x00, 0x00, 0x00, 0x40, 0x22, 0x14, 0x00, 0x14,
  0x00, 0x00, 0x80, 0x40, 0x20, 0x14, 0x00, 0x14, 0x00, 0x00, 0x00, 0x01,
  0x02, 0x14, 0x00, 0x14, 0x00, 0x00, 0x00, 0x40, 0x20, 0x14, 0x00, 0x14,
  0x00, 0x00, 0x00, 0x01, 0x02, 0x14, 0x00, 0x14, 0x00, 0x00, 0x00, 0x00,
  0x00, 0x14, 0x00, 0x14, 0x00, 0x00, 0x00, 0x00, 0x22, 0x14, 0x00, 0x14,
  0x00, 0x00, 0x00, 0x00, 0x00, 0x14, 0x00, 0x14, 0x00, 0x00, 0x00, 0x00,
  0x22, 0x14, 0x00, 0x14, 0x00, 0x00, 0x00, 0x00, 0x20, 0x14, 0x00, 0x14,
  0x00, 0x00, 0x00, 0x00, 0x02, 0x14, 0x00, 0x14, 0x00, 0x00, 0x00, 0x00,
  0x20, 0x14, 0x00, 0x14, 0x00, 0x00, 0x00, 0x00, 0x02, 0x14, 0x00, 0x14,
  0x00, 0x00, 0x00, 0x00, 0x00, 0x14, 0x00, 0x14, 0x00, 0x00, 0x01, 0x82,
  0x44, 0x28, 0x00, 0x28, 0x00, 0x00, 0x00, 0x80, 0x44, 0x28, 0x00, 0x28,
  0x00, 0x00, 0x00, 0x00, 0x00, 0x28, 0x00, 0x28, 0x00, 0x00, 0x00, 0x00,
  0x00, 0x28, 0x00, 0x28, 0x00, 0x00, 0x00, 0x82, 0x44, 0x28, 0x00, 0x28,
  0x00, 0x00, 0x00, 0x80, 0x44, 0x28, 0x00, 0x28, 0x00, 0x00, 0x00, 0x00,
  0x00, 0x28, 0x00, 0x28, 0x00, 0x00, 0x00, 0x00, 0x00, 0x28, 0x00, 0x28,
  0x00, 0x00, 0x01, 0x02, 0x04, 0x28, 0x00, 0x28, 0x00, 0x00, 0x00, 0x00,
  0x04, 0x28, 0x00, 0x28, 0x00, 0x00, 0x00, 0x80, 0x40, 0x28, 0x00, 0x28,
  0x00, 0x00, 0x00, 0x80, 0x40, 0x28, 0x00, 0x28, 0x00, 0x00, 0x00, 0x02,
  0x04, 0x28, 0x00, 0x28, 0x00, 0x00, 0x00, 0x00, 0x04, 0x28, 0x00, 0x28,
  0x00, 0x00, 0x00, 0x80, 0x40, 0x28, 0x00, 0x28, 0x00, 0x00, 0x00, 0x80,
  0x40, 0x28, 0x00, 0x28, 0x00, 0x00, 0x01, 0x02, 0x44, 0x28, 0x00, 0x28,
  0x00, 0x00, 0x00, 0x00, 0x44, 0x28, 0x00, 0x28, 0x00, 0x00, 0x00, 0x00,
  0x00, 0x28, 0x00, 0x28, 0x00, 0x00, 0x00, 0x00, 0x00, 0x28, 0x00, 0x28,
  0x00, 0x00, 0x00, 0x02, 0x44, 0x28, 0x00, 0x28, 0x00, 0x00, 0x00, 0x00,
  0x44, 0x28, 0x00, 0x28, 0x00, 0x00, 0x00, 0x00, 0x00, 0x28, 0x00, 0x28,
  0x00, 0x00, 0x00, 0x00, 0x00, 0x28, 0x00, 0x28, 0x00, 0x00, 0x01, 0x02,
  0x04, 0x28, 0x00, 0x28, 0x00, 0x00, 0x00, 0x00, 0x04, 0x28, 0x00, 0x28,
  0x00, 0x00, 0x00, 0x00, 0x40, 0x28, 0x00, 0x28, 0x00, 0x00, 0x00, 0x00,
  0x40, 0x28, 0x00, 0x28, 0x00, 0x00, 0x00, 0x02, 0x04, 0x28, 0x00, 0x28,
  0x00, 0x00, 0x00, 0x00, 0x04, 0x28, 0x00, 0x28, 0x00, 0x00, 0x00, 0x00,
  0x40, 0x28, 0x00, 0x28, 0x00, 0x00, 0x00, 0x00, 0x40, 0x28, 0x00, 0x28,
  0x00, 0x01, 0x02, 0x04, 0x88, 0x50, 0x00, 0x50, 0x00, 0x00, 0x00, 0x00,
  0x88, 0x50, 0x00, 0x50, 0x00, 0x00, 0x00, 0x04, 0x88, 0x50, 0x00, 0x50,
  0x00, 0x00, 0x00, 0x00, 0x88, 0x50, 0x00, 0x50, 0x00, 0x00, 0x00, 0x00,
  0x80, 0x50, 0x00, 0x50, 0x00, 0x00, 0x00, 0x00, 0x80, 0x50, 0x00, 0x50,
  0x00, 0x00, 0x00, 0x00, 0x80, 0x50, 0x00, 0x50, 0x00, 0x00, 0x00, 0x00,
  0x80, 0x50, 0x00, 0x50, 0x00, 0x00, 0x02, 0x04, 0x88, 0x50, 0x00, 0x50,
  0x00, 0x00, 0x00, 0x00, 0x88, 0x50, 0x00, 0x50, 0x00, 0x00, 0x00, 0x04,
  0x88, 0x50, 0x00, 0x50, 0x00, 0x00, 0x00, 0x00, 0x88, 0x50, 0x00, 0x50,
  0x00, 0x00, 0x00, 0x00, 0x80, 0x50, 0x00, 0x50, 0x00, 0x00, 0x00, 0x00,
  0x80, 0x50, 0x00, 0x50, 0x00, 0x00, 0x00, 0x00, 0x80, 0x50, 0x00, 0x50,
  0x00, 0x00, 0x00, 0x00, 0x80, 0x50, 0x00, 0x50, 0x00, 0x01, 0x02, 0x04,
  0x08, 0x50, 0x00, 0x50, 0x00, 0x00, 0x00, 0x00, 0x08, 0x50, 0x00, 0x50,
  0x00, 0x00, 0x00, 0x04, 0x08, 0x50, 0x00, 0x50, 0x00, 0x00, 0x00, 0x00,
  0x08, 0x50, 0x00, 0x50, 0x00, 0x00, 0x00, 0x00, 0x00, 0x50, 0x00, 0x50,
  0x00, 0x00, 0x00, 0x00, 0x00, 0x50, 0x00, 0x50, 0x00, 0x00, 0x00, 0x00,
  0x00, 0x50, 0x00, 0x50, 0x00, 0x00, 0x00, 0x00, 0x00, 0x50, 0x00, 0x50,
  0x00, 0x00, 0x02, 0x04, 0x08, 0x50, 0x00, 0x50, 0x00, 0x00, 0x00, 0x00,
  0x08, 0x50, 0x00, 0x50, 0x00, 0x00, 0x00, 0x04, 0x08, 0x50, 0x00, 0x50,
  0x00, 0x00, 0x00, 0x00, 0x08, 0x50, 0x00, 0x50, 0x00, 0x00, 0x00, 0x00,
  0x00, 0x50, 0x00, 0x50, 0x00, 0x00, 0x00, 0x00, 0x00, 0x50, 0x00, 0x50,
  0x00, 0x00, 0x00, 0x00, 0x00, 0x50, 0x00, 0x50, 0x00, 0x00, 0x00, 0x00,
  0x00, 0x50, 0x00, 0x50, 0x01, 0x02, 0x04, 0x08, 0x10, 0xa0, 0x00, 0xa0,
  0x00, 0x00, 0x00, 0x00, 0x10, 0xa0, 0x00, 0xa0, 0x00, 0x00, 0x00, 0x00,
  0x10, 0xa0, 0x00, 0xa0, 0x00, 0x00, 0x00, 0x00, 0x00, 0xa0, 0x00, 0xa0,
  0x00, 0x00, 0x00, 0x00, 0x00, 0xa0, 0x00, 0xa0, 0x00, 0x00, 0x00, 0x00,
  0x00, 0xa0, 0x00, 0xa0, 0x00, 0x00, 0x00, 0x00, 0x10, 0xa0, 0x00, 0xa0,
  0x00, 0x00, 0x04, 0x08, 0x10, 0xa0, 0x00, 0xa0, 0x00, 0x02, 0x04, 0x08,
  0x10, 0xa0, 0x00, 0xa0, 0x00, 0x00, 0x00, 0x00, 0x10, 0xa0, 0x00, 0xa0,
  0x00, 0x00, 0x00, 0x00, 0x00, 0xa0, 0x00, 0xa0, 0x00, 0x00, 0x00, 0x00,
  0x00, 0xa0, 0x00, 0xa0, 0x00, 0x00, 0x00, 0x08, 0x10, 0xa0, 0x00, 0xa0,
  0x00, 0x00, 0x00, 0x00, 0x10, 0xa0, 0x00, 0xa0, 0x00, 0x00, 0x00, 0x00,
  0x10, 0xa0, 0x00, 0xa0, 0x00, 0x00, 0x04, 0x08, 0x10, 0xa0, 0x00, 0xa0,
  0x00, 0x00, 0x00, 0x00, 0x00, 0xa0, 0x00, 0xa0, 0x00, 0x00, 0x00, 0x00,
  0x00, 0xa0, 0x00, 0xa0, 0x00, 0x00, 0x00, 0x00, 0x00, 0xa0, 0x00, 0xa0,
  0x00, 0x00, 0x00, 0x08, 0x10, 0xa0, 0x00, 0xa0, 0x00, 0x00, 0x00, 0x08,
  0x10, 0xa0, 0x00, 0xa0, 0x00, 0x00, 0x00, 0x00, 0x10, 0xa0, 0x00, 0xa0,
  0x00, 0x00, 0x00, 0x00, 0x00, 0xa0, 0x00, 0xa0, 0x00, 0x00, 0x00, 0x00,
  0x00, 0xa0, 0x00, 0xa0, 0x00, 0x00, 0x00, 0x00, 0x00, 0xa0, 0x00, 0xa0,
  0x00, 0x00, 0x00, 0x00, 0x00, 0xa0, 0x00, 0xa0, 0x00, 0x00, 0x00, 0x00,
  0x10, 0xa0, 0x00, 0xa0, 0x00, 0x00, 0x00, 0x08, 0x10, 0xa0, 0x00, 0xa0,
  0x00, 0x00, 0x00, 0x00, 0x00, 0xa0, 0x00, 0xa0, 0x00, 0x00, 0x00, 0x00,
  0x00, 0xa0, 0x00, 0xa0, 0x00, 0x00, 0x00, 0x00, 0x00, 0xa0, 0x00, 0xa0,
  0x00, 0x00, 0x00, 0x00, 0x00, 0xa0, 0x00, 0xa0, 0x02, 0x04, 0x08, 0x10,
  0x20, 0x40, 0x00, 0x40, 0x00, 0x00, 0x00, 0x00, 0x00, 0x40, 0x00, 0x40,
  0x00, 0x00, 0x00, 0x00, 0x00, 0x40, 0x00, 0x40, 0x00, 0x00, 0x00, 0x00,
  0x20, 0x40, 0x00, 0x40, 0x00, 0x00, 0x00, 0x00, 0x20, 0x40, 0x00, 0x40,
  0x00, 0x00, 0x00, 0x10, 0x20, 0x40, 0x00, 0x40, 0x00, 0x00, 0x00, 0x00,
  0x00, 0x40, 0x00, 0x40, 0x00, 0x00, 0x00, 0x00, 0x00, 0x40, 0x00, 0x40,
  0x00, 0x00, 0x00, 0x00, 0x00, 0x40, 0x00, 0x40, 0x00, 0x00, 0x00, 0x00,
  0x20, 0x40, 0x00, 0x40, 0x00, 0x04, 0x08, 0x10, 0x20, 0x40, 0x00, 0x40,
  0x00, 0x00, 0x00, 0x00, 0x00, 0x40, 0x00, 0x40, 0x00, 0x00, 0x00, 0x00,
  0x00, 0x40, 0x00, 0x40, 0x00, 0x00, 0x00, 0x00, 0x00, 0x40, 0x00, 0x40,
  0x00, 0x00, 0x00, 0x00, 0x20, 0x40, 0x00, 0x40, 0x00, 0x00, 0x00, 0x10,
  0x20, 0x40, 0x00, 0x40, 0x00, 0x00, 0x08, 0x10, 0x20, 0x40, 0x00, 0x40,
  0x00, 0x00, 0x00, 0x00, 0x00, 0x40, 0x00, 0x40, 0x00, 0x00, 0x00, 0x00,
  0x00, 0x40, 0x00, 0x40, 0x00, 0x00, 0x00, 0x00, 0x20, 0x40, 0x00, 0x40,
  0x00, 0x00, 0x00, 0x00, 0x20, 0x40, 0x00, 0x40, 0x00, 0x00, 0x00, 0x10,
  0x20, 0x40, 0x00, 0x40, 0x00, 0x00, 0x00, 0x00, 0x00, 0x40, 0x00, 0x40,
  0x00, 0x00, 0x00, 0x00, 0x00, 0x40, 0x00, 0x40, 0x00, 0x00, 0x00, 0x00,
  0x00, 0x40, 0x00, 0x40, 0x00, 0x00, 0x00, 0x00, 0x20, 0x40, 0x00, 0x40,
  0x00, 0x00, 0x08, 0x10, 0x20, 0x40, 0x00, 0x40, 0x00, 0x00, 0x00, 0x00,
  0x00, 0x40, 0x00, 0x40, 0x00, 0x00, 0x00, 0x00, 0x00, 0x40, 0x00, 0x40,
  0x00, 0x00, 0x00, 0x00, 0x00, 0x40, 0x00, 0x40, 0x00, 0x00, 0x00, 0x00,
  0x20, 0x40, 0x00, 0x40, 0x00, 0x00, 0x00, 0x10, 0x20, 0x40, 0x00, 0x40,
  0x80, 0x40, 0x20, 0x10, 0x08, 0x04, 0x02, 0x00, 0x00, 0x40, 0x20, 0x10,
  0x08, 0x04, 0x02, 0x00, 0x00, 0x00, 0x00, 0x00, 0x00, 0x00, 0x02, 0x00,
  0x00, 0x00, 0x00, 0x00, 0x00, 0x00, 0x02, 0x00, 0x00, 0x00, 0x00, 0x10,
  0x08, 0x04, 0x02, 0x00, 0x00, 0x00, 0x00, 0x10, 0x08, 0x04, 0x02, 0x00,
  0x00, 0x00, 0x00, 0x00, 0x00, 0x04, 0x02, 0x00, 0x00, 0x00, 0x00, 0x00,
  0x00, 0x04, 0x02, 0x00, 0x00, 0x00, 0x20, 0x10, 0x08, 0x04, 0x02, 0x00,
  0x00, 0x00, 0x20, 0x10, 0x08, 0x04, 0x02, 0x00, 0x00, 0x00, 0x00, 0x00,
  0x00, 0x04, 0x02, 0x00, 0x00, 0x00, 0x00, 0x00, 0x00, 0x04, 0x02, 0x00,
  0x00, 0x00, 0x00, 0x10, 0x08, 0x04, 0x02, 0x00, 0x00, 0x00, 0x00, 0x10,
  0x08, 0x04, 0x02, 0x00, 0x00, 0x00, 0x00, 0x00, 0x00, 0x04, 0x02, 0x00,
  0x00, 0x00, 0x00, 0x00, 0x00, 0x04, 0x02, 0x00, 0x00, 0x00, 0x00, 0x00,
  0x00, 0x00, 0x02, 0x00, 0x00, 0x00, 0x00, 0x00, 0x00, 0x00, 0x02, 0x00,
  0x00, 0x00, 0x00, 0x00, 0x00, 0x04, 0x02, 0x00, 0x00, 0x00, 0x00, 0x00,
  0x00, 0x04, 0x02, 0x00, 0x00, 0x00, 0x00, 0x00, 0x00, 0x00, 0x02, 0x00,
  0x00, 0x00, 0x00, 0x00, 0x00, 0x00, 0x02, 0x00, 0x00, 0x00, 0x00, 0x00,
  0x00, 0x00, 0x02, 0x00, 0x00, 0x00, 0x00, 0x00, 0x00, 0x00, 0x02, 0x00,
  0x00, 0x00, 0x00, 0x00, 0x00, 0x00, 0x02, 0x00, 0x00, 0x00, 0x00, 0x00,
  0x00, 0x00, 0x02, 0x00, 0x00, 0x00, 0x00, 0x00, 0x00, 0x00, 0x02, 0x00,
  0x00, 0x00, 0x00, 0x00, 0x00, 0x00, 0x02, 0x00, 0x00, 0x00, 0x00, 0x00,
  0x00, 0x00, 0x02, 0x00, 0x00, 0x00, 0x00, 0x00, 0x00, 0x00, 0x02, 0x00,
  0x00, 0x00, 0x00, 0x00, 0x00, 0x00, 0x02, 0x00, 0x00, 0x00, 0x00, 0x00,
  0x00, 0x00, 0x02, 0x00, 0x00, 0x00, 0x00, 0x00, 0x00, 0x04, 0x02, 0x00,
  0x00, 0x00, 0x00, 0x00, 0x00, 0x04, 0x02, 0x00, 0x00, 0x00, 0x00, 0x00,
  0x00, 0x00, 0x02, 0x00, 0x00, 0x00, 0x00, 0x00, 0x00, 0x00, 0x02, 0x00,
  0x00, 0x00, 0x00, 0x00, 0x00, 0x04, 0x02, 0x00, 0x00, 0x00, 0x00, 0x00,
  0x00, 0x04, 0x02, 0x00, 0x00, 0x00, 0x00, 0x00, 0x08, 0x04, 0x02, 0x00,
  0x00, 0x00, 0x00, 0x00, 0x08, 0x04, 0x02, 0x00, 0x00, 0x00, 0x00, 0x00,
  0x00, 0x04, 0x02, 0x00, 0x00, 0x00, 0x00, 0x00, 0x00, 0x04, 0x02, 0x00,
  0x00, 0x00, 0x00, 0x00, 0x08, 0x04, 0x02, 0x00, 0x00, 0x00, 0x00, 0x00,
  0x08, 0x04, 0x02, 0x00, 0x00, 0x00, 0x00, 0x00, 0x00, 0x04, 0x02, 0x00,
  0x00, 0x00, 0x00, 0x00, 0x00, 0x04, 0x02, 0x00, 0x00, 0x00, 0x00, 0x00,
  0x08, 0x04, 0x02, 0x00, 0x00, 0x00, 0x00, 0x00, 0x08, 0x04, 0x02, 0x00,
  0x00, 0x00, 0x00, 0x00, 0x00, 0x00, 0x02, 0x00, 0x00, 0x00, 0x00, 0x00,
  0x00, 0x00, 0x02, 0x00, 0x00, 0x00, 0x00, 0x00, 0x08, 0x04, 0x02, 0x00,
  0x00, 0x00, 0x00, 0x00, 0x08, 0x04, 0x02, 0x00, 0x00, 0x00, 0x00, 0x00,
  0x00, 0x00, 0x02, 0x00, 0x00, 0x00, 0x00, 0x00, 0x00, 0x00, 0x02, 0x00,
  0x00, 0x00, 0x00, 0x00, 0x00, 0x00, 0x02, 0x00, 0x00, 0x00, 0x00, 0x00,
  0x00, 0x00, 0x02, 0x00, 0x00, 0x00, 0x00, 0x00, 0x00, 0x00, 0x02, 0x00,
  0x00, 0x00, 0x00, 0x00, 0x00, 0x00, 0x02, 0x00, 0x00, 0x00, 0x00, 0x00,
  0x00, 0x00, 0x02, 0x00, 0x00, 0x00, 0x00, 0x00, 0x00, 0x00, 0x02, 0x00,
  0x00, 0x00, 0x00, 0x00, 0x00, 0x00, 0x02, 0x00, 0x00, 0x00, 0x00, 0x00,
  0x00, 0x00, 0x02, 0x00, 0x00, 0x00, 0x00, 0x00, 0x00, 0x00, 0x02, 0x00,
  0x00, 0x00, 0x00, 0x00, 0x00, 0x00, 0x02, 0x00, 0x00, 0x80, 0x40, 0x20,
  0x10, 0x08, 0x05, 0x00, 0x00, 0x00, 0x00, 0x00, 0x10, 0x08, 0x05, 0x00,
  0x00, 0x00, 0x00, 0x00, 0x00, 0x08, 0x05, 0x00, 0x00, 0x00, 0x00, 0x00,
  0x00, 0x08, 0x05, 0x00, 0x00, 0x00, 0x00, 0x20, 0x10, 0x08, 0x05, 0x00,
  0x00, 0x00, 0x00, 0x00, 0x10, 0x08, 0x05, 0x00, 0x00, 0x00, 0x00, 0x00,
  0x00, 0x08, 0x05, 0x00, 0x00, 0x00, 0x00, 0x00, 0x00, 0x08, 0x05, 0x00,
  0x00, 0x00, 0x00, 0x00, 0x00, 0x00, 0x05, 0x00, 0x00, 0x00, 0x00, 0x00,
  0x00, 0x00, 0x05, 0x00, 0x00, 0x00, 0x00, 0x00, 0x00, 0x00, 0x05, 0x00,
  0x00, 0x00, 0x00, 0x00, 0x00, 0x00, 0x05, 0x00, 0x00, 0x00, 0x00, 0x00,
  0x00, 0x00, 0x05, 0x00, 0x00, 0x00, 0x00, 0x00, 0x00, 0x00, 0x05, 0x00,
  0x00, 0x00, 0x00, 0x00, 0x00, 0x00, 0x05, 0x00, 0x00, 0x00, 0x00, 0x00,
  0x00, 0x00, 0x05, 0x00, 0x00, 0x00, 0x40, 0x20, 0x10, 0x08, 0x05, 0x00,
  0x00, 0x00, 0x00, 0x00, 0x10, 0x08, 0x05, 0x00, 0x00, 0x00, 0x00, 0x00,
  0x00, 0x08, 0x05, 0x00, 0x00, 0x00, 0x00, 0x00, 0x00, 0x08, 0x05, 0x00,
  0x00, 0x00, 0x00, 0x20, 0x10, 0x08, 0x05, 0x00, 0x00, 0x00, 0x00, 0x00,
  0x10, 0x08, 0x05, 0x00, 0x00, 0x00, 0x00, 0x00, 0x00, 0x08, 0x05, 0x00,
  0x00, 0x00, 0x00, 0x00, 0x00, 0x08, 0x05, 0x00, 0x00, 0x00, 0x00, 0x00,
  0x00, 0x00, 0x05, 0x00, 0x00, 0x00, 0x00, 0x00, 0x00, 0x00, 0x05, 0x00,
  0x00, 0x00, 0x00, 0x00, 0x00, 0x00, 0x05, 0x00, 0x00, 0x00, 0x00, 0x00,
  0x00, 0x00, 0x05, 0x00, 0x00, 0x00, 0x00, 0x00, 0x00, 0x00, 0x05, 0x00,
  0x00, 0x00, 0x00, 0x00, 0x00, 0x00, 0x05, 0x00, 0x00, 0x00, 0x00, 0x00,
  0x00, 0x00, 0x05, 0x00, 0x00, 0x00, 0x00, 0x00, 0x00, 0x00, 0x05, 0x00,
  0x00, 0x00, 0x80, 0x40, 0x20, 0x11, 0x0a, 0x00, 0x00, 0x00, 0x00, 0x00,
  0x00, 0x01, 0x0a, 0x00, 0x00, 0x00, 0x00, 0x00, 0x20, 0x11, 0x0a, 0x00,
  0x00, 0x00, 0x00, 0x00, 0x00, 0x01, 0x0a, 0x00, 0x00, 0x00, 0x80, 0x40,
  0x20, 0x10, 0x0a, 0x00, 0x00, 0x00, 0x00, 0x00, 0x00, 0x00, 0x0a, 0x00,
  0x00, 0x00, 0x00, 0x00, 0x20, 0x10, 0x0a, 0x00, 0x00, 0x00, 0x00, 0x00,
  0x00, 0x00, 0x0a, 0x00, 0x00, 0x00, 0x00, 0x00, 0x00, 0x11, 0x0a, 0x00,
  0x00, 0x00, 0x00, 0x40, 0x20, 0x11, 0x0a, 0x00, 0x00, 0x00, 0x00, 0x00,
  0x00, 0x11, 0x0a, 0x00, 0x00, 0x00, 0x00, 0x00, 0x20, 0x11, 0x0a, 0x00,
  0x00, 0x00, 0x00, 0x00, 0x00, 0x10, 0x0a, 0x00, 0x00, 0x00, 0x00, 0x40,
  0x20, 0x10, 0x0a, 0x00, 0x00, 0x00, 0x00, 0x00, 0x00, 0x10, 0x0a, 0x00,
  0x00, 0x00, 0x00, 0x00, 0x20, 0x10, 0x0a, 0x00, 0x00, 0x00, 0x00, 0x00,
  0x00, 0x01, 0x0a, 0x00, 0x00, 0x00, 0x00, 0x00, 0x00, 0x11, 0x0a, 0x00,
  0x00, 0x00, 0x00, 0x00, 0x00, 0x01, 0x0a, 0x00, 0x00, 0x00, 0x00, 0x00,
  0x00, 0x11, 0x0a, 0x00, 0x00, 0x00, 0x00, 0x00, 0x00, 0x00, 0x0a, 0x00,
  0x00, 0x00, 0x00, 0x00, 0x00, 0x10, 0x0a, 0x00, 0x00, 0x00, 0x00, 0x00,
  0x00, 0x00, 0x0a, 0x00, 0x00, 0x00, 0x00, 0x00, 0x00, 0x10, 0x0a, 0x00,
  0x00, 0x00, 0x00, 0x00, 0x00, 0x01, 0x0a, 0x00, 0x00, 0x00, 0x00, 0x00,
  0x00, 0x01, 0x0a, 0x00, 0x00, 0x00, 0x00, 0x00, 0x00, 0x01, 0x0a, 0x00,
  0x00, 0x00, 0x00, 0x00, 0x00, 0x01, 0x0a, 0x00, 0x00, 0x00, 0x00, 0x00,
  0x00, 0x00, 0x0a, 0x00, 0x00, 0x00, 0x00, 0x00, 0x00, 0x00, 0x0a, 0x00,
  0x00, 0x00, 0x00, 0x00, 0x00, 0x00, 0x0a, 0x00, 0x00, 0x00, 0x00, 0x00,
  0x00, 0x00, 0x0a, 0x00, 0x00, 0x00, 0x00, 0x80, 0x41, 0x22, 0x14, 0x00,
  0x00, 0x00, 0x00, 0x00, 0x41, 0x22, 0x14, 0x00, 0x00, 0x00, 0x00, 0x00,
  0x01, 0x22, 0x14, 0x00, 0x00, 0x00, 0x00, 0x00, 0x01, 0x22, 0x14, 0x00,
  0x00, 0x00, 0x00, 0x80, 0x40, 0x20, 0x14, 0x00, 0x00, 0x00, 0x00, 0x00,
  0x40, 0x20, 0x14, 0x00, 0x00, 0x00, 0x00, 0x00, 0x00, 0x20, 0x14, 0x00,
  0x00, 0x00, 0x00, 0x00, 0x00, 0x20, 0x14, 0x00, 0x00, 0x00, 0x00, 0x80,
  0x40, 0x22, 0x14, 0x00, 0x00, 0x00, 0x00, 0x00, 0x40, 0x22, 0x14, 0x00,
  0x00, 0x00, 0x00, 0x00, 0x00, 0x22, 0x14, 0x00, 0x00, 0x00, 0x00, 0x00,
  0x00, 0x22, 0x14, 0x00, 0x00, 0x00, 0x00, 0x80, 0x40, 0x20, 0x14, 0x00,
  0x00, 0x00, 0x00, 0x00, 0x40, 0x20, 0x14, 0x00, 0x00, 0x00, 0x00, 0x00,
  0x00, 0x20, 0x14, 0x00, 0x00, 0x00, 0x00, 0x00, 0x00, 0x20, 0x14, 0x00,
  0x00, 0x00, 0x00, 0x00, 0x01, 0x02, 0x14, 0x00, 0x00, 0x00, 0x00, 0x00,
  0x01, 0x02, 0x14, 0x00, 0x00, 0x00, 0x00, 0x00, 0x01, 0x02, 0x14, 0x00,
  0x00, 0x00, 0x00, 0x00, 0x01, 0x02, 0x14, 0x00, 0x00, 0x00, 0x00, 0x00,
  0x00, 0x00, 0x14, 0x00, 0x00, 0x00, 0x00, 0x00, 0x00, 0x00, 0x14, 0x00,
  0x00, 0x00, 0x00, 0x00, 0x00, 0x00, 0x14, 0x00, 0x00, 0x00, 0x00, 0x00,
  0x00, 0x00, 0x14, 0x00, 0x00, 0x00, 0x00, 0x00, 0x00, 0x02, 0x14, 0x00,
  0x00, 0x00, 0x00, 0x00, 0x00, 0x02, 0x14, 0x00, 0x00, 0x00, 0x00, 0x00,
  0x00, 0x02, 0x14, 0x00, 0x00, 0x00, 0x00, 0x00, 0x00, 0x02, 0x14, 0x00,
  0x00, 0x00, 0x00, 0x00, 0x00, 0x00, 0x14, 0x00, 0x00, 0x00, 0x00, 0x00,
  0x00, 0x00, 0x14, 0x00, 0x00, 0x00, 0x00, 0x00, 0x00, 0x00, 0x14, 0x00,
  0x00, 0x00, 0x00, 0x00, 0x00, 0x00, 0x14, 0x00, 0x00, 0x00, 0x00, 0x01,
  0x82, 0x44, 0x28, 0x00, 0x00, 0x00, 0x00, 0x00, 0x82, 0x44, 0x28, 0x00,
  0x00, 0x00, 0x00, 0x00, 0x00, 0x04, 0x28, 0x00, 0x00, 0x00, 0x00, 0x00,
  0x00, 0x04, 0x28, 0x00, 0x00, 0x00, 0x00, 0x00, 0x80, 0x40, 0x28, 0x00,
  0x00, 0x00, 0x00, 0x00, 0x80, 0x40, 0x28, 0x00, 0x00, 0x00, 0x00, 0x00,
  0x00, 0x00, 0x28, 0x00, 0x00, 0x00, 0x00, 0x00, 0x00, 0x00, 0x28, 0x00,
  0x00, 0x00, 0x00, 0x01, 0x02, 0x44, 0x28, 0x00, 0x00, 0x00, 0x00, 0x00,
  0x02, 0x44, 0x28, 0x00, 0x00, 0x00, 0x00, 0x00, 0x00, 0x04, 0x28, 0x00,
  0x00, 0x00, 0x00, 0x00, 0x00, 0x04, 0x28, 0x00, 0x00, 0x00, 0x00, 0x00,
  0x00, 0x40, 0x28, 0x00, 0x00, 0x00, 0x00, 0x00, 0x00, 0x40, 0x28, 0x00,
  0x00, 0x00, 0x00, 0x00, 0x00, 0x00, 0x28, 0x00, 0x00, 0x00, 0x00, 0x00,
  0x00, 0x00, 0x28, 0x00, 0x00, 0x00, 0x00, 0x01, 0x02, 0x04, 0x28, 0x00,
  0x00, 0x00, 0x00, 0x00, 0x02, 0x04, 0x28, 0x00, 0x00, 0x00, 0x00, 0x00,
  0x80, 0x44, 0x28, 0x00, 0x00, 0x00, 0x00, 0x00, 0x80, 0x44, 0x28, 0x00,
  0x00, 0x00, 0x00, 0x00, 0x00, 0x00, 0x28, 0x00, 0x00, 0x00, 0x00, 0x00,
  0x00, 0x00, 0x28, 0x00, 0x00, 0x00, 0x00, 0x00, 0x80, 0x40, 0x28, 0x00,
  0x00, 0x00, 0x00, 0x00, 0x80, 0x40, 0x28, 0x00, 0x00, 0x00, 0x00, 0x01,
  0x02, 0x04, 0x28, 0x00, 0x00, 0x00, 0x00, 0x00, 0x02, 0x04, 0x28, 0x00,
  0x00, 0x00, 0x00, 0x00, 0x00, 0x44, 0x28, 0x00, 0x00, 0x00, 0x00, 0x00,
  0x00, 0x44, 0x28, 0x00, 0x00, 0x00, 0x00, 0x00, 0x00, 0x00, 0x28, 0x00,
  0x00, 0x00, 0x00, 0x00, 0x00, 0x00, 0x28, 0x00, 0x00, 0x00, 0x00, 0x00,
  0x00, 0x40, 0x28, 0x00, 0x00, 0x00, 0x00, 0x00, 0x00, 0x40, 0x28, 0x00,
  0x00, 0x00, 0x01, 0x02, 0x04, 0x88, 0x50, 0x00, 0x00, 0x00, 0x00, 0x00,
  0x00, 0x88, 0x50, 0x00, 0x00, 0x00, 0x00, 0x00, 0x00, 0x80, 0x50, 0x00,
  0x00, 0x00, 0x00, 0x00, 0x00, 0x80, 0x50, 0x00, 0x00, 0x00, 0x00, 0x02,
  0x04, 0x88, 0x50, 0x00, 0x00, 0x00, 0x00, 0x00, 0x00, 0x88, 0x50, 0x00,
  0x00, 0x00, 0x00, 0x00, 0x00, 0x80, 0x50, 0x00, 0x00, 0x00, 0x00, 0x00,
  0x00, 0x80, 0x50, 0x00, 0x00, 0x00, 0x01, 0x02, 0x04, 0x08, 0x50, 0x00,
  0x00, 0x00, 0x00, 0x00, 0x00, 0x08, 0x50, 0x00, 0x00, 0x00, 0x00, 0x00,
  0x00, 0x00, 0x50, 0x00, 0x00, 0x00, 0x00, 0x00, 0x00, 0x00, 0x50, 0x00,
  0x00, 0x00, 0x00, 0x02, 0x04, 0x08, 0x50, 0x00, 0x00, 0x00, 0x00, 0x00,
  0x00, 0x08, 0x50, 0x00, 0x00, 0x00, 0x00, 0x00, 0x00, 0x00, 0x50, 0x00,
  0x00, 0x00, 0x00, 0x00, 0x00, 0x00, 0x50, 0x00, 0x00, 0x00, 0x00, 0x00,
  0x04, 0x88, 0x50, 0x00, 0x00, 0x00, 0x00, 0x00, 0x00, 0x88, 0x50, 0x00,
  0x00, 0x00, 0x00, 0x00, 0x00, 0x80, 0x50, 0x00, 0x00, 0x00, 0x00, 0x00,
  0x00, 0x80, 0x50, 0x00, 0x00, 0x00, 0x00, 0x00, 0x04, 0x88, 0x50, 0x00,
  0x00, 0x00, 0x00, 0x00, 0x00, 0x88, 0x50, 0x00, 0x00, 0x00, 0x00, 0x00,
  0x00, 0x80, 0x50, 0x00, 0x00, 0x00, 0x00, 0x00, 0x00, 0x80, 0x50, 0x00,
  0x00, 0x00, 0x00, 0x00, 0x04, 0x08, 0x50, 0x00, 0x00, 0x00, 0x00, 0x00,
  0x00, 0x08, 0x50, 0x00, 0x00, 0x00, 0x00, 0x00, 0x00, 0x00, 0x50, 0x00,
  0x00, 0x00, 0x00, 0x00, 0x00, 0x00, 0x50, 0x00, 0x00, 0x00, 0x00, 0x00,
  0x04, 0x08, 0x50, 0x00, 0x00, 0x00, 0x00, 0x00, 0x00, 0x08, 0x50, 0x00,
  0x00, 0x00, 0x00, 0x00, 0x00, 0x00, 0x50, 0x00, 0x00, 0x00, 0x00, 0x00,
  0x00, 0x00, 0x50, 0x00, 0x00, 0x01, 0x02, 0x04, 0x08, 0x10, 0xa0, 0x00,
  0x00, 0x00, 0x00, 0x00, 0x00, 0x00, 0xa0, 0x00, 0x00, 0x00, 0x00, 0x00,
  0x08, 0x10, 0xa0, 0x00, 0x00, 0x00, 0x00, 0x00, 0x00, 0x00, 0xa0, 0x00,
  0x00, 0x00, 0x00, 0x04, 0x08, 0x10, 0xa0, 0x00, 0x00, 0x00, 0x00, 0x00,
  0x00, 0x00, 0xa0, 0x00, 0x00, 0x00, 0x00, 0x00, 0x08, 0x10, 0xa0, 0x00,
  0x00, 0x00, 0x00, 0x00, 0x00, 0x00, 0xa0, 0x00, 0x00, 0x00, 0x00, 0x00,
  0x00, 0x10, 0xa0, 0x00, 0x00, 0x00, 0x00, 0x00, 0x00, 0x00, 0xa0, 0x00,
  0x00, 0x00, 0x00, 0x00, 0x00, 0x10, 0xa0, 0x00, 0x00, 0x00, 0x00, 0x00,
  0x00, 0x00, 0xa0, 0x00, 0x00, 0x00, 0x00, 0x00, 0x00, 0x10, 0xa0, 0x00,
  0x00, 0x00, 0x00, 0x00, 0x00, 0x00, 0xa0, 0x00, 0x00, 0x00, 0x00, 0x00,
  0x00, 0x10, 0xa0, 0x00, 0x00, 0x00, 0x00, 0x00, 0x00, 0x00, 0xa0, 0x00,
  0x00, 0x00, 0x02, 0x04, 0x08, 0x10, 0xa0, 0x00, 0x00, 0x00, 0x00, 0x00,
  0x00, 0x00, 0xa0, 0x00, 0x00, 0x00, 0x00, 0x00, 0x08, 0x10, 0xa0, 0x00,
  0x00, 0x00, 0x00, 0x00, 0x00, 0x00, 0xa0, 0x00, 0x00, 0x00, 0x00, 0x04,
  0x08, 0x10, 0xa0, 0x00, 0x00, 0x00, 0x00, 0x00, 0x00, 0x00, 0xa0, 0x00,
  0x00, 0x00, 0x00, 0x00, 0x08, 0x10, 0xa0, 0x00, 0x00, 0x00, 0x00, 0x00,
  0x00, 0x00, 0xa0, 0x00, 0x00, 0x00, 0x00, 0x00, 0x00, 0x10, 0xa0, 0x00,
  0x00, 0x00, 0x00, 0x00, 0x00, 0x00, 0xa0, 0x00, 0x00, 0x00, 0x00, 0x00,
  0x00, 0x10, 0xa0, 0x00, 0x00, 0x00, 0x00, 0x00, 0x00, 0x00, 0xa0, 0x00,
  0x00, 0x00, 0x00, 0x00, 0x00, 0x10, 0xa0, 0x00, 0x00, 0x00, 0x00, 0x00,
  0x00, 0x00, 0xa0, 0x00, 0x00, 0x00, 0x00, 0x00, 0x00, 0x10, 0xa0, 0x00,
  0x00, 0x00, 0x00, 0x00, 0x00, 0x00, 0xa0, 0x00, 0x01, 0x02, 0x04, 0x08,
  0x10, 0x20, 0x40, 0x00, 0x00, 0x00, 0x00, 0x00, 0x00, 0x00, 0x40, 0x00,
  0x00, 0x02, 0x04, 0x08, 0x10, 0x20, 0x40, 0x00, 0x00, 0x00, 0x00, 0x00,
  0x10, 0x20, 0x40, 0x00, 0x00, 0x00, 0x00, 0x00, 0x00, 0x20, 0x40, 0x00,
  0x00, 0x00, 0x00, 0x00, 0x10, 0x20, 0x40, 0x00, 0x00, 0x00, 0x00, 0x00,
  0x00, 0x20, 0x40, 0x00, 0x00, 0x00, 0x00, 0x00, 0x00, 0x20, 0x40, 0x00,
  0x00, 0x00, 0x00, 0x00, 0x00, 0x00, 0x40, 0x00, 0x00, 0x00, 0x00, 0x00,
  0x00, 0x20, 0x40, 0x00, 0x00, 0x00, 0x00, 0x00, 0x00, 0x00, 0x40, 0x00,
  0x00, 0x00, 0x00, 0x00, 0x00, 0x00, 0x40, 0x00, 0x00, 0x00, 0x00, 0x00,
  0x00, 0x00, 0x40, 0x00, 0x00, 0x00, 0x00, 0x00, 0x00, 0x00, 0x40, 0x00,
  0x00, 0x00, 0x00, 0x00, 0x00, 0x00, 0x40, 0x00, 0x00, 0x00, 0x00, 0x00,
  0x00, 0x00, 0x40, 0x00, 0x00, 0x00, 0x04, 0x08, 0x10, 0x20, 0x40, 0x00,
  0x00, 0x00, 0x00, 0x00, 0x00, 0x00, 0x40, 0x00, 0x00, 0x00, 0x04, 0x08,
  0x10, 0x20, 0x40, 0x00, 0x00, 0x00, 0x00, 0x00, 0x10, 0x20, 0x40, 0x00,
  0x00, 0x00, 0x00, 0x00, 0x00, 0x20, 0x40, 0x00, 0x00, 0x00, 0x00, 0x00,
  0x10, 0x20, 0x40, 0x00, 0x00, 0x00, 0x00, 0x00, 0x00, 0x20, 0x40, 0x00,
  0x00, 0x00, 0x00, 0x00, 0x00, 0x20, 0x40, 0x00, 0x00, 0x00, 0x00, 0x00,
  0x00, 0x00, 0x40, 0x00, 0x00, 0x00, 0x00, 0x00, 0x00, 0x20, 0x40, 0x00,
  0x00, 0x00, 0x00, 0x00, 0x00, 0x00, 0x40, 0x00, 0x00, 0x00, 0x00, 0x00,
  0x00, 0x00, 0x40, 0x00, 0x00, 0x00, 0x00, 0x00, 0x00, 0x00, 0x40, 0x00,
  0x00, 0x00, 0x00, 0x00, 0x00, 0x00, 0x40, 0x00, 0x00, 0x00, 0x00, 0x00,
  0x00, 0x00, 0x40, 0x00, 0x00, 0x00, 0x00, 0x00, 0x00, 0x00, 0x40, 0x00,
  0x00, 0x00, 0x00, 0x00, 0x10, 0x20, 0x40, 0x00, 0x00, 0x00, 0x00, 0x00,
  0x00, 0x00, 0x40, 0x00, 0x00, 0x00, 0x00, 0x00, 0x10, 0x20, 0x40, 0x00,
  0x00, 0x00, 0x00, 0x08, 0x10, 0x20, 0x40, 0x00, 0x00, 0x00, 0x00, 0x00,
  0x00, 0x20, 0x40, 0x00, 0x00, 0x00, 0x00, 0x08, 0x10, 0x20, 0x40, 0x00,
  0x00, 0x00, 0x00, 0x00, 0x00, 0x20, 0x40, 0x00, 0x00, 0x00, 0x00, 0x00,
  0x00, 0x20, 0x40, 0x00, 0x00, 0x00, 0x00, 0x00, 0x00, 0x00, 0x40, 0x00,
  0x00, 0x00, 0x00, 0x00, 0x00, 0x20, 0x40, 0x00, 0x00, 0x00, 0x00, 0x00,
  0x00, 0x00, 0x40, 0x00, 0x00, 0x00, 0x00, 0x00, 0x00, 0x00, 0x40, 0x00,
  0x00, 0x00, 0x00, 0x00, 0x00, 0x00, 0x40, 0x00, 0x00, 0x00, 0x00, 0x00,
  0x00, 0x00, 0x40, 0x00, 0x00, 0x00, 0x00, 0x00, 0x00, 0x00, 0x40, 0x00,
  0x00, 0x00, 0x00, 0x00, 0x00, 0x00, 0x40, 0x00, 0x00, 0x00, 0x00, 0x00,
  0x10, 0x20, 0x40, 0x00, 0x00, 0x00, 0x00, 0x00, 0x00, 0x00, 0x40, 0x00,
  0x00, 0x00, 0x00, 0x00, 0x10, 0x20, 0x40, 0x00, 0x00, 0x00, 0x00, 0x08,
  0x10, 0x20, 0x40, 0x00, 0x00, 0x00, 0x00, 0x00, 0x00, 0x20, 0x40, 0x00,
  0x00, 0x00, 0x00, 0x08, 0x10, 0x20, 0x40, 0x00, 0x00, 0x00, 0x00, 0x00,
  0x00, 0x20, 0x40, 0x00, 0x00, 0x00, 0x00, 0x00, 0x00, 0x20, 0x40, 0x00,
  0x00, 0x00, 0x00, 0x00, 0x00, 0x00, 0x40, 0x00, 0x00, 0x00, 0x00, 0x00,
  0x00, 0x20, 0x40, 0x00, 0x00, 0x00, 0x00, 0x00, 0x00, 0x00, 0x40, 0x00,
  0x00, 0x00, 0x00, 0x00, 0x00, 0x00, 0x40, 0x00, 0x00, 0x00, 0x00, 0x00,
  0x00, 0x00, 0x40, 0x00, 0x00, 0x00, 0x00, 0x00, 0x00, 0x00, 0x40, 0x00,
  0x00, 0x00, 0x00, 0x00, 0x00, 0x00, 0x40, 0x00, 0x00, 0x00, 0x00, 0x00,
  0x00, 0x00, 0x40, 0x00, 0x00, 0x02, 0x04, 0x08, 0x10, 0x20, 0x40, 0x00,
  0x00, 0x01, 0x41, 0x00, 0x50, 0x04, 0x45, 0x50, 0x3a, 0x00, 0x00, 0x00,
  0x00, 0x00, 0x00, 0x00, 0x00, 0x04, 0x08, 0x10, 0x20, 0x40, 0x00, 0x00,
  0x0c, 0x02, 0x09, 0x81, 0x00, 0x02, 0x20, 0x01, 0x3b, 0x00, 0x00, 0x00,
  0x40, 0x00, 0x00, 0x00, 0x00, 0x0a, 0x10, 0x20, 0x40, 0x00, 0x00, 0x00,
  0x00, 0x18, 0x20, 0x08, 0x02, 0x61, 0x10, 0x20, 0x3b, 0x00, 0x00, 0x00,
  0x60, 0x00, 0x00, 0x00, 0x00, 0x14, 0x22, 0x40, 0x00, 0x00, 0x00, 0x00,
  0x01, 0x60, 0x40, 0x00, 0x06, 0x07, 0x04, 0x80, 0x3b, 0x00, 0x00, 0x00,
  0x80, 0x00, 0x00, 0x00, 0x00, 0x28, 0x44, 0x02, 0x00, 0x00, 0x00, 0x00,
  0x01, 0x84, 0x11, 0xc0, 0x10, 0x02, 0x02, 0x5a, 0x3b, 0x00, 0x00, 0x00,
  0xa0, 0x00, 0x00, 0x00, 0x00, 0x50, 0x08, 0x04, 0x02, 0x00, 0x00, 0x00,
  0x04, 0x80, 0x04, 0x36, 0x20, 0x04, 0x05, 0x06, 0x3b, 0x00, 0x00, 0x00,
  0xc0, 0x00, 0x00, 0x00, 0x00, 0x20, 0x10, 0x08, 0x04, 0x02, 0x00, 0x00,
  0x08, 0x10, 0x20, 0x02, 0x04, 0x88, 0x18, 0x02, 0x3b, 0x00, 0x00, 0x00,
  0xe0, 0x00, 0x00, 0x00, 0x00, 0x40, 0x20, 0x10, 0x08, 0x04, 0x02, 0x00,
  0x40, 0x20, 0x88, 0x08, 0x48, 0x40, 0x08, 0x00, 0x3a, 0x00, 0x00, 0x00,
  0x00, 0x01, 0x00, 0x00, 0x00, 0x00, 0x02, 0x04, 0x08, 0x10, 0x20, 0x00,
  0x03, 0x01, 0x01, 0x10, 0x0b, 0x60, 0x09, 0x30, 0x3b, 0x00, 0x00, 0x00,
  0x40, 0x01, 0x00, 0x00, 0x00, 0x00, 0x04, 0x08, 0x10, 0x20, 0x40, 0x00,
  0x0a, 0x82, 0x00, 0x02, 0x48, 0x82, 0x00, 0x00, 0x3b, 0x00, 0x00, 0x00,
  0x60, 0x01, 0x00, 0x00, 0x00, 0x00, 0x0a, 0x10, 0x20, 0x40, 0x00, 0x00,
  0x08, 0x00, 0x8b, 0xc0, 0x00, 0x10, 0x10, 0x00, 0x3b, 0x00, 0x00, 0x00,
  0x80, 0x01, 0x00, 0x00, 0x00, 0x00, 0x14, 0x22, 0x40, 0x00, 0x00, 0x00,
  0x00, 0xc1, 0x28, 0x04, 0x0a, 0x48, 0x00, 0x00, 0x3b, 0x00, 0x00, 0x00,
  0xa0, 0x01, 0x00, 0x00, 0x00, 0x00, 0x28, 0x44, 0x02, 0x00, 0x00, 0x00,
  0x00, 0x20, 0x00, 0x10, 0x06, 0x42, 0x94, 0x40, 0x3b, 0x00, 0x00, 0x00,
  0xc0, 0x01, 0x00, 0x00, 0x00, 0x00, 0x50, 0x08, 0x04, 0x02, 0x00, 0x00,
  0x00, 0x00, 0x20, 0x42, 0x0a, 0x0a, 0x00, 0x02, 0x3b, 0x00, 0x00, 0x00,
  0xe0, 0x01, 0x00, 0x00, 0x00, 0x00, 0x20, 0x10, 0x08, 0x04, 0x02, 0x00,
  0x08, 0x28, 0x50, 0x10, 0x42, 0x00, 0x04, 0x40, 0x3b, 0x00, 0x00, 0x00,
  0x00, 0x02, 0x00, 0x00, 0x00, 0x00, 0x40, 0x20, 0x10, 0x08, 0x04, 0x00,
  0x00, 0x90, 0x04, 0x01, 0x24, 0x42, 0x01, 0x00, 0x3b, 0x00, 0x00, 0x00,
  0x20, 0x02, 0x00, 0x00, 0x00, 0x02, 0x00, 0x02, 0x04, 0x08, 0x10, 0x00,
  0x00, 0x88, 0x38, 0x18, 0x08, 0x10, 0x04, 0x00, 0x3b, 0x00, 0x00, 0x00,
  0x40, 0x02, 0x00, 0x00, 0x00, 0x04, 0x00, 0x04, 0x08, 0x10, 0x20, 0x00,
  0x04, 0x03, 0x01, 0x08, 0x02, 0x02, 0x60, 0x00, 0x3b, 0x00, 0x00, 0x00,
  0x60, 0x02, 0x00, 0x00, 0x00, 0x0a, 0x00, 0x0a, 0x10, 0x20, 0x40, 0x00,
  0x08, 0x00, 0x02, 0x08, 0x02, 0x04, 0x04, 0x02, 0x39, 0x00, 0x00, 0x00,
  0x80, 0x02, 0x00, 0x00, 0x00, 0x14, 0x00, 0x14, 0x22, 0x40, 0x00, 0x00,
  0x00, 0xc0, 0x00, 0x82, 0x04, 0x00, 0x18, 0x80, 0x39, 0x00, 0x00, 0x00,
  0x00, 0x03, 0x00, 0x00, 0x00, 0x28, 0x00, 0x28, 0x44, 0x02, 0x00, 0x00,
  0x06, 0x08, 0xa0, 0x00, 0x04, 0x81, 0x0a, 0x09, 0x39, 0x00, 0x00, 0x00,
  0x80, 0x03, 0x00, 0x00, 0x00, 0x50, 0x00, 0x50, 0x08, 0x04, 0x02, 0x00,
  0x02, 0x10, 0x42, 0x10, 0x08, 0x00, 0x03, 0x00, 0x39, 0x00, 0x00, 0x00,
  0x00, 0x04, 0x00, 0x00, 0x00, 0x20, 0x00, 0x20, 0x10, 0x08, 0x04, 0x00,
  0x10, 0x04, 0x04, 0x44, 0x20, 0x00, 0x84, 0x00, 0x3b, 0x00, 0x00, 0x00,
  0x80, 0x04, 0x00, 0x00, 0x00, 0x40, 0x00, 0x40, 0x20, 0x10, 0x08, 0x00,
  0x01, 0x84, 0x02, 0x44, 0x40, 0x00, 0x31, 0x02, 0x3b, 0x00, 0x00, 0x00,
  0xa0, 0x04, 0x00, 0x00, 0x00, 0x04, 0x02, 0x00, 0x02, 0x04, 0x08, 0x00,
  0x00, 0x10, 0x04, 0x10, 0x00, 0x44, 0x10, 0x00, 0x3b, 0x00, 0x00, 0x00,
  0xc0, 0x04, 0x00, 0x00, 0x00, 0x08, 0x04, 0x00, 0x04, 0x08, 0x10, 0x00,
  0x10, 0x32, 0x22, 0x02, 0x80, 0x10, 0x10, 0x00, 0x3b, 0x00, 0x00, 0x00,
  0xe0, 0x04, 0x00, 0x00, 0x00, 0x10, 0x0a, 0x00, 0x0a, 0x10, 0x20, 0x00,
  0x08, 0x04, 0x02, 0x01, 0x00, 0xc8, 0x40, 0xa4, 0x39, 0x00, 0x00, 0x00,
  0x00, 0x05, 0x00, 0x00, 0x00, 0x22, 0x14, 0x00, 0x14, 0x22, 0x40, 0x00,
  0x12, 0x01, 0x82, 0x04, 0x00, 0x08, 0x08, 0x00, 0x37, 0x00, 0x00, 0x00,
  0x80, 0x05, 0x00, 0x00, 0x00, 0x44, 0x28, 0x00, 0x28, 0x44, 0x02, 0x00,
  0x02, 0xa1, 0x80, 0x00, 0x00, 0x04, 0x10, 0x00, 0x37, 0x00, 0x00, 0x00,
  0x80, 0x07, 0x00, 0x00, 0x00, 0x08, 0x50, 0x00, 0x50, 0x08, 0x04, 0x00,
  0x60, 0x20, 0x84, 0x02, 0x40, 0x00, 0x08, 0x80, 0x39, 0x00, 0x00, 0x00,
  0x80, 0x09, 0x00, 0x00, 0x00, 0x10, 0x20, 0x00, 0x20, 0x10, 0x08, 0x00,
  0x00, 0x48, 0x88, 0x80, 0x40, 0x02, 0x86, 0x00, 0x3b, 0x00, 0x00, 0x00,
  0x00, 0x0a, 0x00, 0x00, 0x00, 0x20, 0x40, 0x00, 0x40, 0x20, 0x10, 0x00,
  0x02, 0x48, 0xc0, 0x04, 0x04, 0x11, 0x09, 0x20, 0x3b, 0x00, 0x00, 0x00,
  0x20, 0x0a, 0x00, 0x00, 0x00, 0x08, 0x04, 0x02, 0x00, 0x02, 0x04, 0x00,
  0x40, 0x10, 0x42, 0x82, 0x08, 0x26, 0x04, 0x20, 0x3b, 0x00, 0x00, 0x00,
  0x40, 0x0a, 0x00, 0x00, 0x00, 0x10, 0x08, 0x04, 0x00, 0x04, 0x08, 0x00,
  0x00, 0x0d, 0x04, 0x00, 0x20, 0x04, 0x04, 0x80, 0x3b, 0x00, 0x00, 0x00,
  0x60, 0x0a, 0x00, 0x00, 0x00, 0x20, 0x10, 0x0a, 0x00, 0x0a, 0x10, 0x00,
  0x00, 0x08, 0x32, 0x02, 0x24, 0x00, 0x02, 0x00, 0x39, 0x00, 0x00, 0x00,
  0x80, 0x0a, 0x00, 0x00, 0x00, 0x40, 0x22, 0x14, 0x00, 0x14, 0x22, 0x00,
  0x40, 0x00, 0x04, 0x40, 0x01, 0x01, 0x22, 0x82, 0x37, 0x00, 0x00, 0x00,
  0x00, 0x0b, 0x00, 0x00, 0x00, 0x02, 0x44, 0x28, 0x00, 0x28, 0x44, 0x00,
  0x10, 0x10, 0x20, 0x00, 0x04, 0x0a, 0x88, 0x12, 0x37, 0x00, 0x00, 0x00,
  0x00, 0x0d, 0x00, 0x00, 0x00, 0x04, 0x08, 0x50, 0x00, 0x50, 0x08, 0x00,
  0x48, 0x80, 0x42, 0x40, 0x01, 0x10, 0x10, 0x00, 0x39, 0x00, 0x00, 0x00,
  0x00, 0x0f, 0x00, 0x00, 0x00, 0x08, 0x10, 0x20, 0x00, 0x20, 0x10, 0x00,
  0x40, 0xc1, 0x06, 0x01, 0x11, 0x48, 0x18, 0x00, 0x3b, 0x00, 0x00, 0x00,
  0x80, 0x0f, 0x00, 0x00, 0x00, 0x10, 0x20, 0x40, 0x00, 0x40, 0x20, 0x00,
  0x82, 0x20, 0x00, 0x82, 0x14, 0x02, 0x08, 0x00, 0x3b, 0x00, 0x00, 0x00,
  0xa0, 0x0f, 0x00, 0x00, 0x00, 0x10, 0x08, 0x04, 0x02, 0x00, 0x02, 0x00,
  0x00, 0xa0, 0x42, 0x08, 0x08, 0x90, 0x00, 0x10, 0x3b, 0x00, 0x00, 0x00,
  0xc0, 0x0f, 0x00, 0x00, 0x00, 0x20, 0x10, 0x08, 0x04, 0x00, 0x04, 0x00,
  0x20, 0x60, 0x00, 0x22, 0x02, 0x0c, 0x05, 0x00, 0x3b, 0x00, 0x00, 0x00,
  0xe0, 0x0f, 0x00, 0x00, 0x00, 0x40, 0x20, 0x10, 0x0a, 0x00, 0x0a, 0x00,
  0x20, 0x88, 0x02, 0x01, 0x22, 0x00, 0x02, 0x00, 0x39, 0x00, 0x00, 0x00,
  0x00, 0x10, 0x00, 0x00, 0x00, 0x00, 0x40, 0x22, 0x14, 0x00, 0x14, 0x00,
  0x00, 0x08, 0x02, 0x24, 0x21, 0x20, 0x80, 0x02, 0x39, 0x00, 0x00, 0x00,
  0x80, 0x10, 0x00, 0x00, 0x00, 0x00, 0x02, 0x44, 0x28, 0x00, 0x28, 0x00,
  0x00, 0x12, 0x01, 0x09, 0x01, 0x40, 0x02, 0x24, 0x39, 0x00, 0x00, 0x00,
  0x00, 0x11, 0x00, 0x00, 0x00, 0x02, 0x04, 0x08, 0x50, 0x00, 0x50, 0x00,
  0x40, 0x08, 0x00, 0x02, 0x08, 0x0a, 0x81, 0x01, 0x39, 0x00, 0x00, 0x00,
  0x80, 0x11, 0x00, 0x00, 0x00, 0x04, 0x08, 0x10, 0x20, 0x00, 0x20, 0x00,
  0x00, 0x04, 0x00, 0x09, 0x44, 0x0a, 0x42, 0x00, 0x3b, 0x00, 0x00, 0x00,
  0x00, 0x12, 0x00, 0x00, 0x00, 0x08, 0x10, 0x20, 0x40, 0x00, 0x40, 0x00,
  0x00, 0x01, 0x83, 0x80, 0x08, 0x08, 0x21, 0x08, 0x3b, 0x00, 0x00, 0x00,
  0x20, 0x12, 0x00, 0x00, 0x00, 0x20, 0x10, 0x08, 0x04, 0x02, 0x00, 0x00,
  0x80, 0x00, 0x40, 0x08, 0x01, 0x01, 0x22, 0x41, 0x3b, 0x00, 0x00, 0x00,
  0x40, 0x12, 0x00, 0x00, 0x00, 0x40, 0x20, 0x10, 0x08, 0x04, 0x00, 0x00,
  0x10, 0x09, 0x88, 0x02, 0x48, 0x02, 0x81, 0xa5, 0x3b, 0x00, 0x00, 0x00,
  0x60, 0x12, 0x00, 0x00, 0x00, 0x00, 0x40, 0x20, 0x10, 0x0a, 0x00, 0x00,
  0x82, 0x00, 0x21, 0x82, 0x04, 0x0e, 0x00, 0x00, 0x3b, 0x00, 0x00, 0x00,
  0x80, 0x12, 0x00, 0x00, 0x00, 0x00, 0x00, 0x40, 0x22, 0x14, 0x00, 0x00,
  0x01, 0x01, 0x06, 0x42, 0x00, 0x40, 0x80, 0x00, 0x3b, 0x00, 0x00, 0x00,
  0xa0, 0x12, 0x00, 0x00, 0x00, 0x00, 0x00, 0x02, 0x44, 0x28, 0x00, 0x00,
  0x02, 0x00, 0x0a, 0x82, 0x10, 0x00, 0x01, 0x01, 0x3b, 0x00, 0x00, 0x00,
  0xc0, 0x12, 0x00, 0x00, 0x00, 0x00, 0x02, 0x04, 0x08, 0x50, 0x00, 0x00,
  0x24, 0x00, 0x02, 0x01, 0x04, 0x20, 0xc0, 0x00, 0x3b, 0x00, 0x00, 0x00,
  0xe0, 0x12, 0x00, 0x00, 0x00, 0x02, 0x04, 0x08, 0x10, 0x20, 0x00, 0x00,
  0x00, 0x23, 0x04, 0x1d, 0x0c, 0x0e, 0x20, 0x00, 0x3b, 0x00, 0x00, 0x00,
  0x00, 0x13, 0x00, 0x00, 0x00, 0x04, 0x08, 0x10, 0x20, 0x40, 0x00, 0x00,
  0x00, 0x08, 0x01, 0xa1, 0x32, 0x10, 0x54, 0x00, 0x3b, 0x00, 0x00, 0x00,
  0x20, 0x13, 0x00, 0x00, 0x00, 0x40, 0x20, 0x10, 0x08, 0x04, 0x02, 0x00,
  0x15, 0x20, 0x20, 0x13, 0x01, 0x11, 0x00, 0x08, 0x3a, 0x00, 0x00, 0x00,
  0x40, 0x13, 0x00, 0x00, 0x00, 0x00, 0x40, 0x20, 0x10, 0x08, 0x04, 0x00,
  0x80, 0x10, 0x82, 0x00, 0x01, 0x02, 0x89, 0x08, 0x3b, 0x00, 0x00, 0x00,
  0x80, 0x13, 0x00, 0x00, 0x00, 0x00, 0x00, 0x40, 0x20, 0x10, 0x0a, 0x00,
  0x08, 0x10, 0x84, 0x20, 0x05, 0x01, 0x00, 0x80, 0x3b, 0x00, 0x00, 0x00,
  0xa0, 0x13, 0x00, 0x00, 0x00, 0x00, 0x00, 0x00, 0x40, 0x22, 0x14, 0x00,
  0x00, 0x88, 0x20, 0x00, 0x68, 0x20, 0x10, 0x10, 0x3b, 0x00, 0x00, 0x00,
  0xc0, 0x13, 0x00, 0x00, 0x00, 0x00, 0x00, 0x00, 0x02, 0x44, 0x28, 0x00,
  0x00, 0x04, 0x25, 0x05, 0x00, 0x20, 0x00, 0x00, 0x3b, 0x00, 0x00, 0x00,
  0xe0, 0x13, 0x00, 0x00, 0x00, 0x00, 0x00, 0x02, 0x04, 0x08, 0x50, 0x00,
  0x02, 0x01, 0x01, 0xa0, 0x10, 0x00, 0x10, 0x00, 0x3b, 0x00, 0x00, 0x00,
  0x00, 0x14, 0x00, 0x00, 0x00, 0x00, 0x02, 0x04, 0x08, 0x10, 0x20, 0x00,
  0x42, 0x04, 0x04, 0x42, 0x08, 0x40, 0x41, 0x0a, 0x3b, 0x00, 0x00, 0x00,
  0x20, 0x14, 0x00, 0x00, 0x00, 0x02, 0x04, 0x08, 0x10, 0x20, 0x40, 0x00,
  0x80, 0x80, 0x00, 0x88, 0x11, 0x10, 0x04, 0x80, 0x3a, 0x00, 0x00, 0x00,
  0x40, 0x14, 0x00, 0x00
};
unsigned int resources_bishops_bin_len = 43528;
